band_or_recapture,band_number,sex,colour,wing_chord,wing_flat,tail,p_9,weight,date,nest_box,age_code,year
R,1831.38581,F,BLU,116,119,58,89,22,2010-06-01,PT4G,ASY,2010
R,1881.0652,F,BLU,115,119,54,90,19.6,2010-06-01,PT2F,ASY,2010
R,2171.2001,F,BLU,112,114,55,88,21.5,2010-06-01,PT15G,ASY,2010
R,1881.06441,M,BLU,123,124,60,96,21.1,2010-06-01,PT4G,AHY,2010
B,2351.39701,M,BLU,118,119,58,92,22.1,2010-06-01,PT15G,AHY,2010
R,1881.04234,M,BLU,123,125,56,97,20.5,2010-06-01,PT2F,AHY,2010
B,2351.39702,F,BLU,110,112,55,89,20,2012-06-01,PT1J,ASY,2010
R,2321.08252,F,BLU,111,113,52,87,21.6,2012-06-01,PT4J,ASY,2010
B,2351.39702,F,INT,112,114,55,90,19.8,2012-06-01,PT8K,AHY,2010
B,2351.39704,M,BLU,117,118,54,92,20.5,2012-06-01,PT1J,AHY,2010
R,2311.93646,M,BLU,122,123,58,95,22.5,2012-06-01,PT4J,AHY,2010
R,1771.43727,F,BLU,111,114,53,87,20.2,2012-06-01,PT11I,ASY,2010
R,2311.93613,F,BRO,115,117,54,91,20.2,2012-06-01,PT10G,AHY,2010
R,1831.3848,F,BLU,113,115,54,89,19.8,2012-06-01,PT4F,ASY,2010
R,1831.38564,F,BLU,110,113,52,88,20,2012-06-01,PT16H,ASY,2010
R,1881.06489,M,BLU,124,126,61,96,21,2012-06-01,PT4F,AHY,2010
R,2171.20014,M,BLU,118,120,55,93,20.3,2012-06-01,PT16H,AHY,2010
R,2171.20038,M,BLU,119,121,55,94,21.2,2012-06-01,PT10G,AHY,2010
R,2311.93292,F,INT,116,119,57,93,20.4,2012-06-01,PT13G,AHY,2010
R,2311.9366,F,BLU,116,117,53,90,21.3,2012-06-01,PT13H,ASY,2010
R,2311.9362,M,BLU,117,118,54,91,20,2012-06-01,PT13G,AHY,2010
R,2171.20052,F,BLU,115,116,52,88,18.5,2013-06-01,PT3J,AHY,2010
R,2171.2006,F,BLU,114,116,46,86,20.5,2013-06-01,PT9J,AHY,2010
R,2351.39705,F,BLU,117,118,44,93,21.5,2013-06-01,PT5J,AHY,2010
R,1881.06449,F,BLU,118,119,46,90,23,2013-06-01,PT6J,AHY,2010
R,1831.38421,F,BLU,121,122,52,93,21.25,2013-06-01,PT11K,AHY,2010
R,1881.06429,M,BLU,125,126,48,95,22.75,2013-06-01,PT11K,AHY,2010
R,1831.39074,M,BLU,124,125,48,98,21.75,2013-06-01,PT6J,AHY,2010
R,2311.9366,F,BLU,115,118,53,89,20.5,2015-06-01,PT13H,ASY,2010
R,1831.3852,F,BLU,114,115,53,90,23.5,2015-06-01,PT12H,ASY,2010
R,2351.37003,M,BLU,120,121,55,91,20,2015-06-01,PT15H,AHY,2010
B,2351.39707,F,BLU,111,112,54,88,18.5,2015-06-01,PT10I,ASY,2010
R,2351.37014,F,BLU,111,113,55,89,20,2015-06-01,PT12J,ASY,2010
R,2171.20075,F,BLU,116,118,55,93,19.4,2015-06-01,PT13J,ASY,2010
B,2351.39709,F,BLU,118,120,55,93,22,2015-06-01,PT11H,AHY,2010
R,2171.20058,M,BLU,115,116,54,95,19.8,2015-06-01,PT13H,AHY,2010
B,2351.3971,M,BLU,120,121,55,94,21.25,2015-06-01,PT16J,AHY,2010
R,1671.49929,M,BLU,116,117,55,89,20,2015-06-01,PT16I,AHY,2010
R,2181.78261,M,BLU,129,130,45,98,22,2015-06-01,PT13J,AHY,2010
R,2351.37106,M,BLU,123,124,50,96,20.5,2015-06-01,PT10I,AHY,2010
R,1881.06321,F,BLU,116,117,44,95,19.75,2015-06-01,PT16J,ASY,2010
R,1881.06238,M,BLU,129,130,51,102,22.5,2015-06-01,PT12J,AHY,2010
R,2171.20068,F,BLU,117,117,46,91,18.75,2015-06-01,PT14J,ASY,2010
R,1671.51227,F,BLU,120,121,47,92,22.5,2015-06-01,PT16I,ASY,2010
R,1771.43059,M,BLU,124,125,47,99,21,2015-06-01,PT12H,AHY,2010
R,2351.37008,F,BLU,116,118,58,91,21,2017-06-01,PT9G,ASY,2010
B,2351.39712,M,BLU,119,120,56,97,23.2,2017-06-01,PT7G,AHY,2010
R,2311.93761,M,BLU,116,118,56,89,20.5,2017-06-01,PT1I,AHY,2010
R,2351.37015,F,BLU,118,120,58,95,19.5,2017-06-01,PT9K,ASY,2010
R,2171.20065,F,BLU,112,112,55,86,19.75,2017-06-01,PT7G,ASY,2010
R,2351.37011,F,BLU,114,116,53,89,18.75,2017-06-01,PT7K,ASY,2010
B,2351.39713,M,BLU,121,122,58,97,21,2017-06-01,PT9J,AHY,2010
R,1771.43242,M,BLU,118,119,57,95,18,2017-06-01,PT7F,AHY,2010
R,1881.06307,F,BLU,112,115,56,89,20.75,2017-06-01,PT7F,ASY,2010
R,2351.37007,M,BLU,119,120,56,92,21,2017-06-01,PT9G,AHY,2010
R,2171.20008,M,BLU,121,123,57,95,21.5,2017-06-01,PT8K,AHY,2010
R,1771.43207,M,BLU,112,114,53,88,22,2017-06-01,PT9F,AHY,2010
B,2351.39714,M,BLU,117,120,60,93,20,2017-06-01,PT9K,AHY,2010
B,2351.39715,F,BLU,110,112,54,86,22.5,2017-06-01,PT14H,ASY,2010
R,1771.40297,F,BLU,120,121,52,95,19.7,2017-06-01,PT9F,ASY,2010
R,2171.20008,M,BLU,124,125,56,97,20.8,2017-06-01,PT7K,AHY,2010
R,2171.20004,M,BLU,120,121,55,94,18.9,2017-06-01,PT3J,AHY,2010
R,1831.38403,M,BLU,125,127,58,98,21,2017-06-01,PT14H,AHY,2010
R,2171.20051,M,BLU,120,121,55,95,20.3,2017-06-01,PT14J,AHY,2010
R,2351.37019,M,BLU,119,120,56,93,21,2017-06-01,PT11H,AHY,2010
R,1831.38462,F,BLU,113,115,53,88,20.4,2017-06-01,PT17G,ASY,2010
R,1881.06436,F,BLU,115,116,56,90,21,2017-06-01,PT11G,ASY,2010
R,2351.39716,F,BLU,114,115,52,88,18.9,2017-06-01,PT18E,ASY,2010
R,2351.37022,F,BLU,114,115,55,86,20.8,2017-06-01,PT17D,ASY,2010
R,1671.51366,F,BLU,118,119,53,93,23.8,2017-06-01,PT19F,ASY,2010
R,2351.37025,M,BLU,119,120,54,93,20.2,2017-06-01,PT17D,AHY,2010
R,2311.93711,F,BLU,100,102,55,92,19,2017-06-01,PT3F,ASY,2010
R,2351.37231,M,BLU,116,118,56,93,19.5,2017-06-01,PT15F,AHY,2010
R,2351.37012,F,BLU,114,116,58,91,21.5,2017-06-01,PT18F,ASY,2010
R,2171.20024,M,BLU,117,119,58,93,21.5,2017-06-01,PT18E,AHY,2010
R,1881.0654,M,BLU,123,125,54,99,21.5,2018-06-01,PT4I,AHY,2010
B,2351.39717,F,BLU,117,118,55,92,21.5,2018-06-01,PT41,ASY,2010
R,1831.38571,F,BLU,116,120,56,93,22.6,2018-06-01,PT14G,ASY,2010
R,2351.37108,F,BRO,114,115,53,88,19.8,2018-06-01,PT15F,AHY,2010
R,2311.93693,F,BLU,115,116,55,91,20.6,2018-06-01,PT7J,ASY,2010
R,2171.20022,M,BLU,114,116,55,90,21.5,2018-06-01,PT14G,AHY,2010
R,2171.20032,M,BLU,119,120,56,93,21.5,2018-06-01,PT19F,AHY,2010
B,2351.39718,F,BLU,110,112,56,92,19.5,2018-06-01,PT11I,AHY,2010
R,1771.43727,F,BLU,112,113,54,86,18.5,2018-06-01,PT11I,ASY,2010
R,1881.06295,M,BLU,119,121,57,90,21,2018-06-01,PT11G,AHY,2010
R,2181.78083,M,BLU,121,123,58,94,22.25,2018-06-01,PT07J,AHY,2010
R,2311.93818,M,BLU,120,123,57,98,19,2019-06-01,PT17G,AHY,2010
R,2171.20012,M,BLU,117,120,55,93,18.5,2019-06-01,PT19E,AHY,2010
R,2311.9375,F,BLU,115,119,58,91,19.75,2020-06-01,PT12I,AHY,2010
R,1771.4326,F,BLU,115,119,56,93,21.5,2020-06-01,PT12G,ASY,2010
R,2351.37018,M,BLU,117,119,56,92,21.25,2020-06-01,PT14I,AHY,2010
R,2311.93868,M,BLU,116,118,54,93,21,2020-06-01,PT15I,AHY,2010
R,2171.20076,F,BLU,110,112,55,86,19.75,2020-06-01,PT11J,ASY,2010
R,2351.37013,F,BLU,115,116,56,91,22.25,2021-06-01,PT18G,AHY,2010
R,2311.93644,F,BLU,112,115,54,90,22,2021-06-01,PT14I,AHY,2010
R,2311.93708,M,BLU,115,117,55,96,20,2021-06-01,PT18G,AHY,2010
R,2351.37245,F,BLU,110,111,52,89,19.5,2024-06-01,PT10J,AHY,2010
R,2311.9364,F,BLU,112,114,53,87,20,2024-06-01,PT10K,ASY,2010
R,2181.7829,F,BLU,117,119,56,95,19.5,2024-06-01,PT2J,ASY,2010
B,2351.39867,M,BLU,116,118,59,94,21,2024-06-01,PT10K,AHY,2010
R,1831.388,F,BLU,115,117,55,90,21.8,2010-06-06,SL54,ASY,2010
B,2351.37428,M,BLU,115,116,52,89,20.5,2010-06-06,SL54,AHY,2010
R,1881.06959,F,BLU,116,118,54,92,20.2,2010-06-06,SL39,ASY,2010
R,2221.31611,M,BLU,119,121,57,94,21,2010-06-06,SL39,AHY,2010
R,2311.93486,F,BLU,120,121.5,60,96,19.7,2010-06-06,SL61,ASY,2010
B,2351.37429,M,BLU,120,122,55,94,21.5,2010-06-06,SL61,AHY,2010
R,1921.85074,F,BLU,114,117,54,91,20,2010-06-06,SL72,ASY,2010
R,1771.41084,F,BLU,116,118,54,91,19.5,2010-06-06,SL76,ASY,2010
B,2351.3743,F,BLU,115,117,56,91,20.6,2010-06-06,SL8,ASY,2010
R,1881.06033,M,BLU,115,117,56,95,21.5,2010-06-06,SL76,AHY,2010
B,2351.37431,M,BLU,116,118,55,92,19.5,2010-06-06,SL72,AHY,2010
B,2351.37432,M,BLU,117,118,55,90,21,2010-06-06,SL63,AHY,2010
B,2351.37082,F,BLU,112,113,52,88,20.9,2010-06-07,MC55,ASY,2010
R,2311.93472,F,BLU,112,114,53,89,20,2010-06-07,MC40,ASY,2010
R,1771.43417,M,BLU,119,121,54,97,21.8,2010-06-07,MC55,AHY,2010
B,2351.37083,F,BLU,112,114,55,90,21,2010-06-07,MC75,ASY,2010
B,2351.37084,F,BLU,115,116,54,92,21,2010-06-07,MC34,ASY,2010
B,2351.37085,M,BLU,115,117,53,91,20.8,2010-06-07,MC34,AHY,2010
R,2321.0519,F,BLU,112,114,53,91,21.8,2010-06-07,MC30,ASY,2010
R,2221.31901,M,BLU,112,114,51,89,21,2010-06-07,MC40,AHY,2010
R,2221.31612,F,BLU,114.5,116,52,92,19.5,2010-06-07,SL21,ASY,2010
R,1771.42257,M,BLU,119,122,57,96,20.5,2010-06-07,SL26,AHY,2010
R,2221.310605,M,BLU,119.5,112.5,57,96,21.5,2010-06-07,SL21,AHY,2010
R,1881.06779,F,BLU,111,114,56,88,20,2010-06-07,SL29,ASY,2010
R,1651.06246,M,BLU,121,122,53,96,21.5,2010-06-07,SL29,AHY,2010
R,2311.93872,F,BLU,117,119,54,93,19.73,2010-06-08,SL13,ASY,2010
B,2351.37433,M,BLU,113.5,115.5,50,93,19,2010-06-08,SL12,AHY,2010
R,2221.31605,F,BLU,111,114,52,91,20,2010-06-08,SL10,ASY,2010
R,2221.31738,M,BLU,115,117,60,94,20,2010-06-08,SL10,AHY,2010
B,2351.37434,F,BRO,109,110.5,52,88,18,2010-06-08,SL9,AHY,2010
B,2351.37435,M,BLU,120.5,122.5,55,96,21,2010-06-08,SL8,AHY,2010
R,1881.06924,M,BLU,120.5,123,54,99,21.5,2010-06-08,SL13,AHY,2010
R,1881.06986,F,BLU,108,109,50,83,20.29,2010-06-08,SL42,ASY,2010
B,2351.37436,M,BLU,116,118,53,91,20.3,2010-06-08,SL9,AHY,2010
R,2311.93049,M,BLU,115,118,56,97,18.6,2010-06-08,SL80,AHY,2010
R,2311.93288,F,BLU,115.5,116,53,90,21.35,2010-06-08,SL80,ASY,2010
R,1881.06779,F,BLU,109.5,110.5,53,88,19.74,2010-06-08,SL29,ASY,2010
R,2181.58453,F,BLU,110.5,112,55,89,20.53,2010-06-08,SL77,ASY,2010
B,2351.37437,F,BLU,109,111,52,87,20.5,2010-06-08,SL44,ASY,2010
R,1651.06246,M,BLU,120,122,56,96,22.46,2010-06-08,SL29,AHY,2010
B,2351.37438,F,BRO,110.5,113,50,91,21,2010-06-08,SL65,AHY,2010
R,1881.06793,M,BLU,111.5,112.5,55,88,19.57,2010-06-08,SL77,AHY,2010
B,2351.37086,F,BLU,113,115,55,90,21.4,2010-06-10,MC19,ASY,2010
R,1771.412,F,BLU,112,114,46,92,21.79,2010-06-10,MC33,ASY,2010
R,2311.93234,F,BLU,112,114.5,56.5,90,19.1,2010-06-10,MC39,ASY,2010
B,2351.37087,M,BLU,110,115,52,88,20.5,2010-06-10,MC19,AHY,2010
R,1381.3866,M,BLU,120,122,55,99,21.8,2010-06-10,MC39,AHY,2010
R,1771.42069,F,BLU,112,113,59,89,21.1,2010-06-10,MC66,ASY,2010
R,2311.93468,F,BLU,111,112,54,90,18.5,2010-06-10,MC4,ASY,2010
R,1881.06389,F,BLU,112.5,115,53,89,21.32,2010-06-10,MC46,ASY,2010
R,2311.93467,F,BLU,113,115,53,95,18.5,2010-06-10,MC57,ASY,2010
R,1881.06333,M,BLU,115,116,56,92,20.72,2010-06-10,MC54,AHY,2010
R,2311.93492,F,BLU,106,108,51,87,19.2,2010-06-10,MC43,ASY,2010
R,2221.31954,F,INT,113,116,56,92,20.2,2010-06-10,MC74,ASY,2010
R,1881.06107,M,BLU,118,120.5,56,96,21.2,2010-06-10,MC66,AHY,2010
R,1881.06368,F,BLU,112,116,55,88,18.66,2010-06-10,MC54,ASY,2010
R,2311.93482,F,BLU,108,110,59,85,19.5,2010-06-10,MC16,ASY,2010
R,2221.31954,F,BLU,115,116,53,88,20.3,2010-06-10,MC74,ASY,2010
R,1881.06387,M,BLU,121,123,57,97,20.2,2010-06-10,MC43,AHY,2010
B,2351.37088,F,BLU,109,110,51,87,18.6,2010-06-10,MC8,ASY,2010
R,1831.38676,F,BLU,114,116,52,91,20.56,2010-06-10,MC21,ASY,2010
B,2351.37089,M,BLU,120,122,56,98,20.9,2010-06-10,MC68,AHY,2010
R,2221.31743,M,BLU,121,122,52,96,19.54,2010-06-10,MC4,AHY,2010
R,2221.31802,M,BLU,119,122,59,96,18.9,2010-06-10,MC57,AHY,2010
R,2311.9347,M,BLU,120,122,52,97,20.9,2010-06-10,MC21,AHY,2010
R,2221.31845,M,BLU,117,119,49,94,21.5,2010-06-10,MC74,AHY,2010
B,2351.3709,F,BLU,113.5,116,55,95,20.1,2010-06-10,MC31,ASY,2010
B,2351.37091,M,BLU,123,126,57,91,20.4,2010-06-10,MC30,ASY,2010
R,1881.06392,M,BLU,121,122,58,98,22.1,2010-06-10,MC46,ASY,2010
B,2351.37439,F,INT,116,118,55,92,18.9,2010-06-11,SL71,AHY,2010
R,1881.06942,M,BLU,111,113,51,93,22.08,2010-06-11,SL14,AHY,2010
R,2351.37419,F,INT,107,110,52,88,18.3,2010-06-11,SL18,AHY,2010
B,2351.3744,F,INT,112,115,59,94,19.5,2010-06-11,SL14,ASY,2010
R,1881.06034,F,BLU,114,116,55,92,19.7,2010-06-11,SL19,ASY,2010
B,2351.37441,F,BLU,114,116,59,92,21,2010-06-11,SL17,ASY,2010
B,2351.37442,M,BLU,116,119,57,96,20.2,2010-06-11,SL20,AHY,2010
R,2171.20098,F,BLU,118,120,56,94,22,2010-06-11,SL23,ASY,2010
B,2351.37443,M,BLU,122,125,69,99,21,2010-06-11,SL71,AHY,2010
R,1881.06936,M,BLU,120,123.5,56.5,96,21.7,2010-06-11,SL17,AHY,2010
R,1881.06966,M,BLU,118,120,54,94,21.5,2010-06-11,SL19,AHY,2010
B,2351.37444,M,BLU,113,115,55,93,18.9,2010-06-11,SL23,AHY,2010
B,2351.37445,F,INT,114,115.5,54,90,20,2010-06-11,SL33,AHY,2010
R,1771.42382,F,BLU,114,115,56,90,21.6,2010-06-11,SL6,ASY,2010
R,1881.0692,M,BLU,119,121,53,95,21.5,2010-06-11,SL33,AHY,2010
B,2351.37446,F,BLU,113,115,53,90,20.3,2010-06-11,SL27,ASY,2010
R,1771.42388,F,BLU,110,112,51,89,18,2010-06-11,SL60,ASY,2010
R,1771.43976,F,BLU,115,118,59,97,20,2010-06-11,SL52,ASY,2010
R,2311.93972,F,BLU,115,118,54,92,19.7,2010-06-11,SL51,ASY,2010
R,2351.37427,F,BLU,113,116,52,90,19.4,2010-06-11,SL53,ASY,2010
R,1881.06071,F,BLU,112,114,53,89,20,2010-06-11,SL43,ASY,2010
B,2351.37447,M,BLU,114,116,52,89,19,2010-06-11,SL53,AHY,2010
R,1831.38631,M,BLU,119,123,59,96,20.5,2010-06-11,SL27,AHY,2010
B,2351.37448,M,BLU,114,118,54,89,20.5,2010-06-11,SL60,AHY,2010
R,2171.20083,F,BLU,111,114,51,92,20.5,2010-06-11,SL59,ASY,2010
R,2311.93485,M,BLU,122,125,59,97,21.4,2010-06-11,SL52,AHY,2010
B,2351.37449,F,BLU,110,114,54,91,22.5,2010-06-11,SL30,ASY,2010
R,1881.06971,M,BLU,115,116,53,91,19.5,2010-06-11,SL51,AHY,2010
R,1771.43886,F,BLU,118,121,57,96,21.4,2010-06-11,SL11,ASY,2010
R,2221.31619,M,BLU,122,124,61,98,20,2010-06-11,SL30,AHY,2010
B,2351.3545,M,BLU,114,115,51,89,20,2010-06-11,SL11,AHY,2010
R,2171.20092,F,BLU,112,115,61,89,21.8,2010-06-12,SL57,ASY,2010
B,2351.37451,M,BLU,122,125,62,99,21.5,2010-06-12,SL57,AHY,2010
B,2351.37452,F,BLU,111,113,55,89,21,2010-06-12,SL58,ASY,2010
B,2351.37453,F,BLU,112,114,58,89,19.2,2010-06-12,SL7,ASY,2010
R,2311.93958,F,BLU,113,115,54,89,19.7,2010-06-12,SL5,ASY,2010
R,2221.31804,F,BLU,114,115,52,90,18.8,2010-06-12,SL3,ASY,2010
R,2351.37503,F,BLU,114,115,53,86,19.8,2010-06-12,SL46,AHY,2010
R,2171.20091,M,BLU,123,124,55,98,20.1,2010-06-12,SL58,AHY,2010
R,2351.37502,F,BLU,114,115,54,91,18.4,2010-06-12,SL68,ASY,2010
B,2351.37454,M,BLU,119,120,57,95,21.4,2010-06-12,SL68,AHY,2010
B,2351.37455,M,BLU,115,116,55,96,21.3,2010-06-12,SL3,AHY,2010
B,2351.37456,M,BLU,115,117,55,94,21.3,2010-06-12,SL5,AHY,2010
R,2311.9387,F,BLU,115,118,61,93,21.7,2010-06-12,SL55,ASY,2010
B,2351.37457,M,BLU,117,120,56,92,20.6,2010-06-12,SL55,AHY,2010
R,1881.06089,F,BLU,113,114,54,89,20.4,2010-06-12,SL2,ASY,2010
B,2351.37458,M,BLU,125,127,64,100,20.4,2010-06-12,SL4,AHY,2010
B,2351.37459,M,BLU,119,121,57,95,20.9,2010-06-12,SL44,AHY,2010
R,2351.37565,M,BLU,116,119,56,90,21,2010-06-12,SL65,AHY,2010
R,1881.06953,F,BLU,118,120,60,92,20.5,2010-06-12,SL4,ASY,2010
R,1771.42264,F,BLU,115,116,54,89,20,2010-06-12,SL67,ASY,2010
R,2351.37406,M,BLU,115,118,62,94,19.3,2010-06-12,SL2,AHY,2010
R,2171.20084,M,BLU,116,119,56,92,20.4,2010-06-12,SL7,AHY,2010
B,2351.3746,M,BLU,116,118,59,95,19.5,2010-06-12,SL46,AHY,2010
R,2221.31604,M,BLU,123,124,57,98,21.5,2010-06-12,SL67,AHY,2010
R,2351.3787,F,INT,109.5,112,51,88,20.8,2010-06-12,MC53,AHY,2010
R,2311.93108,M,BLU,117,120,58,96,20,2010-06-12,MC53,AHY,2010
B,2351.37092,F,BLU,113,115.5,56,90,20.5,2010-06-12,MC45,ASY,2010
B,2351.37093,M,BLU,114,115,54,91,20.5,2010-06-12,MC45,AHY,2010
B,2351.37094,F,BLU,115,117,55,92,20.8,2010-06-12,MC13,ASY,2010
B,2351.37095,F,BLU,115,117,55,96,21,2010-06-12,MC12,ASY,2010
R,2351.37306,F,BLU,115,116,56,91,21.5,2010-06-12,MC70,ASY,2010
R,2221.3194,F,BLU,110,113,54,90,20,2010-06-12,MC37,ASY,2010
R,2351.37691,M,BLU,116,118.5,54,95,19.8,2010-06-12,MC36,AHY,2010
B,2351.37097,F,BLU,110,111,51,88,19,2010-06-12,MC68,ASY,2010
R,2311.93336,M,BLU,114,116,56,93,21.5,2010-06-12,MC70,AHY,2010
R,2311.93479,M,BLU,120,122,56,97,20.5,2010-06-12,MC13,AHY,2010
R,2351.37846,F,BRW,110,111.5,49,89,20.3,2010-06-12,MC11,AHY,2010
R,2311.93478,F,BLU,118,121,57,92,20.25,2010-06-12,MC62,ASY,2010
R,1881.0684,M,BLU,112,114.5,54,92,21,2010-06-12,MC11,AHY,2010
R,1831.3864,M,BLU,115,118.5,54,93,20.8,2010-06-12,MC6,AHY,2010
R,2351.37245,F,BLU,110,111,52,89,19.5,2010-06-24,"NANA",AHY,2010
B,2401.78048,M,BLU,122,124,58,94,21.51,2011-06-12,PT12J,AHY,2011
B,2410.78049,F,INT,113,116,56,89,20.81,2011-06-12,PT12J,AHY,2011
R,1881.06427,F,BLU,110,112,54,83,21.88,2011-06-12,PT7K,ASY,2011
R,1831.38508,F,BLU,111,113,56,85,20.58,2011-06-13,PT1J,ASY,2011
B,2401.7805,F,BLU,115,117,57,94,21.51,2011-06-13,PT11J,ASY,2011
R,2351.37245,F,BLU,115,117,53,91,21.01,2011-06-13,PT10I,ASY,2011
B,2401.78051,M,BLU,117,120,54,93,20.09,2011-06-13,PT11J,AHY,2011
B,2401.78052,F,INT,110,112,52,85,19.54,2011-06-13,PT11K,AHY,2011
R,2351.37008,F,BLU,117,119,55,94,23.62,2011-06-13,PT9G,ASY,2011
B,2401.78053,M,BLU,119,121,54,93,21.92,2011-06-13,PT9H,AHY,2011
R,1881.06429,M,BLU,118,120,56,92,22.48,2011-06-13,PT11K,AHY,2011
R,2311.93613,F,INT,116,118,54,91,19.88,2011-06-13,PT9H,AHY,2011
B,2351.37003,F,BLU,116,118,56,91,23.46,2011-06-13,PT15H,ASY,2011
R,2351.37003,M,BLU,118,120,56,92,20.99,2011-06-13,PT15H,AHY,2011
R,2311.93818,M,BLU,121,123,60,96,21.19,2011-06-13,PT17G,AHY,2011
B,2401.78056,F,BLU,110,112,52,86,22.09,2011-06-13,PT5G,ASY,2011
R,2351.39766,M,BLU,115,117,56,90,20.37,2011-06-13,PT5G,AHY,2011
B,2401.78057,F,BLU,113,115,54,90,20.49,2011-06-13,PT19F,ASY,2011
R,2311.93804,M,BLU,122,125,57,96,22.4,2011-06-13,PT19F,AHY,2011
R,2171.20075,F,BLU,116,118,56,91,21.6,2011-06-14,PT3J,ASY,2011
R,2171.20008,M,BLU,121,123,57,97,21.84,2011-06-14,PT7K,AHY,2011
B,2401.78058,F,INT,116,118,59,92,20.92,2011-06-14,PT3J,AHY,2011
R,2311.93693,F,BLU,113,115,56,90,21.43,2011-06-14,PT8K,ASY,2011
B,2401.78059,F,BLU,116,118,58,91,20.64,2011-06-14,PT5J,ASY,2011
R,2311.93741,M,BLU,122,124,57,96,22.12,2011-06-14,PT8K,AHY,2011
B,2401.7806,M,BLU,116,118,57,95,21.16,2011-06-14,PT3J,AHY,2011
B,2401.78061,F,BLU,116,118,53,92,24.18,2011-06-14,PT13J,ASY,2011
B,2401.78062,F,BLU,110,112,54,88,20.06,2011-06-14,PT11I,ASY,2011
R,2311.93805,F,BLU,113,116,56,88,22.85,2011-06-14,PT9J,ASY,2011
B,2401.78063,F,INT,118,120,59,93,20.07,2011-06-14,PT16I,AHY,2011
R,2181.78261,M,BLU,122,124,57,97,22.31,2011-06-14,PT13J,AHY,2011
R,2171.20031,M,BLU,116,118,56,90,20.26,2011-06-14,PT9J,AHY,2011
R,2401.78058,F,INT,116,118,59,92,21.02,2011-06-14,PT16I,AHY,2011
R,2351.37106,M,BLU,122,124,61,95,20.71,2011-06-14,PT11I,AHY,2011
R,2351.39716,F,BLU,112,114,55,90,20.07,2011-06-14,PT8G,ASY,2011
R,2311.9366,F,BLU,114,116,55,87,21.22,2011-06-14,PT14G,ASY,2011
R,2401.79845,M,BLU,118,120,60,92,21.57,2011-06-14,PT14G,AHY,2011
R,1831.39084,F,BLU,115,117,56,92,22.55,2011-06-14,PT11G,ASY,2011
R,1881.06295,M,BLU,123,125,57,98,21.34,2011-06-14,PT11G,AHY,2011
R,2221.72068,M,BLU,118,120,56,92,21.16,2011-06-14,PT18E,AHY,2011
R,1831.38421,F,BLU,120,122,60,96,20.85,2011-06-14,PT18E,ASY,2011
B,2401.78064,F,BLU,110,112,53,86,20.71,2011-06-14,PT4G,ASY,2011
R,2351.37285,M,BLU,119,121,57,94,20.78,2011-06-14,PT4G,AHY,2011
R,1881.0652,F,BLU,116,118,55,93,19.92,2011-06-15,PT4F,ASY,2011
R,1881.06441,M,BLU,122,124,60,98,22.14,2011-06-15,PT4F,AHY,2011
B,2401.78065,M,BLU,114,117,54,91,19.2,2011-06-15,PT1J,AHY,2011
R,2311.9375,F,BLU,115,117,57,93,19.2,2011-06-16,PT15I,ASY,2011
R,1831.38571,F,BLU,114,118,58,88,21,2011-06-16,PT14H,ASY,2011
B,2401.78066,M,BLU,116,119,56,90,18.9,2011-06-16,PT14H,AHY,2011
R,2351.39709,F,INT,116,118,57,91,20.8,2011-06-16,PT10H,AHY,2011
R,2351.37106,M,BLU,118,121,60,92,18.9,2011-06-16,PT10I,AHY,2011
R,2171.20052,F,BLU,111,113,56,88,16.5,2011-06-16,PT13I,ASY,2011
R,2351.37008,F,BLU,117,119,54,92,19.7,2011-06-16,PT9G,ASY,2011
B,2401.78067,M,BLU,114,117,56,90,18.8,2011-06-16,PT10H,AHY,2011
R,2311.93868,M,BLU,115,120,52,90,19.4,2011-06-16,PT15I,AHY,2011
R,2171.20058,M,BLU,116,118,55,91,19,2011-06-16,PT13I,AHY,2011
B,2401.78068,F,INT,110,113,54,85,18.5,2011-06-17,PT12G,AHY,2011
R,2311.9366,F,BLU,112,115,53,86,19.3,2011-06-17,PT14G,ASY,2011
R,2181.78261,M,BLU,121,124,57,94,19.7,2011-06-17,PT13J,AHY,2011
R,2311.9362,M,BLU,117,119,56,92,19.1,2011-06-17,PT12G,AHY,2011
R,1831.39074,M,BLU,118,122,55,92,20.2,2011-06-17,PT5J,AHY,2011
R,2351.39899,M,BLU,114,117,56,91,17,2011-06-17,PT8G,AHY,2011
R,2401.79845,M,BLU,116,119,56,90,19.2,2011-06-17,PT14G,AHY,2011
R,2351.37015,F,BLU,117,119,55,92,19.4,2011-06-17,PT9K,ASY,2011
R,2351.39714,M,BLU,119,122,57,95,20,2011-06-17,PT9K,AHY,2011
B,2401.78069,F,BLU,112,117,56,88,18.5,2011-06-17,PT18G,ASY,2011
R,2351.37012,F,BLU,113,116,54,91,20.5,2011-06-17,PT15F,ASY,2011
B,2401.7807,F,BLU,106,109,51,85,18.1,2011-06-17,PT18G,ASY,2011
R,2171.20014,M,BLU,118,121,53,95,19.8,2011-06-17,PT16H,AHY,2011
R,1771.42178,F,BLU,114,117,55,88,19.8,2011-06-17,PT15J,ASY,2011
R,2351.39708,F,BLU,111,114,54,88,20.9,2011-06-17,PT16H,ASY,2011
R,2351.37231,M,BLU,118,121,60,94,19.8,2011-06-17,PT15F,AHY,2011
B,2401.78071,M,BLU,115,117,55,91,19,2011-06-17,PT18G,AHY,2011
R,2351.39701,M,BLU,117,120,58,91,19.2,2011-06-19,PT15G,AHY,2011
B,2401.78072,F,INT,112,114,56,89,20.5,2011-06-19,PT15G,AHY,2011
R,2351.39707,F,BLU,112,115,56,89,18.1,2011-06-19,PT8J,ASY,2011
R,2351.37004,F,BLU,110,112,55,86,18.7,2011-06-19,PT6J,ASY,2011
R,2171.2006,F,INT,106,109,55,83,19.9,2011-06-19,PT7G,AHY,2011
R,2181.78203,M,BLU,121,125,58,96,20.9,2011-06-19,PT6J,AHY,2011
R,2351.39713,M,BLU,121,123,59,96,20.6,2011-06-19,PT8J,AHY,2011
R,2311.93665,M,BLU,118,121,53,91,20,2011-06-19,PT7G,AHY,2011
R,2351.39717,F,BLU,116,118,56,90,21.5,2011-06-19,PT4I,ASY,2011
R,1881.0654,M,BLU,119,124,50,95,20.8,2011-06-19,PT4I,AHY,2011
R,1881.06307,F,BLU,109,115,55,85,19.8,2011-06-19,PT1I,ASY,2011
R,2351.37123,M,BLU,117,120,56,92,20.2,2011-06-19,PT1I,AHY,2011
R,1831.38508,F,BLU,109,111,54,85,18.1,2011-06-19,PT1J,ASY,2011
R,2311.9371,F,BLU,112,115,54,89,20.2,2011-06-19,PT4J,ASY,2011
R,2351.3725,F,BRO,111,114,54,86,21,2011-06-19,PT4J,AHY,2011
R,2311.93751,F,BLU,111,116,56,78,19.3,2011-06-19,PT13G,ASY,2011
B,2401.73073,M,BLU,113,116,55,88,19.1,2011-06-19,PT4J,AHY,2011
R,2351.37019,M,BLU,115,118,60,93,21.3,2011-06-19,PT11H,AHY,2011
R,1881.06436,F,BLU,111,115,55,89,23.6,2011-06-19,PT11H,ASY,2011
R,1831.38403,M,BLU,124,127,58,98,21.2,2011-06-20,PT13H,AHY,2011
B,2401.78074,F,BLU,115,118,55,91,20.9,2011-06-20,PT13H,ASY,2011
R,2351.39705,F,BLU,113,116,54,90,19.8,2011-06-20,PT14J,ASY,2011
R,2171.20057,M,BLU,117,119,56,93,19.5,2011-06-20,PT14J,AHY,2011
R,2311.364,F,BLU,112,115,55,87,19.5,2011-06-20,PT10K,ASY,2011
R,2311.9367,F,INT,114,118,57,89,21.3,2011-06-20,PT14I,AHY,2011
R,2351.39738,M,BLU,118,121,55,93,20.5,2011-06-20,PT14I,AHY,2011
R,2351.39761,M,BLU,113,115,52,88,19.3,2011-06-20,PT10K,AHY,2011
R,2311.9362,M,BLU,117,119,55,91,20,2011-06-20,PT13G,AHY,2011
B,2401.78078,M,BLU,116,117,53,90,19.5,2011-06-20,PT12I,AHY,2011
B,2401.78079,F,BLU,113,115,57,89,20.1,2011-06-20,PT19E,ASY,2011
R,2171.20012,M,BLU,125,127,56,91,19.7,2011-06-20,PT19E,AHY,2011
B,2401.7808,F,BLU,120,124,54,86,20.4,2011-06-20,PT12I,ASY,2011
B,2401.78081,M,BLU,116,119,57,90,19.5,2011-06-20,PT10G,AHY,2011
B,2401.78082,F,INT,117,119,58,91,20.6,2011-06-20,PT10G,AHY,2011
B,2401.78083,F,BLU,114,117,55,89,20.4,2011-06-20,PT12H,ASY,2011
R,2351.3971,M,BLU,117,120,58,91,21.2,2011-06-20,PT16J,AHY,2011
B,2401.78084,M,BLU,115,117,55,90,20.9,2011-06-20,PT12H,AHY,2011
B,2401.78085,F,BLU,112,116,56,87,20.8,2011-06-20,PT16J,ASY,2011
B,2401.78086,M,BLU,120,124,54,95,22.2,2011-06-21,PT16F,AHY,2011
R,2351.37025,M,BLU,116,118,56,92,20,2011-06-21,PT17D,AHY,2011
R,2311.93844,F,BLU,114,116,55,89,22.3,2011-06-21,PT10J,ASY,2011
R,2181.78083,M,BLU,118,122,58,91,22.2,2011-06-21,PT7J,AHY,2011
R,2351.37262,M,BLU,118,121,56,94,20.2,2011-06-21,PT10J,AHY,2011
R,2311.93292,F,BLU,115,118,57,90,20.7,2011-06-21,PT7J,ASY,2011
R,1831.38581,F,BLU,114,117,58,88,22.4,2011-06-21,PT16F,ASY,2011
R,2351.39764,M,BLU,115,116,53,88,21,2011-06-22,PT10J,AHY,2011
R,2351.37022,F,INT,115,118,55,89,21.1,2011-06-22,PT17D,AHY,2011
R,2311.9349,M,BLU,119,121,59,95,19.3,2011-06-10,SL64,AHY,2011
R,1771.41084,F,BLU,115,117,55,95,20.4,2011-06-05,SL76,ASY,2011
R,1771.41146,F,BLU,114,116,58,88,20.5,2011-06-13,SL1,ASY,2011
R,1771.41229,F,BLU,115,119,56,91,21,2011-06-12,MC26,ASY,2011
R,1771.42264,F,BLU,113,114,51,89,20.3,2011-06-09,SL6,ASY,2011
R,1771.42388,F,BLU,109,111,54,89,17.3,2011-06-15,SL59,ASY,2011
R,1771.43291,M,BLU,113,116,56,91,19.9,2011-06-13,MC58,AHY,2011
R,1771.43292,F,INT,111,117,57,89,19.47,2011-06-05,MC27,AHY,2011
R,1771.43309,F,BLU,115,117,56,88,22.2,2011-06-11,SL20,ASY,2011
R,1771.43399,M,BLU,117,119.5,56,96,20.4,2011-06-14,MC23,AHY,2011
R,1771.43719,M,BLU,118,120,57,94,21.2,2011-06-13,SL70,AHY,2011
R,1771.43976,F,BLU,113,115,59,90,20.1,2011-06-19,SL26,ASY,2011
R,1831.38635,M,BLU,119,123,56,92,21.05,2011-06-05,MC63,AHY,2011
R,1831.3864,M,BLU,113,118,54,95,20.3,2011-06-12,MC6,AHY,2011
R,1831.38676,F,BLU,115,118,53,91,19.7,2011-06-12,MC20,ASY,2011
R,1831.38797,M,BLU,112,115,56,91,22.5,2011-06-12,MC47,AHY,2011
R,1831.3904,F,BLU,114,115,53,90,20.3,2011-06-11,SL39,ASY,2011
R,1881.06033,M,BLU,115,117,55,90,22.1,2011-06-06,SL76,AHY,2011
R,1881.06034,F,BLU,114,116,55,97,20.6,2011-06-05,SL19,ASY,2011
R,1881.0616,M,BLU,114,117,55,90,20.4,2011-06-12,MC79,AHY,2011
R,1881.06362,F,BLU,110,112,53,88,21.3,2011-06-09,SL71,ASY,2011
R,1881.06378,F,BLU,115,118,54,91,20,2011-06-11,MC38,ASY,2011
R,1881.06382,F,BLU,115,117,57,95,19.7,2011-06-12,MC2,ASY,2011
R,1881.06389,F,BLU,113,115,52,90,21.1,2011-06-12,MC46,ASY,2011
R,1881.06389,F,BLU,113,116,53,88,19.3,2011-06-13,MC46,ASY,2011
R,1881.06392,M,BLU,124,126,56,99,22.2,2011-06-12,MC46,AHY,2011
R,1881.06771,M,BLU,117,120,56,92,20,2011-06-13,SL72,AHY,2011
R,1881.06779,F,BLU,110,114,54,87,18.8,2011-06-15,SL29,ASY,2011
R,1881.06802,M,BLU,118,120,56,91,20.5,2011-06-13,MC70,AHY,2011
R,1881.0684,M,BLU,115,118,54,90,20.4,2011-06-11,MC11,AHY,2011
R,1881.0692,M,BLU,122,124,56,93,22.3,2011-06-11,SL20,AHY,2011
R,1881.06924,M,BLU,119,124,54,98,21.9,2011-06-05,SL13,AHY,2011
B,1881.06925,M,BLU,118,120,56,94,21.4,2011-06-19,SL42,AHY,2011
R,1881.06926,F,BLU,109,111,53,87,18.7,2011-06-15,SL50,ASY,2011
R,1881.06932,M,BLU,120,122,56,95,20.5,2011-06-15,SL34,AHY,2011
R,1881.06933,M,BLU,118,120,57,96,18.9,2011-06-17,SL38,AHY,2011
R,1881.06936,M,BLU,120,123,57,96,21.1,2011-06-08,SL14,AHY,2011
R,1881.06953,F,BLU,116,118,59,93,20.5,2011-06-17,SL4,ASY,2011
R,1881.06966,M,BLU,118,121,57,93,22,2011-06-05,SL19,AHY,2011
R,1881.06968,M,BLU,121,123,57,97,21.8,2011-06-09,SL6,AHY,2011
R,1881.06969,M,BLU,116,118,53,94,20.5,2011-06-10,SL22,AHY,2011
R,1881.06971,M,BLU,117,119,55,91,19.1,2011-06-10,SL61,AHY,2011
R,1881.06986,F,INT,106,108,49,88,20.3,2011-06-17,SL42,AHY,2011
R,1881.0699,F,BLU,112,114,55,89,19.5,2011-06-13,MC76,ASY,2011
R,2171.20084,M,BLU,115,117,52,94,20,2011-06-13,SL7,AHY,2011
R,2171.20086,F,BLU,111,113,53,89,19.1,2011-06-17,SL5,ASY,2011
R,2171.20093,F,BLU,112,114,56,89,21.2,2011-06-17,SL78,ASY,2011
R,2171.20095,M,BLU,116,121,60,95,20.7,2011-06-17,SL43,AHY,2011
R,2171.20098,F,BLU,116,118,57,94,20.6,2011-06-17,SL23,ASY,2011
R,2181.58453,F,BLU,109,112,55,87,19.5,2011-06-05,SL77,ASY,2011
R,2221.31605,M,BLU,120,122,53,96,21.6,2011-06-17,SL21,AHY,2011
R,2221.317,M,BLU,119,122,60,95,19.9,2011-06-12,MC72,AHY,2011
R,2221.31734,M,BLU,116,120,54,92,20.4,2011-06-13,MC35,AHY,2011
R,2221.31734,M,BLU,115,118,55,91,20.4,2011-06-17,MC35,AHY,2011
R,2221.31738,M,BLU,117,120,57,93,20.3,2011-06-10,SL12,AHY,2011
R,2221.31763,M,BLU,120,123,55,97,20.9,2011-06-10,MC69,AHY,2011
R,2221.31802,M,BLU,119,120,59,94,19.2,2011-06-13,MC57,AHY,2011
R,2221.31831,F,BLU,112,114,54,91,21.8,2011-06-05,SL18,ASY,2011
R,2221.31845,M,BLU,116,120,55,95,21.8,2011-06-17,MC74,AHY,2011
R,2221.3191,M,BLU,117,119,55,94,21.4,2011-06-09,MC50,AHY,2011
R,2221.31946,F,BLU,113,115,55,92,21.1,2011-06-12,MC18,ASY,2011
R,2221.31965,F,BLU,114,116,54,88,20.5,2011-06-11,MC14,ASY,2011
R,2221.31976,F,BLU,111,114,56,85,19,2011-06-07,MC5,ASY,2011
R,2311.93046,M,BLU,119,121,56,95,21,2011-06-07,MC68,AHY,2011
R,2311.93049,M,BLU,118,119,56,93,18.9,2011-06-09,SL80,AHY,2011
R,2311.93056,F,BLU,115,116,58,94,18.2,2011-06-13,MC57,ASY,2011
R,2311.9308,F,BLU,115,117,56,91,19.8,2011-06-12,MC64,ASY,2011
R,2311.93145,F,BLU,113,116,55,92,20.4,2011-06-14,MC74,ASY,2011
R,2311.93234,F,BLU,115,118,57,88,19.5,2011-06-13,MC70,ASY,2011
R,2311.93257,M,BLU,116,118,57,89,21.1,2011-06-11,MC16,AHY,2011
R,2311.93288,F,BLU,117,119,54,93,21.7,2011-06-13,SL53,ASY,2011
R,2311.933,M,BLU,117,121,55,94,19.9,2011-06-09,SL35,AHY,2011
R,2311.93384,F,INT,115,117,55,91,21,2011-06-13,SL63,AHY,2011
R,2311.93466,F,BLU,114,116,55,91,21.3,2011-06-04,MC63,ASY,2011
R,2311.93473,F,BLU,111,114,57,92,20.7,2011-06-14,MC29,ASY,2011
R,2311.93475,M,BLU,114,117,54,92,21.2,2011-06-12,MC18,AHY,2011
R,2311.93485,M,BLU,121,123,58,96,22.5,2011-06-05,SL52,AHY,2011
R,2311.93492,F,BLU,107,109,51,88,20.4,2011-06-12,MC47,ASY,2011
R,2311.93495,F,BLU,113,115,53,93,22.1,2011-06-12,MC6,ASY,2011
R,2311.93497,F,BLU,112,114,52,92,20.4,2011-06-17,MC19,ASY,2011
R,2311.93498,M,BLU,115,117,54,90,18.9,2011-06-12,MC26,AHY,2011
R,2311.9387,F,BLU,116,118,54,94,20.8,2011-06-13,SL55,ASY,2011
R,2311.93871,F,INT,110,113,51,90,20.1,2011-06-17,SL21,AHY,2011
R,2311.93872,F,BLU,115,118,55,93,21.8,2011-06-03,SL13,ASY,2011
R,2311.93908,M,BLU,119,121,57,93,21.6,2011-06-13,SL63,AHY,2011
R,2311.93943,F,BLU,115,117,55,96,20.2,2011-06-15,SL31,ASY,2011
R,2311.93955,M,BLU,114,117,56,89,18,2011-06-07,MC44,AHY,2011
R,2311.93972,F,BLU,115,118,55,94,18.9,2011-06-15,SL34,ASY,2011
R,2351.37082,F,BLU,109,111,54,90,20.9,2011-06-05,SL52,ASY,2011
R,2351.37085,M,BLU,114,116,54,88,20.9,2011-06-12,MC32,AHY,2011
R,2351.37086,F,BLU,111,114,53,89,22,2011-06-12,MC32,ASY,2011
R,2351.37088,F,BLU,109,111,55,86,20.2,2011-06-11,MC3,ASY,2011
R,2351.37088,F,BLU,109,111,55,89,19.4,2011-06-12,MC3,ASY,2011
R,2351.3709,F,BLU,114,117,55,91,23.78,2011-06-02,MC31,ASY,2011
R,2351.37097,F,BLU,109,111,50,88,18.62,2011-06-05,MC68,ASY,2011
R,2351.37098,F,BLU,112,114,54,92,21.6,2011-06-09,MC50,ASY,2011
R,2351.37099,F,BLU,117,119,54,95,21.6,2011-06-09,MC35,ASY,2011
R,2351.37099,F,BLU,116,118,56,96,20.8,2011-06-11,MC35,ASY,2011
R,2351.37099,F,BLU,116,120,55,89,20.2,2011-06-13,MC35,ASY,2011
R,2351.37099,F,INT,114,116,56,95,20.3,2011-06-17,MC34,AHY,2011
R,2351.371,M,BLU,124,126,55,97,21.2,2011-06-12,MC52,AHY,2011
R,2351.37302,F,BLU,114,115,54,90,22.2,2011-06-11,MC16,ASY,2011
R,2351.37304,M,BLU,118,119,58,93,20.1,2011-06-18,MC13,AHY,2011
R,2351.37309,M,BLU,117,119,53,98,21.3,2011-06-11,SL74,AHY,2011
R,2351.37324,F,INT,111,114,55,88,19.9,2011-06-13,MC54,AHY,2011
R,2351.37402,M,BLU,117,118,57,94,21.1,2011-06-11,SL39,AHY,2011
R,2351.37406,M,BLU,116,119,56,96,19.8,2011-06-11,SL2,AHY,2011
R,2351.37419,F,INT,110,112,55,91,20.9,2011-06-11,SL73,AHY,2011
R,2351.37427,F,BLU,116,118,55,89,17.6,2011-06-15,SL49,ASY,2011
R,2351.3743,F,BLU,115,117,56,93,21.4,2011-06-05,SL68,ASY,2011
R,2351.37432,F,BLU,109,111,50,87,20.2,2011-06-13,SL62,ASY,2011
R,2351.37435,M,BLU,120,122,55,96,21,2011-06-09,SL8,AHY,2011
R,2351.37436,M,BLU,115,117,54,95,21,2011-06-10,SL9,AHY,2011
R,2351.37437,F,BLU,108,111,53,89,19.9,2011-06-03,SL57,ASY,2011
R,2351.37439,F,BLU,112,116,56,86,19.5,2011-06-10,SL12,ASY,2011
R,2351.3744,F,BLU,113,115,58,91,20.5,2011-06-09,SL80,ASY,2011
R,2351.37441,F,BLU,113,115,53,91,22.4,2011-06-11,SL14,ASY,2011
R,2351.37442,M,BLU,119,121,57,98,21.2,2011-06-05,SL18,AHY,2011
R,2351.37448,M,BLU,118,119,55,98,20.9,2011-06-15,SL59,AHY,2011
R,2351.37449,F,BLU,110,112,53,88,23.4,2011-06-11,SL2,ASY,2011
R,2351.3745,M,BLU,112,115,53,89,20.1,2011-06-10,SL11,AHY,2011
R,2351.37451,M,BLU,121,123,56,96,20.4,2011-06-17,SL57,AHY,2011
R,2351.37454,M,BLU,120,122,58,98,21.7,2011-06-17,SL68,AHY,2011
R,2351.37456,M,BLU,115,117,53,89,21.5,2011-06-17,SL5,AHY,2011
R,2351.37457,M,BLU,116,121,57,96,20.5,2011-06-15,SL50,AHY,2011
R,2351.37459,M,BLU,118,120,58,94,20.7,2011-06-19,SL58,AHY,2011
R,2351.37462,F,BLU,109,110,52,83,18.9,2011-06-17,SL79,ASY,2011
R,2351.37466,F,INT,114,116,55,91,18.9,2011-06-17,SL38,AHY,2011
R,2351.37468,M,BLU,116,119,53,91,24.3,2011-06-13,SL1,AHY,2011
R,2351.37469,F,BLU,109,112,52,83,20.3,2011-06-13,SL70,ASY,2011
R,2351.3747,M,BLU,117,119,53,97,19.6,2011-06-05,SL30,AHY,2011
R,2351.37472,F,INT,112,114,54,91,19,2011-06-09,MC11,ASY,2011
R,2351.37472,F,BLU,113,116,56,89,20.1,2011-06-11,MC11,ASY,2011
B,2351.37474,F,BLU,111,116,55,92,22.8,2011-06-03,SL27,ASY,2011
B,2351.37475,M,BLU,119,125,56,97,21.7,2011-06-03,SL27,AHY,2011
B,2351.37476,M,BLU,114,116,54,92,21,2011-06-05,SL77,AHY,2011
B,2351.37477,F,BLU,111,114,55,88,22.2,2011-06-05,SL30,ASY,2011
B,2351.37478,F,BLU,116,120,56,92,19.6,2011-06-06,SL25,ASY,2011
B,2351.37479,M,BLU,125,127,59,96,22,2011-06-06,SL25,AHY,2011
B,2351.3748,F,BLU,115,117,56,91,20.5,2011-06-08,SL41,ASY,2011
B,2351.37481,M,BLU,116,120,54,91,21.3,2011-06-08,SL41,AHY,2011
B,2351.37482,F,BLU,116,119,55,94,20.4,2011-06-09,SL8,ASY,2011
B,2351.37483,F,BLU,111,113,55,92,20.6,2011-06-09,SL35,ASY,2011
B,2351.37484,F,BLU,112,115,55,86,18.9,2011-06-10,SL44,ASY,2011
B,2351.37485,F,BLU,107,110,56,88,20.5,2011-06-10,SL61,ASY,2011
B,2351.37486,M,BLU,118,121,58,93,20.2,2011-06-10,SL44,AHY,2011
B,2351.37487,F,BLU,110,112,53,85,20,2011-06-10,SL11,ASY,2011
B,2351.37488,F,BLU,116,120,60,91,21.1,2011-06-10,SL69,ASY,2011
B,2351.3749,M,BLU,113,117,55,92,20.8,2011-06-11,SL14,AHY,2011
B,2351.37491,F,BLU,110,113,52,89,19.3,2011-06-11,SL58,ASY,2011
B,2351.37492,M,BLU,113,114,52,87,19.7,2011-06-11,SL73,AHY,2011
B,2351.37493,M,BLU,118,121,55,95,20.7,2011-06-11,SL24,AHY,2011
B,2351.37494,F,BLU,115,118,55,92,20.1,2011-06-13,SL54,ASY,2011
B,2351.37495,M,BLU,111,113,54,90,20.3,2011-06-13,SL69,AHY,2011
B,2351.37496,M,BLU,110,112,53,90,22.3,2011-06-13,SL54,AHY,2011
B,2351.37497,M,BLU,118,121,51,93,20,2011-06-13,SL45,AHY,2011
B,2351.37498,F,BLU,112,115,53,89,19.1,2011-06-13,SL60,ASY,2011
B,2351.37499,F,BLU,111,114,52,90,21.1,2011-06-13,SL72,ASY,2011
B,2351.375,F,INT,112,115,54,92,18.8,2011-06-13,SL16,AHY,2011
R,2351.37503,F,BLU,113,115,52,86,21.4,2011-06-10,SL64,ASY,2011
R,2351.37508,F,BLU,113,116,54,92,22.2,2011-06-08,SL17,ASY,2011
R,2351.37538,F,BLU,110,112,52,90,19.1,2011-06-10,SL22,ASY,2011
R,2351.37565,M,BLU,112,115,57,93,21.1,2011-06-15,SL31,AHY,2011
R,2351.37581,F,INT,111,113,54,87,19.2,2011-06-19,SL48,AHY,2011
R,2351.37594,F,INT,108,110,53,87,21.2,2011-06-10,MC28,AHY,2011
R,2351.37594,F,INT,108,110,53,88,20.9,2011-06-10,MC35,AHY,2011
R,2351.37597,F,BLU,114,115.5,51.5,89,21.6,2011-06-11,SL74,ASY,2011
R,2351.37603,M,BLU,118,121,57,91,21.1,2011-06-13,MC25,AHY,2011
R,2351.37606,M,BLU,121,123,50,96,19.9,2011-06-17,MC19,AHY,2011
R,2351.3766,M,BLU,118,122,58,92,20.2,2011-06-05,MC45,AHY,2011
R,2351.37691,M,BLU,120,124,56,96,20,2011-06-10,MC36,AHY,2011
R,2351.37696,M,BLU,115,119,57,94,20.5,2011-06-12,MC15,AHY,2011
R,2351.37714,F,BLU,113,114,55,90,19.3,2011-06-13,SL15,ASY,2011
R,2351.3777,F,BLU,109.5,110,51,84,20.5,2011-06-11,SL24,ASY,2011
R,2351.37814,M,BLU,115,118,54,91,20.97,2011-06-11,MC56,AHY,2011
R,2351.37814,M,BLU,113,116,56,94,20.1,2011-06-17,MC56,AHY,2011
R,2351.37828,M,BLU,113,116,55,89,21,2011-06-14,MC37,AHY,2011
R,2351.37864,M,BLU,121,123,54,96,19.85,2011-06-02,MC40,AHY,2011
R,2351.3787,F,BLU,113,116,52,89,21.6,2011-06-12,MC79,ASY,2011
R,2351.3787,F,BLU,110,112,55,90,21.5,2011-06-12,MC79,ASY,2011
R,2351.37902,M,BLU,112,113,56,90,19.1,2011-06-18,MC75,AHY,2011
R,2351.37903,M,BLU,113,115,52,93,20.3,2011-06-13,SL10,AHY,2011
R,2351.37937,F,INT,108,110,52,84,19,2011-06-12,MC78,AHY,2011
R,2351.37942,F,BLU,115,119,57,91,18.7,2011-06-05,MC44,ASY,2011
R,2351.37955,M,BLU,119,120,53,92,21.3,2011-06-09,SL71,AHY,2011
R,2351.93958,F,BLU,116,117,55,95,19.3,2011-06-15,SL67,ASY,2011
R,2401.37598,M,BLU,116,118,54,91,19,2011-06-17,MC34,AHY,2011
R,2401.77101,F,BLU,111,114,54,89,19.1,2011-06-09,MC17,ASY,2011
R,2401.77104,F,BLU,112,116,55,91,21.2,2011-06-11,MC59,ASY,2011
R,2401.77107,M,BLU,114,116,55,96,20.9,2011-06-12,MC2,AHY,2011
R,2401.77108,M,BLU,118,121,56,93,20.5,2011-06-07,MC5,AHY,2011
R,2401.77109,M,BLU,115,116,52,88,21.5,2011-06-11,MC59,AHY,2011
R,2401.77114,M,BLU,112,114,55,88,19.6,2011-06-12,MC64,AHY,2011
R,2401.77116,M,BLU,116,119,56,91,20.9,2011-06-13,MC76,AHY,2011
B,2401.77119,F,INT,114,116,56,89,18.84,2011-06-02,MC40,AHY,2011
B,2401.7712,M,BLU,117,121,57,94,21.87,2011-06-02,MC31,AHY,2011
B,2401.77121,F,BLU,112,115,52,89,21.7,2011-06-04,MC62,ASY,2011
B,2401.77122,F,BLU,112,115,54,87,22.5,2011-06-05,MC45,ASY,2011
B,2401.77123,M,BLU,114,119,56,88,20.7,2011-06-07,MC62,AHY,2011
B,2401.77124,M,BLU,118,121,56,91,21,2011-06-07,MC27,AHY,2011
B,2401.77125,F,BLU,112,114,53,90,22,2011-06-07,MC4,ASY,2011
B,2401.77126,F,BLU,113,115,53,92,22,2011-06-09,MC36,ASY,2011
B,2401.77127,F,BRO,109,112,53,89,22.4,2011-06-09,MC69,ASY,2011
B,2401.77128,F,INT,111,113,52,90,19.3,2011-06-10,MC80,AHY,2011
R,2401.77128,F,BLU,110,114,54,86,18.5,2011-06-11,MC80,ASY,2011
B,2401.77129,M,BLU,114,118,53,90,20.3,2011-06-10,MC17,AHY,2011
B,2401.77131,M,BLU,117,119,55,93,20.7,2011-06-10,MC24,AHY,2011
B,2401.77132,F,BLU,108,110,52,84,20.2,2011-06-11,MC75,ASY,2011
B,2401.77133,F,BLU,115,117,58,88,22.9,2011-06-11,MC65,ASY,2011
B,2401.77134,M,BLU,114,116,54,89,18.7,2011-06-11,MC80,AHY,2011
B,2401.77135,M,BLU,118,121,57,90,22.2,2011-06-11,MC38,AHY,2011
B,2401.77136,M,BLU,118,120,55,92,20.2,2011-06-11,MC3,AHY,2011
R,2401.77136,M,BLU,119,121,55,95,20.2,2011-06-12,MC3,AHY,2011
B,2401.77137,M,BLU,118,120,51,92,20.6,2011-06-11,MC65,AHY,2011
B,2401.77138,F,BLU,112,113,56,88,19.4,2011-06-11,MC56,ASY,2011
R,2401.77138,F,BLU,114,115.5,54,91,19,2011-06-12,MC56,ASY,2011
R,2401.77138,F,BLU,112,114,54,93,19,2011-06-17,MC56,ASY,2011
R,2401.77139,M,BLU,119,122,57,93,22.5,2011-06-11,MC14,AHY,2011
B,2401.7714,M,BLU,121,122,56,97,21.3,2011-06-12,MC77,AHY,2011
B,2401.77141,F,INT,116,117,60,94,20.8,2011-06-12,MC77,AHY,2011
B,2401.77142,F,BLU,114,116,56,89,19.5,2011-06-12,MC52,ASY,2011
B,2401.77143,F,BLU,115,119,56,93,20,2011-06-12,MC58,ASY,2011
B,2401.77144,F,BLU,112,115,55,90,20.9,2011-06-12,MC72,ASY,2011
B,2401.77145,F,BLU,112,115,55,89,19.5,2011-06-12,MC21,ASY,2011
R,2401.77146,F,BLU,114,116,58,90,20.5,2011-06-12,MC23,ASY,2011
B,2401.77147,M,BLU,118,120,55,91,20.8,2011-06-12,MC78,AHY,2011
B,2401.77148,M,BLU,122,125,51,97,19.9,2011-06-12,MC20,AHY,2011
R,2401.77149,M,BLU,118,119,55,90,20.2,2011-06-12,MC21,AHY,2011
B,2401.7715,F,BRO,110,112,52,89,22.8,2011-06-12,MC67,ASY,2011
B,2401.77151,F,BLU,112,116,54,90,20.9,2011-06-12,MC15,ASY,2011
B,2401.77152,M,BLU,116,118,55,97,20.9,2011-06-12,MC53,AHY,2011
B,2401.77153,F,INT,111,113,55,90,18.55,2011-06-12,MC53,AHY,2011
B,2401.77154,M,BLU,115,119,54,91,18.4,2011-06-13,MC22,AHY,2011
B,2401.77155,F,BLU,110,112,54,88,20.3,2011-06-13,MC25,ASY,2011
B,2401.77156,M,BLU,117,120,56,92,21.2,2011-06-13,MC54,AHY,2011
B,2401.77157,F,INT,111,114,54,90,19.7,2011-06-14,MC48,AHY,2011
B,2401.77158,M,BLU,113,115,48,89,18.5,2011-06-14,MC48,AHY,2011
B,2401.77159,M,BLU,118,120,57,85,21.4,2011-06-14,MC67,AHY,2011
B,2401.7716,F,BLU,111,114,52,86,19.2,2011-06-14,MC12,ASY,2011
B,2401.77161,M,BLU,115,118,53,89,21.1,2011-06-17,MC29,AHY,2011
B,2401.77162,F,INT,113,116,49,87,20.5,2011-06-18,MC51,AHY,2011
B,2401.77163,F,BRO,110,112,51,87,17.9,2011-06-18,MC24,ASY,2011
B,2401.77164,F,INT,113,115,56,89,19.9,2011-06-18,MC13,AHY,2011
B,2401.77201,F,INT,115,117,53,94,20.2,2011-06-13,SL45,AHY,2011
B,2401.77202,F,BLU,110,111,53,89,18.3,2011-06-13,SL10,ASY,2011
B,2401.77203,M,BLU,117,119,57,91,20.9,2011-06-13,SL16,AHY,2011
B,2401.77204,M,BLU,115,117,55,92,21,2011-06-13,SL3,AHY,2011
B,2401.77205,F,BLU,114,116,53,91,20.3,2011-06-13,SL7,ASY,2011
B,2401.77206,F,INT,110,112,56,90,20.5,2011-06-13,SL3,AHY,2011
B,2401.77207,F,BLU,121,123,55,95,19.2,2011-06-13,SL65,ASY,2011
B,2401.77208,M,BLU,114,116,57,90,19.2,2011-06-13,SL65,AHY,2011
B,2401.77209,M,BLU,119,120,57,87,19.8,2011-06-15,SL49,AHY,2011
B,2401.7721,M,BLU,114,117,54,90,20.9,2011-06-15,SL62,AHY,2011
B,2401.77211,M,BLU,116,118,55,91,20.5,2011-06-15,MC53,AHY,2011
B,2401.77212,M,BLU,115,116,55,94,18.5,2011-06-15,MC29,AHY,2011
B,2401.77213,F,INT,116,118,59,91,21,2011-06-17,SL66,AHY,2011
B,2401.77214,M,BLU,117,119,55,92,20,2011-06-17,SL4,AHY,2011
B,2401.77215,M,BLU,120,121,53,96,20,2011-06-17,SL78,AHY,2011
B,2401.77216,M,BLU,120,122,54,97,20.5,2011-06-17,SL23,AHY,2011
B,2401.77217,F,BRO,112,114,55,88,20.5,2011-06-17,SL28,ASY,2011
B,2401.77218,F,BRO,110,112,52,89,19.4,2011-06-17,SL43,ASY,2011
B,2401.77219,M,BLU,109,111,56,89,21.8,2011-06-19,SL26,AHY,2011
R,2401.77523,M,BLU,116,118,53,92,19.2,2011-06-17,SL66,AHY,2011
R,2401.77639,M,BLU,116,119,56,92,19.8,2011-06-14,MC12,AHY,2011
R,2401.77777,M,BLU,115,117,56,94,18.3,2011-06-15,SL67,AHY,2011
R,2401.7785,F,BRO,107,109,53,84,18.7,2011-06-13,MC22,ASY,2011
B,2411.77211,M,BLU,116,118,55,91,20.5,2011-06-15,SL53,AHY,2011
B,2411.77212,M,BLU,110,115,55,94,18.5,2011-06-15,SL29,AHY,2011
R,2411.79113,M,BLU,116,117,55,92,20.4,2011-06-10,MC4,AHY,2011
R,1881.06779,F,BLU,112,115,55,91,20.75,2012-05-28,SL39,ASY,2012
R,2221.31831,F,BLU,113,115,53,91,21.5,2012-05-28,SL18,ASY,2012
R,2351.37442,M,BLU,119,122,58,98,20.8,2012-05-28,SL18,ASY,2012
R,2351.37454,M,BLU,122,123,59,97,22,2012-05-28,SL68,ASY,2012
B,2401.77221,F,BLU,111,115,53,89,22,2012-05-28,SL68,ASY,2012
R,2351.37437,F,BLU,111,115,51,89,20.1,2012-05-29,MC29,ASY,2012
R,2351.37563,M,BLU,121,123,54,96,19.9,2012-05-29,MC56,AHY,2012
R,2401.77153,F,BLU,111,114,54,89,21.4,2012-05-29,MC56,ASY,2012
R,1881.06771,M,BLU,121,123,56,93,21,2012-05-30,SL72,AHY,2012
R,1881.06924,M,BLU,123,125,60,96,22.1,2012-05-30,SL13,AHY,2012
R,1881.06987,F,BLU,120,121,56,95,20.8,2012-05-30,SL60,ASY,2012
R,2171.20093,F,BLU,112,115,55,93,16.8,2012-05-30,SL40,ASY,2012
R,2221.31605,M,BLU,119,121,53,96,22.3,2012-05-30,SL80,AHY,2012
R,2351.37082,F,BLU,111,113,52,87,20.8,2012-05-30,SL80,ASY,2012
R,2351.37435,M,BLU,123,125,56,95,21,2012-05-30,SL57,AHY,2012
R,2351.37468,M,BLU,122,123,56,97,23.9,2012-05-30,SL1,AHY,2012
R,2351.37478,F,BLU,116,119,57,92,20,2012-05-30,SL57,ASY,2012
R,2351.37492,M,BLU,115,116,52,88,20.1,2012-05-30,SL73,AHY,2012
R,2401.77122,F,BLU,114,117,53,97,22.7,2012-05-30,MC55,ASY,2012
R,2401.77135,M,BLU,118,124,49,98,24,2012-05-30,MC42,AHY,2012
R,2401.77138,F,BLU,111,115,51,93,21.1,2012-05-30,MC43,ASY,2012
R,2401.77161,M,BLU,119,121,57,89,21.7,2012-05-30,MC29,AHY,2012
R,2401.77162,F,BLU,117,119,51,92,23.4,2012-05-30,MC42,ASY,2012
B,2401.7717,M,BLU,116,121,48,92,21.1,2012-05-30,MC55,AHY,2012
R,2401.77202,F,BLU,114,114,55,89,19.5,2012-05-30,SL1,ASY,2012
R,2401.77215,M,BLU,122,124,57,94,21.8,2012-05-30,SL40,AHY,2012
B,2401.77222,F,BLU,116,118,56,92,22.7,2012-05-30,SL14,ASY,2012
B,2401.77223,F,BLU,116,117,59,89,21.8,2012-05-30,SL72,ASY,2012
B,2401.77224,F,BLU,119,120,58,94,22,2012-05-30,SL13,ASY,2012
B,2401.77225,F,BLU,115,117,57,91,21.3,2012-05-30,SL73,ASY,2012
B,2401.77226,M,BLU,116,119,53,88,21.1,2012-05-30,SL39,AHY,2012
B,2401.77227,M,BLU,115,117,52,89,20.6,2012-05-30,SL60,AHY,2012
R,1881.06378,F,BLU,116,117,54,92,20.7,2012-05-31,MC74,ASY,2012
R,2221.31738,M,BLU,119,121,51,95,20.9,2012-05-31,SL12,AHY,2012
R,2221.31802,M,BLU,122,122,60,94,20,2012-05-31,MC43,AHY,2012
R,2311.91242,F,BLU,114,115,46,87,21.1,2012-05-31,SL70,ASY,2012
R,2311.93943,F,BLU,117,117,51,93,20.8,2012-05-31,SL67,ASY,2012
R,2321.2374,F,BLU,116,118,47,92,21.8,2012-05-31,SL5,ASY,2012
R,2351.37086,F,BLU,114,117,54,91,22.7,2012-05-31,MC32,ASY,2012
R,2351.37091,M,BLU,117,119,59,93,22.5,2012-05-31,MC31,AHY,2012
R,2351.37433,M,BLU,116,119,47,91,20.6,2012-05-31,SL9,AHY,2012
R,2351.37439,F,BLU,118,120,49,92,20,2012-05-31,SL12,ASY,2012
R,2351.37456,M,BLU,116,116,54,91,21.8,2012-05-31,SL5,AHY,2012
R,2351.37485,F,BLU,112,115,55,90,21.8,2012-05-31,SL23,ASY,2012
R,2351.37487,F,BLU,110,111,55,87,21.3,2012-05-31,SL69,ASY,2012
R,2351.37495,M,BLU,112,117,45,89,19.5,2012-05-31,SL69,AHY,2012
R,2351.37508,F,BLU,114,116,54,89,21.4,2012-05-31,SL65,ASY,2012
R,2351.37955,M,BLU,120,123,49,93,20.9,2012-05-31,SL70,AHY,2012
R,2401.77127,F,BLU,112,114,52,88,22.5,2012-05-31,MC31,ASY,2012
R,2401.77156,M,BLU,118,120,59,95,22.1,2012-05-31,MC52,AHY,2012
B,2401.77171,M,BLU,121,123,58,97,21.9,2012-05-31,MC74,AHY,2012
B,2401.77172,F,BLU,116,120,55,88,22.7,2012-05-31,MC34,ASY,2012
B,2401.77228,F,BLU,116,118,52,91,22.2,2012-05-31,SL9,ASY,2012
R,2401.77963,F,BLU,113,115,56,91,19.9,2012-05-31,MC52,ASY,2012
R,2401.78062,F,BLU,112,115,52,88,19.9,2012-05-31,PT10K,ASY,2012
R,2351.33716,F,BLU,112,118,53,90,20.3,2012-05-31,PT17D,ASY,2012
R,2351.37214,M,BLU,117,121,58,94,20.6,2012-05-31,PT17D,AHY,2012
R,1881.04234,M,BLU,121,125,56,98,22,2012-05-31,PT2F,AHY,2012
R,2351.39702,F,BLU,112,117,56,91,20.9,2012-05-31,PT2F,ASY,2012
R,2351.37128,M,BLU,120,124,58,97,21.2,2012-05-31,PT2J,AHY,2012
B,2401.78088,F,BLU,114,117,51,92,21.4,2012-05-31,PT2J,ASY,2012
R,2171.20075,F,BLU,116,120,55,91,20.4,2012-05-31,PT3J,ASY,2012
R,1771.43399,M,BLU,118,120,59,91,20.5,2012-06-02,MC23,AHY,2012
R,1881.06389,F,BLU,112,114,53,89,20.7,2012-06-02,MC25,ASY,2012
R,1881.0684,M,BLU,119,122,58,94,20.6,2012-06-02,MC11,AHY,2012
R,2221.31763,M,BLU,117,120,59,93,20.7,2012-06-02,MC25,AHY,2012
R,2221.31965,F,INT,114,116,51,87,17.2,2012-06-02,MC63,AHY,2012
R,2311.93498,M,BLU,115,117,54,89,19.1,2012-06-02,MC33,AHY,2012
R,2311.93871,F,BLU,114,115,57,91,19.8,2012-06-02,SL19,ASY,2012
R,2351.37083,F,BLU,114,118,51,88,20.4,2012-06-02,MC64,ASY,2012
R,2351.37097,F,BLU,110,114,52,87,19.9,2012-06-02,MC15,ASY,2012
R,2351.37099,F,BLU,117,119,57,93,19.9,2012-06-02,MC24,ASY,2012
R,2351.3744,F,BLU,111,113,56,89,19.7,2012-06-02,MC58,ASY,2012
R,2351.37472,F,BLU,116,119,55,92,19.1,2012-06-02,MC11,ASY,2012
R,2351.37482,F,BLU,118,119,57,93,18.1,2012-06-02,SL15,ASY,2012
R,2351.375,F,BLU,114,116,52,89,19.1,2012-06-02,SL17,ASY,2012
R,2351.37884,M,BLU,119,122,59,93,20.9,2012-06-02,MC77,AHY,2012
R,2401.77112,F,BLU,109,111,54,84,20,2012-06-02,MC39,ASY,2012
R,2401.77132,F,BLU,115,117,53,87,21.5,2012-06-02,MC75,ASY,2012
R,2401.77144,F,BLU,112,114,56,90,19.8,2012-06-02,MC33,ASY,2012
B,2401.77173,M,BLU,118,122,54,93,19.5,2012-06-02,MC10,AHY,2012
B,2401.77174,F,BLU,120,124,54,94,20.6,2012-06-02,MC10,ASY,2012
B,2401.77175,M,BLU,117,118,54,94,19.9,2012-06-02,MC75,AHY,2012
B,2401.77176,M,BLU,116,118,59,93,19.5,2012-06-02,MC15,AHY,2012
B,2401.77177,F,BLU,114,119,55,92,18.9,2012-06-02,MC77,ASY,2012
B,2401.7722,F,BLU,113,116,55,87,20.8,2012-06-02,MC23,ASY,2012
B,2401.77229,M,BLU,118,119,59,104,20.7,2012-06-02,MC53,AHY,2012
B,2401.77231,M,BLU,116,118,53,89,21,2012-06-02,MC58,AHY,2012
R,2401.77683,M,BLU,127,130,57,100,22.5,2012-06-02,MC64,AHY,2012
R,2401.77777,M,BLU,123,124,51,99,20.2,2012-06-02,SL67,AHY,2012
R,2351.37245,F,BLU,114,116,54,93,20.6,2012-06-02,PT10I,ASY,2012
B,2401.78091,M,BLU,122,127,58,102,19.94,2012-06-02,PT10I,AHY,2012
R,1881.06436,F,BLU,116,119,56,94,22.87,2012-06-02,PT11H,ASY,2012
R,2401.78051,M,BLU,119,121,53,94,20.35,2012-06-02,PT11J,AHY,2012
R,2401.78052,F,BLU,112,115,50,89,19.97,2012-06-02,PT11J,ASY,2012
R,2401.78048,M,BLU,121,126,58,100,20.3,2012-06-02,PT12J,AHY,2012
B,2401.7809,F,BLU,113,115,51,92,25.62,2012-06-02,PT12J,ASY,2012
R,1831.38403,M,BLU,126,129,60,104,21.96,2012-06-02,PT14H,AHY,2012
B,2401.78093,F,BLU,116,119,55,94,23.02,2012-06-02,PT14H,ASY,2012
R,2171.20014,M,BLU,120,122,58,96,21.4,2012-06-02,PT16H,AHY,2012
B,2401.78094,F,BLU,111,114,50,88,21.28,2012-06-02,PT16H,ASY,2012
R,1831.38421,F,BLU,122,124,60,97,20.6,2012-06-02,PT18E,ASY,2012
B,2401.78095,M,BLU,114,119,55,92,21.5,2012-06-02,PT18E,AHY,2012
R,2311.93852,F,BLU,114,117,55,89,20.8,2012-06-02,PT19F,ASY,2012
B,2401.78092,M,BLU,120,121,56,97,21.96,2012-06-02,PT19F,AHY,2012
R,1831.38503,F,BLU,111,116,56,89,19.1,2012-06-02,PT1J,ASY,2012
R,2351.39704,M,BLU,121,126,57,96,20.5,2012-06-02,PT1J,AHY,2012
R,2401.7806,M,BLU,118,122,59,95,21.1,2012-06-02,PT3J,AHY,2012
R,2351.39809,M,BLU,116,123,55,94,20.7,2012-06-02,PT4J,AHY,2012
B,2401.78089,F,BLU,113,117,55,90,21.2,2012-06-02,PT4J,ASY,2012
R,2351.39752,M,BLU,122,124,55,100,22.73,2012-06-02,PT5G,AHY,2012
B,2401.78096,F,BLU,119,121,57,97,22.1,2012-06-02,PT5G,ASY,2012
R,1771.42178,F,BLU,117,120,57,98,22.77,2012-06-02,PT7F,ASY,2012
R,2351.39712,M,BLU,121,123,57,98,22.61,2012-06-02,PT7F,AHY,2012
R,2181.78083,M,BLU,118,124,55,95,21.4,2012-06-02,PT7J,AHY,2012
R,2311.93292,F,BLU,115,120,57,92,19.5,2012-06-02,PT7J,ASY,2012
R,2351.39766,M,BLU,118,122,59,103,21.38,2012-06-02,PT8G,AHY,2012
R,2401.78056,F,BLU,110,114,53,92,19.2,2012-06-02,PT8G,ASY,2012
R,1881.06427,F,BLU,112,114,53,86,20.53,2012-06-02,PT8J,ASY,2012
R,2171.20008,M,BLU,121,125,57,98,21.2,2012-06-02,PT8K,AHY,2012
R,2401.78083,F,BLU,116,119,55,94,20.3,2012-06-02,PT8K,ASY,2012
R,2401.78053,M,BLU,116,119,51,92,22.02,2012-06-02,PT9H,AHY,2012
R,2351.39714,M,BLU,121,124,59,98,21,2012-06-02,PT9K,AHY,2012
R,1881.06072,F,BLU,113,114,54,88,19.2,2012-06-03,SL41,ASY,2012
R,1881.06971,M,BLU,111,119,57,93,20.3,2012-06-03,SL61,AHY,2012
R,1881.06986,F,BLU,109,112,50,84,20.5,2012-06-03,SL25,ASY,2012
R,2311.93288,F,BLU,118,122,56,93,22.4,2012-06-03,SL26,ASY,2012
R,2351.37434,M,BLU,109,111,53,86,21.7,2012-06-03,SL61,AHY,2012
R,2351.37449,F,BLU,113,115,53,91,24,2012-06-03,SL45,ASY,2012
R,2351.37474,F,BLU,113,118,56,90,22.2,2012-06-03,SL27,ASY,2012
R,2351.37483,F,BLU,114,115,54,90,20.2,2012-06-03,SL79,ASY,2012
R,2351.37486,M,BLU,121,122,58,95,21,2012-06-03,SL45,AHY,2012
R,2351.37581,F,BLU,110,117,56,89,20,2012-06-03,SL62,ASY,2012
R,2401.77164,F,BLU,110,113,53,91,20.3,2012-06-03,SL30,ASY,2012
B,2401.77178,M,BLU,122,125,58,97,21.8,2012-06-03,SL25,AHY,2012
B,2401.77232,M,BLU,117,122,56,93,22.7,2012-06-03,SL48,AHY,2012
B,2401.77233,M,BLU,117,120,55,92,21.3,2012-06-03,SL44,AHY,2012
B,2401.77234,F,BLU,110,114,51,90,20.2,2012-06-03,SL48,ASY,2012
B,2401.77235,M,BLU,112,118,54,94,22,2012-06-03,SL47,AHY,2012
B,2401.77236,F,BLU,113,116,53,88,21.7,2012-06-03,SL44,ASY,2012
B,2401.77237,F,BLU,108,113,58,87,19.5,2012-06-03,SL42,ASY,2012
B,2401.77238,M,BLU,116,119,55,89,20.1,2012-06-03,SL41,AHY,2012
R,2401.77239,M,BLU,120,123,57,96,21.8,2012-06-03,SL26,AHY,2012
R,2401.80038,M,BLU,113,117,53,88,21.5,2012-06-03,SL30,AHY,2012
R,2401.88024,F,INT,107,112,50,87,20.3,2012-06-03,SL64,ASY,2012
R,2511.6708,M,BLU,119,121,55,91,21,2012-06-03,SL65,AHY,2012
R,1831.38635,M,BLU,117,121,60,95,21.6,2012-06-04,MC63,AHY,2012
R,1831.3866,M,BLU,119,121,61,95,20.9,2012-06-04,MC39,AHY,2012
R,1881.06926,F,BLU,110,111,56,85,19,2012-06-04,SL56,ASY,2012
R,2171.20084,M,BLU,115,118,56,93,19.7,2012-06-04,SL3,AHY,2012
R,2171.20098,F,BLU,115,116,59,92,19.7,2012-06-04,SL33,ASY,2012
R,2311.93484,M,BLU,119,121,58,95,20.5,2012-06-04,MC60,AHY,2012
R,2351.37309,M,BLU,116,118,57,89,21.2,2012-06-04,SL74,AHY,2012
R,2351.37441,F,BLU,115,116,59,89,20.7,2012-06-04,SL7,ASY,2012
R,2351.37459,M,BLU,119,121,60,93,21.6,2012-06-04,SL56,AHY,2012
R,2351.37494,F,BLU,115,117,57,94,21.3,2012-06-04,SL6,ASY,2012
R,2351.37574,F,BLU,110,112,54,89,20.2,2012-06-04,SL58,ASY,2012
R,2351.37597,F,BLU,112,114,56,89,20.9,2012-06-04,SL74,ASY,2012
R,2351.37691,M,BLU,119,121,59,97,20.3,2012-06-04,MC24,AHY,2012
R,2351.3793,M,BLU,117,119,56,95,20.7,2012-06-04,SL33,AHY,2012
B,2401.77179,F,BLU,118,120,52,95,20.9,2012-06-04,MC14,ASY,2012
B,2401.7718,F,BLU,110,114,53,87,19.5,2012-06-04,MC80,ASY,2012
B,2401.77181,F,BLU,114,117,57,90,19.9,2012-06-04,MC60,ASY,2012
R,2401.77205,F,BLU,115,117,56,89,20.9,2012-06-04,SL24,ASY,2012
R,2401.77219,M,BLU,118,119,58,95,22.2,2012-06-04,SL76,AHY,2012
B,2401.7724,M,BLU,118,119,57,90,20.7,2012-06-04,SL58,AHY,2012
B,2401.77241,F,BLU,115,116,56,94,19.5,2012-06-04,SL3,ASY,2012
B,2401.77242,M,BLU,119,121,55,95,20.8,2012-06-04,SL24,AHY,2012
B,2401.77243,M,BLU,117,119,58,95,20.5,2012-06-04,SL7,AHY,2012
R,2401.77598,M,BLU,117,119,57,94,19.8,2012-06-04,MC34,AHY,2012
R,1881.06321,F,BLU,113,116,55,91,20.24,2012-06-04,PT10G,ASY,2012
R,2401.78081,M,BLU,117,119,55,93,20.63,2012-06-04,PT10G,AHY,2012
R,2401.73078,M,BLU,118,122,54,94,19.61,2012-06-04,PT10K,AHY,2012
R,1881.06295,M,BLU,121,125,56,99,21.63,2012-06-04,PT11G,AHY,2012
R,2171.2007,F,BLU,109,111,52,86,21.41,2012-06-04,PT11G,ASY,2012
R,2351.37278,F,BLU,117,120,56,93,21.99,2012-06-04,PT11K,ASY,2012
R,2351.39842,F,BLU,113,116,54,91,20.55,2012-06-04,PT11K,ASY,2012
R,2311.93804,M,BLU,120,124,56,96,21.71,2012-06-04,PT12H,AHY,2012
B,2401.78099,F,BLU,116,120,58,92,22.53,2012-06-04,PT12H,ASY,2012
R,2171.20058,M,BLU,116,121,56,95,19.24,2012-06-04,PT12I,AHY,2012
B,2401.78098,F,BLU,112,116,55,90,20.29,2012-06-04,PT12I,ASY,2012
R,2351.39808,F,BLU,112,115,53,90,22.21,2012-06-04,PT13G,ASY,2012
R,2171.20052,F,BLU,112,115,54,90,20.96,2012-06-04,PT13I,ASY,2012
R,2171.20058,M,BLU,118,121,56,96,19.46,2012-06-04,PT13I,AHY,2012
R,2181.78261,M,BLU,123,126,58,98,21.77,2012-06-04,PT13J,AHY,2012
R,2401.78049,F,BLU,123,126,57,93,19.67,2012-06-04,PT13J,ASY,2012
R,2351.37002,M,BLU,115,117,54,90,21.16,2012-06-04,PT15G,AHY,2012
B,2401.78329,F,BLU,113,116,54,90,20.03,2012-06-04,PT15G,ASY,2012
B,2401.781,F,BLU,114,116,56,92,19.8,2012-06-04,PT15H,ASY,2012
R,2311.93868,M,BLU,116,120,55,95,20.26,2012-06-04,PT15I,AHY,2012
R,2351.39708,F,BLU,113,116,54,92,22.08,2012-06-04,PT15I,ASY,2012
R,2351.39829,F,BLU,112,116,54,91,19.67,2012-06-04,PT17G,ASY,2012
R,1881.06307,F,BLU,113,116,56,91,22.64,2012-06-04,PT1I,ASY,2012
R,2351.37123,M,BLU,115,119,57,95,21.15,2012-06-04,PT1I,AHY,2012
R,1831.39074,M,BLU,121,124,68,102,20.72,2012-06-04,PT5J,AHY,2012
B,2401.78097,F,BLU,113,116,54,90,21.4,2012-06-04,PT5J,ASY,2012
R,2351.39713,M,BLU,122,126,58,99,19.69,2012-06-04,PT8J,AHY,2012
R,1771.43207,M,BLU,113,116,52,89,21.34,2012-06-04,PT9F,AHY,2012
B,2401.78331,F,BLU,117,119,55,94,24.39,2012-06-04,PT9F,ASY,2012
R,2351.37008,F,BLU,117,119,56,94,23.07,2012-06-04,PT9G,ASY,2012
R,2401.78064,F,BLU,112,115,54,89,20.98,2012-06-04,PT9H,ASY,2012
R,1831.38713,F,BLU,110,112,54,87,20.1,2012-06-05,SL76,ASY,2012
R,1881.06966,M,BLU,118,119,58,92,21.3,2012-06-05,SL19,AHY,2012
R,2311.93057,M,BLU,120,124,59,99,20.1,2012-06-05,SL79,AHY,2012
R,2311.9349,M,BLU,118,119,57,93,21.8,2012-06-05,SL46,AHY,2012
R,2311.93872,F,BLU,117,118,54,91,20.8,2012-06-05,SL51,ASY,2012
R,2311.93972,F,BLU,114,115,56,90,20.5,2012-06-05,SL53,ASY,2012
R,2351.37427,F,BLU,115,117,56,93,19.6,2012-06-05,SL38,ASY,2012
R,2351.37491,F,BLU,113,114,54,86,18.7,2012-06-05,SL47,ASY,2012
R,2351.37493,M,BLU,119,121,57,94,19.8,2012-06-05,SL23,AHY,2012
R,2351.37496,M,BLU,112,114,52,92,22,2012-06-05,SL34,AHY,2012
R,2351.37503,F,BLU,113,115,52,90,23.2,2012-06-05,SL46,ASY,2012
R,2351.37903,M,BLU,114,117,57,91,20.3,2012-06-05,SL71,AHY,2012
R,2401.77203,M,BLU,119,122,61,95,21.3,2012-06-05,SL14,AHY,2012
B,2401.77244,F,BLU,110,111,56,87,18.7,2012-06-05,SL34,ASY,2012
B,2401.77245,M,BLU,119,121,56,95,21.5,2012-06-05,SL27,AHY,2012
B,2401.77246,F,BLU,115,118,59,95,21.3,2012-06-05,SL71,ASY,2012
B,2401.77247,F,BLU,117,118,58,94,22.7,2012-06-05,SL29,ASY,2012
B,2401.77248,M,BLU,112,114,56,92,19.8,2012-06-05,SL29,AHY,2012
R,2351.39846,M,BLU,115,118,57,92,21,2012-06-05,PT10H,AHY,2012
R,2311.9362,M,BLU,117,120,55,95,20.74,2012-06-05,PT13G,AHY,2012
R,1831.38412,M,BLU,125,128,59,102,21.22,2012-06-05,PT13H,AHY,2012
R,2401.7808,F,BLU,112,115,54,89,20.93,2012-06-05,PT13H,ASY,2012
R,2401.78072,F,BLU,114,117,57,92,21.99,2012-06-05,PT14F,ASY,2012
R,2351.37003,M,BLU,118,121,56,94,20.57,2012-06-05,PT15H,AHY,2012
B,2401.78332,F,BLU,113,117,57,90,19.43,2012-06-05,PT18F,ASY,2012
R,1881.0654,M,BLU,122,126,56,98,21.29,2012-06-05,PT4I,AHY,2012
R,2351.39717,F,BLU,117,119,57,93,21.79,2012-06-05,PT4I,ASY,2012
R,1831.38676,F,BLU,115,117,57,88,20.7,2012-06-06,MC79,ASY,2012
R,2311.93145,F,BLU,113,115,55,90,17.7,2012-06-06,MC49,ASY,2012
R,2321.0519,F,BLU,110,112,55,90,21.3,2012-06-06,MC48,ASY,2012
R,2351.37606,M,BLU,118,119,56,92,20.8,2012-06-06,MC47,AHY,2012
R,2351.3763,M,BLU,115,119,58,94,22,2012-06-06,MC38,AHY,2012
R,2351.37937,F,BLU,108,110,52,84,17.1,2012-06-06,MC38,ASY,2012
R,2401.77114,M,BLU,114,118,60,92,20.3,2012-06-06,MC79,AHY,2012
R,2401.7712,M,BLU,115,117,55,93,20.4,2012-06-06,MC26,AHY,2012
R,2401.77121,F,BLU,115,119,57,89,19.7,2012-06-06,MC67,ASY,2012
R,2401.77123,M,BLU,119,122,55,93,21.7,2012-06-06,MC2,AHY,2012
R,2401.77128,F,BLU,113,116,54,90,18.7,2012-06-06,MC54,ASY,2012
R,2401.77129,M,BLU,116,118,58,91,20.5,2012-06-06,MC54,AHY,2012
R,2401.7713,M,BLU,120,122,58,97,21.9,2012-06-06,MC28,AHY,2012
R,2401.77131,M,BLU,121,124,55,96,21.3,2012-06-06,MC19,AHY,2012
R,2401.7714,M,BLU,120,125,57,97,20.5,2012-06-06,MC16,AHY,2012
R,2401.77141,F,BLU,117,120,56,90,18.9,2012-06-06,MC47,ASY,2012
R,2401.77149,M,BLU,118,121,55,95,20.5,2012-06-06,MC40,AHY,2012
R,2401.77155,F,BLU,114,116,52,91,19.8,2012-06-06,MC2,ASY,2012
R,2401.7716,F,BLU,109,113,55,89,20.4,2012-06-06,MC6,ASY,2012
R,2401.77165,F,BLU,112,116,59,93,19.8,2012-06-06,MC19,ASY,2012
B,2401.77182,F,BLU,116,118,62,93,19.7,2012-06-06,MC36,ASY,2012
B,2401.77183,F,BLU,112,116,53,90,18.7,2012-06-06,MC26,ASY,2012
B,2401.77184,F,BLU,108,112,53,88,20.2,2012-06-06,MC16,ASY,2012
B,2401.77185,M,BLU,113,119,56,90,20.8,2012-06-06,MC6,AHY,2012
B,2401.77186,F,BLU,112,116,56,94,20.2,2012-06-06,MC28,ASY,2012
B,2401.77187,F,BLU,112,116,53,88,19.2,2012-06-06,MC40,ASY,2012
B,2401.77188,M,BLU,115,119,60,92,21.4,2012-06-06,MC37,AHY,2012
R,2401.7722,F,BLU,114,118,56,91,19.7,2012-06-06,MC23,ASY,2012
R,2401.801,F,INT,114,115,53,91,20,2012-06-06,MC37,AHY,2012
R,2351.37187,F,BLU,111,114,54,98,21.46,2012-06-06,PT10J,ASY,2012
R,1881.06429,M,BLU,120,123,56,97,22.37,2012-06-06,PT11K,AHY,2012
R,1831.38581,F,BLU,115,118,59,94,21.68,2012-06-06,PT15F,ASY,2012
R,2401.78086,M,BLU,123,126,59,99,21.85,2012-06-06,PT15F,AHY,2012
R,2171.20032,M,BLU,120,122,55,97,20.88,2012-06-06,PT16I,AHY,2012
R,2351.37012,F,BLU,112,115,54,92,22.25,2012-06-06,PT16I,ASY,2012
R,2351.37007,M,BLU,117,120,58,95,21.55,2012-06-06,PT9G,AHY,2012
R,1881.06936,M,BLU,120,122,54,96,20.7,2012-06-07,SL17,AHY,2012
R,2311.9387,F,BLU,114,115,56,89,20.8,2012-06-07,SL55,ASY,2012
R,2351.30152,M,BLU,119,121,57,96,20.6,2012-06-07,SL51,AHY,2012
R,2351.37406,M,BLU,119,120,60,93,18.8,2012-06-07,SL2,AHY,2012
R,2351.37436,M,BLU,119,121,59,92,20.9,2012-06-07,SL6,AHY,2012
R,2351.3745,M,BLU,116,117,55,88,20.3,2012-06-07,SL11,AHY,2012
R,2351.37457,M,BLU,118,120,56,92,20.7,2012-06-07,SL62,AHY,2012
R,2351.3748,F,BLU,114,115,56,88,19,2012-06-07,SL50,ASY,2012
R,2351.37488,F,BLU,115,117,60,88,19.9,2012-06-07,SL10,ASY,2012
R,2351.37489,M,BLU,110,111,54,86,19.4,2012-06-07,SL11,AHY,2012
R,2401.77104,F,BLU,111,115,57,86,20.4,2012-06-07,SL49,ASY,2012
R,2401.77209,M,BLU,114,116,60,93,21.3,2012-06-07,SL49,AHY,2012
R,2401.7721,M,BLU,118,119,53,90,21.8,2012-06-07,SL50,AHY,2012
R,2401.77249,M,BLU,115,117,56,94,20.5,2012-06-07,SL64,AHY,2012
B,2401.7725,M,BLU,115,117,55,96,22.5,2012-06-07,SL10,AHY,2012
B,2401.77251,F,BLU,111,113,55,89,21.1,2012-06-07,SL2,ASY,2012
B,2401.77252,F,BLU,115,117,55,92,20.3,2012-06-07,SL59,ASY,2012
R,2511.67204,M,BLU,112,113,53,87,18.7,2012-06-07,SL55,AHY,2012
R,2351.39707,F,BLU,116,119,52,91,19.6,2012-06-07,PT11I,ASY,2012
R,2401.78145,M,BLU,118,120,56,92,20.9,2012-06-07,PT11I,AHY,2012
R,2311.9367,F,INT,119,122,56,93,22.2,2012-06-07,PT14I,AHY,2012
B,2401.78333,M,BLU,125,127,59,97,20.9,2012-06-07,PT14I,AHY,2012
R,2351.39705,F,BLU,118,120,54,91,22,2012-06-07,PT15J,ASY,2012
B,2401.78334,M,BLU,118,121,57,94,21.9,2012-06-07,PT15J,AHY,2012
R,2401.78085,F,BLU,118,120,55,92,21,2012-06-07,PT16J,ASY,2012
R,2311.93844,F,BLU,119,123,55,93,20.8,2012-06-07,PT9J,ASY,2012
R,1771.43292,F,BLU,114,116,53,90,19.4,2012-06-08,MC27,ASY,2012
R,1881.06925,M,BLU,114,117,55,95,21.7,2012-06-08,SL38,AHY,2012
R,2181.58453,F,BLU,110,112,52,89,21,2012-06-08,SL77,ASY,2012
R,2221.31946,F,BLU,117,119,60,91,18.7,2012-06-08,MC76,ASY,2012
R,2311.93485,M,BLU,122,125,57,98,22.4,2012-06-08,SL52,AHY,2012
R,2351.37466,F,BLU,115,116,57,93,20.2,2012-06-08,SL78,ASY,2012
R,2351.37538,F,BLU,108,110,55,86,18.6,2012-06-08,SL52,ASY,2012
R,2351.37714,F,BLU,111,112,54,88,21.9,2012-06-08,SL16,ASY,2012
R,2351.37931,M,BLU,116,119,56,92,20.5,2012-06-08,SL16,AHY,2012
R,2401.77147,M,BLU,117,119,59,94,20.5,2012-06-08,MC36,AHY,2012
R,2401.77154,M,BLU,111,117,54,92,19,2012-06-08,MC22,AHY,2012
R,2401.77157,F,BLU,110,112,54,87,18.2,2012-06-08,MC41,ASY,2012
R,2401.77158,M,BLU,115,117,53,91,18.6,2012-06-08,MC41,AHY,2012
R,2401.77168,M,BLU,116,120,55,90,19.3,2012-06-08,MC1,AHY,2012
B,2401.77189,M,BLU,119,125,57,99,20.8,2012-06-08,MC38,AHY,2012
B,2401.7719,M,BLU,116,120,56,95,19.9,2012-06-08,MC70,AHY,2012
B,2401.77191,F,INT,108,112,53,89,19.1,2012-06-08,MC70,AHY,2012
B,2401.77192,F,BRN,114,118,54,92,21.6,2012-06-08,MC22,ASY,2012
B,2401.77253,M,BLU,112,115,55,90,19.3,2012-06-08,SL78,AHY,2012
B,2401.77254,M,BLU,117,118,57,95,20.7,2012-06-08,SL77,AHY,2012
R,2401.78068,F,BLU,115,117,57,89,21.1,2012-06-08,PT12G,ASY,2012
R,2351.37179,F,BLU,110,112,52,88,18.2,2012-06-08,PT14G,ASY,2012
R,2351.37231,M,BLU,121,123,58,92,19.4,2012-06-08,PT14G,AHY,2012
R,2351.39702,F,BLU,115,118,56,90,18.5,2012-06-08,PT16F,ASY,2012
R,2351.39728,F,BLU,119,121,55,93,20,2012-06-08,PT16F,ASY,2012
B,2401.78335,M,BLU,115,117,52,94,19.2,2012-06-08,PT16F,AHY,2012
B,2401.78338,M,BLU,116,119,54,91,21.3,2012-06-08,PT18G,AHY,2012
B,2401.78339,F,BLU,115,118,54,91,21.3,2012-06-08,PT18G,ASY,2012
B,2401.78336,F,BLU,117,120,52,92,21.4,2012-06-08,PT19E,ASY,2012
B,2401.78337,M,BLU,120,122,58,94,21,2012-06-08,PT19E,AHY,2012
R,2311.9371,F,BLU,117,120,57,93,20.6,2012-06-08,PT4F,ASY,2012
R,1771.42387,F,BLU,115,118,55,91,19.1,2012-06-09,SL22,ASY,2012
R,1881.06969,M,BLU,116,117,55,93,20.3,2012-06-09,SL22,AHY,2012
B,2401.77193,F,BLU,111,113,55,88,18.5,2012-06-09,MC18,ASY,2012
B,2401.77194,F,BLU,118,118,58,93,21.5,2012-06-09,MC59,ASY,2012
B,2401.77195,F,BLU,115,115,57,91,18.8,2012-06-09,MC1,ASY,2012
R,2401.77206,F,BLU,115,117,61,92,19.4,2012-06-09,SL66,ASY,2012
R,2401.77211,M,BLU,116,119,56,94,20.1,2012-06-09,SL53,AHY,2012
R,2401.77239,M,BLU,122,125,60,97,20.4,2012-06-09,SL26,AHY,2012
B,2401.77255,F,BLU,111,114,54,89,19.6,2012-06-09,SL43,ASY,2012
B,2401.77256,M,BLU,116,119,54,92,19,2012-06-09,SL59,AHY,2012
R,2401.77523,M,BLU,118,119,53,93,20.1,2012-06-09,SL66,AHY,2012
R,2401.77578,M,BLU,115,116,53,91,19.9,2012-06-09,MC18,AHY,2012
R,2401.80114,M,BLU,108,112,54,87,20.3,2012-06-09,SL43,AHY,2012
R,2511.67206,F,BRN,107,109,56,85,20.4,2012-06-09,MC66,ASY,2012
R,2311.9364,F,BLU,115,118,54,88,22.1,2012-06-09,PT14J,ASY,2012
B,2401.78343,M,BLU,117,119,54,91,21.2,2012-06-09,PT14J,AHY,2012
B,2401.78342,F,BLU,116,119,55,90,20.8,2012-06-09,PT16J,ASY,2012
R,2401.78073,M,BLU,121,123,56,94,20.3,2012-06-09,PT6J,AHY,2012
B,2401.78341,F,BLU,120,123,55,93,21.1,2012-06-09,PT6J,ASY,2012
R,2351.39935,F,BLU,116,119,55,91,21.3,2012-06-09,PT7K,ASY,2012
B,2401.7834,M,BLU,125,128,60,100,20.6,2012-06-09,PT7K,AHY,2012
R,1771.41146,F,BLU,109,111,60,88,21.8,2012-06-10,SL63,ASY,2012
R,2351.37244,F,BLU,115,117,55,89,20.6,2012-06-10,PT4G,ASY,2012
R,2351.37285,M,BLU,122,124,57,95,20.7,2012-06-10,PT4G,AHY,2012
R,2401.78144,F,BRN,112,115,51,87,19.9,2012-06-10,PT7G,ASY,2012
B,2401.77257,F,BRN,111,113,52,89,20.9,2012-06-11,SL20,ASY,2012
B,2401.77258,F,BLU,116,118,55,95,20.7,2012-06-11,SL20,ASY,2012
R,2311.93908,M,BLU,122,124,57,95,22.1,2012-06-12,SL63,AHY,2012
B,2401.77196,F,BLU,111,112,52,87,19.4,2012-06-12,MC7,ASY,2012
B,2401.77197,M,BLU,115,117,54,92,20.8,2012-06-12,MC20,AHY,2012
R,2401.7785,F,BLU,110,112,56,86,19.4,2012-06-12,MC20,ASY,2012
R,2351.37262,M,BLU,124,126,58,93,20.9,2012-06-12,PT10J,AHY,2012
R,2401.78143,M,BLU,118,121,55,90,19.2,2012-06-12,PT16J,AHY,2012
R,2401.78055,F,BLU,117,120,54,91,19,2012-06-12,PT18F,ASY,2012
R,2351.39761,M,BLU,119,121,53,91,19.7,2012-06-12,PT9J,AHY,2012
B,2511.65971,M,BLU,120,122,53,92,19.9,2012-06-13,PT14F,AHY,2012
R,2311.93471,F,BLU,112,115,58,89,18.9,2012-06-14,MC65,ASY,2012
R,2351.37089,M,BLU,120,121,57,98,21.2,2012-06-14,MC9,AHY,2012
R,2351.37098,F,BLU,112,115,59,90,19.9,2012-06-14,MC5,ASY,2012
R,2351.37828,M,BLU,113,118,55,90,21.8,2012-06-14,MC73,AHY,2012
R,2401.77107,M,BLU,115,116,58,95,19.3,2012-06-14,MC65,AHY,2012
R,2401.77136,M,BLU,119,120,57,92,19.2,2012-06-14,MC3,AHY,2012
B,2401.77198,M,BLU,114,116,50,89,21.1,2012-06-14,MC46,AHY,2012
B,2401.77199,F,BLU,114,115,54,90,19.1,2012-06-14,MC46,ASY,2012
B,2401.772,F,BRN,111,113,54,86,18.8,2012-06-14,MC51,ASY,2012
R,2401.77543,M,BLU,119,122,62,96,19.7,2012-06-14,MC7,AHY,2012
R,2401.77639,M,BLU,112,114,57,88,20.5,2012-06-14,MC5,AHY,2012
R,2401.77842,M,BLU,120,122,59,92,20,2012-06-14,MC69,AHY,2012
R,2401.77884,M,BLU,119,120,60,95,21.5,2012-06-14,MC14,AHY,2012
R,2401.80172,F,BRN,108,109,52,84,19.3,2012-06-14,MC9,ASY,2012
B,2401.80301,F,BLU,114,116,57,90,19.4,2012-06-14,MC3,ASY,2012
B,2401.80302,F,BLU,113,116,56,91,19.3,2012-06-14,MC73,ASY,2012
B,2401.80303,F,BLU,114,117,58,94,22.2,2012-06-14,MC30,ASY,2012
B,2401.80304,M,BLU,115,118,55,89,20.7,2012-06-14,MC30,AHY,2012
R,2351.39829,F,INT,117,119,53,89,18.3,2012-06-14,PT17G,AHY,2012
B,2401.7852,F,BRN,117,121,56,91,20.2,2012-06-14,PT17G,ASY,2012
B,2401.78521,F,BLU,119,122,54,93,19.7,2012-06-14,PT17G,ASY,2012
B,2401.78578,F,BLU,120,121,55,92,21.8,2012-06-14,PT17G,ASY,2012
R,2401.78095,M,BLU,117,119,54,90,20.1,2012-06-14,PT18F,AHY,2012
R,2401.77213,F,BLU,114,116,56,91,20.6,2012-06-15,SL35,ASY,2012
R,2401.77214,M,BLU,119,121,59,94,20.3,2012-06-15,SL8,AHY,2012
B,2401.77259,M,BLU,110,116,56,87,19.1,2012-06-15,SL31,AHY,2012
R,2401.80066,F,BRN,105,108,52,84,18.2,2012-06-15,SL8,ASY,2012
R,2511.67209,F,BRN,108,110,52,82,19.3,2012-06-15,SL31,ASY,2012
R,2511.67213,F,INT,112,114,53,88,19.1,2012-06-15,SL28,AHY,2012
B,2401.78578,F,BRN,115,117,56,89,18.8,2012-06-15,PT12G,ASY,2012
B,2401.77163,F,BLU,113,115,57,90,20.4,2012-06-16,MC72,ASY,2012
B,2401.7726,F,INT,112,117,55,90,19.1,2012-06-16,MC35,AHY,2012
B,2401.77261,M,BLU,117,121,56,94,19.9,2012-06-16,MC45,AHY,2012
B,2401.77262,F,INT,110,113,54,87,18,2012-06-16,MC45,AHY,2012
B,2401.77263,M,BLU,118,121,57,94,20.4,2012-06-16,MC72,AHY,2012
B,2401.77264,F,BLU,114,117,57,89,18.7,2012-06-16,MC69,ASY,2012
R,2311.93046,M,BLU,119,120,51,95,20.6,2012-06-17,MC27,AHY,2012
B,2401.77265,M,BLU,117,122,58,93,21.1,2012-06-18,SL54,AHY,2012
B,2401.77266,F,INT,108,115,52,87,20.2,2012-06-18,SL54,AHY,2012
R,2171.2006,F,BLU,112,115,53,86,20.3,2012-06-18,PT3F,ASY,2012
R,2351.37766,F,BLU,115,118,57,93,20.2,2012-06-21,MC68,ASY,2012
R,2401.77124,M,BLU,118,121,57,96,19.1,2012-06-21,MC68,AHY,2012
B,2401.80305,F,BLU,110,114,58,89,18.3,2012-06-21,MC35,ASY,2012
R,2351.37476,M,BLU,116,118,52,93,19.9,2012-06-23,SL28,AHY,2012
R,2351.37419,F,BLU,108,112,56,85,16.8,2012-06-24,MC8,ASY,2012
R,2401.77215,M,BLU,124,127,59,97,20.7,2012-06-27,SL40,AHY,2012
B,2401.77267,F,BRN,113,116,53,87,19.1,2012-06-27,SL40,ASY,2012
B,2401.77268,F,BLU,109,111,54,84,19.3,2012-06-30,MC50,ASY,2012
B,2401.77269,M,BLU,115,118,57,95,20.1,2012-06-30,MC50,AHY,2012
R,2401.77109,M,BLU,113,115,56,90,21.8,2012-07-02,MC80,AHY,2012
R,2401.80306,F,INT,109,113,56,89,18.1,2012-07-02,MC80,AHY,2012
B,2401.80307,F,BRN,112,115,53,91,18.9,2012-07-04,MC13,ASY,2012
B,2401.80308,F,BRN,108,111,52,85,16.9,2012-07-04,MC1,ASY,2012
R,2511.67296,M,G,115,116,55,92,21.2,2013-06-15,MC02,AHY,2013
R,2311.93471,F,G,118,119,57,98,19.5,2013-06-13,MC02,ASY,2013
R,2401.80307,F,G,116,117,53,92,19.7,2013-06-13,MC03,ASY,2013
R,2401.77639,M,G,122,124,57,96,20.3,2013-06-15,MC03,AHY,2013
B,2401.8033,F,G,116,117,54,94,20.4,2013-06-13,MC04,ASY,2013
R,2401.77683,M,G,125,126,58,102,22.9,2013-06-13,MC04,AHY,2013
R,2401.77137,M,G,122,123,55,96,20.1,2013-06-13,MC05,AHY,2013
R,2351.37098,F,G,116,117,54,92,21.8,2013-06-13,MC05,ASY,2013
R,2401.7716,F,G,110,112,50,88,19.4,2013-06-15,MC06,ASY,2013
R,2401.77136,M,G,120,121,56,96,20.3,2013-06-15,MC06,AHY,2013
B,2401.80318,F,G,119,121,57,95,19.8,2013-06-11,MC07,ASY,2013
B,2401.80319,M,G,120,122,57,96,19.1,2013-06-11,MC07,AHY,2013
B,2401.80313,F,G,117,118,54,92,18.7,2013-06-08,MC08,ASY,2013
R,2351.371,M,G,125,126,55,99,20.7,2013-06-08,MC08,AHY,2013
B,2401.80329,M,G,124,125,56,97,19.3,2013-06-13,MC09,AHY,2013
B,2401.8032,F,B,115,116,56,94,20.9,2013-06-11,MC09,ASY,2013
B,2401.80316,F,G,116,117,55,94,18.9,2013-06-11,MC10,ASY,2013
R,2401.77173,M,G,120,122,53,96,20,2013-06-13,MC10,AHY,2013
R,2351.37472,F,G,115,117,54,93,20,2013-06-11,MC11,ASY,2013
R,1881.0684,M,G,119,119,54,94,20,2013-06-11,MC11,AHY,2013
B,2401.80325,M,G,123,123,55,98,20,2013-06-11,MC12,AHY,2013
B,2401.80326,F,G,115,116,57,93,19.2,2013-06-11,MC12,ASY,2013
B,2401.80321,M,G,117,117,54,92,18.1,2013-06-11,MC13,AHY,2013
R,2401.77221,F,G,114,115,55,89,20.2,2013-06-11,MC13,ASY,2013
R,2401.77884,M,G,122,124,57,97,19.4,2013-06-11,MC14,AHY,2013
R,2221.31965,F,G,115,117,53,92,19.4,2013-06-13,MC14,ASY,2013
R,2401.80301,F,G,120,121,56,97,20.6,2013-06-11,MC15,ASY,2013
R,2401.77176,M,G,119,121,55,95,19.6,2013-06-11,MC15,AHY,2013
R,2401.7714,M,G,124,125,57,100,20,2013-06-08,MC16,AHY,2013
R,2401.77177,F,G,117,118,55,94,18.7,2013-06-03,MC16,ASY,2013
B,2401.80309,F,G,120,120,58,94,19.9,2013-06-03,MC17,ASY,2013
R,2401.77186,F,G,115,117,57,95,20.1,2013-06-11,MC18,ASY,2013
R,2401.77186,F,G,117,118,57,95,19.9,2013-06-08,MC18,ASY,2013
R,2351.37925,M,G,120,121,54,96,21.1,2013-06-11,MC19,AHY,2013
R,2351.37964,F,G,120,121,60,96,19.2,2013-06-11,MC19,ASY,2013
B,2401.80342,F,G,119,120,52,94,20.4,2013-06-15,MC20,ASY,2013
R,2401.77197,M,G,121,122,54,95,21.3,2013-06-15,MC20,AHY,2013
R,2351.37937,F,G,110,111,52,89,17.9,2013-06-11,MC21,ASY,2013
R,2401.77158,M,G,123,123,56,93,19,2013-06-11,MC21,AHY,2013
R,2401.77192,F,G,120,121,54,99,21,2013-06-11,MC22,ASY,2013
R,2401.77154,M,G,121,122,57,96,19.3,2013-06-11,MC22,AHY,2013
B,2401.80315,F,G,116,117,55,93,20,2013-06-11,MC23,ASY,2013
B,2401.80317,M,G,117,118,53,94,19.6,2013-06-11,MC23,AHY,2013
R,2351.37099,F,G,119,120,56,95,19.9,2013-06-11,MC24,ASY,2013
R,2351.37691,M,G,124,126,57,100,20.5,2013-06-11,MC24,AHY,2013
R,2401.77127,F,G,113,115,55,90,19,2013-06-11,MC25,ASY,2013
R,2221.31763,M,G,126,128,57,101,20.8,2013-06-11,MC25,AHY,2013
B,2401.80353,M,G,116,119,52,93,20.5,2013-06-26,MC26,AHY,2013
B,2401.80351,F,G,113,114,55,90,20.4,2013-06-24,MC26,ASY,2013
R,2401.77157,F,G,113,114,52,90,19.4,2013-06-11,MC27,ASY,2013
R,2321.05313,M,G,121,123,55,99,20.2,2013-06-11,MC27,AHY,2013
B,2401.80339,F,G,120,122,57,97,20.3,2013-06-15,MC28,ASY,2013
B,2401.8034,M,G,117,119,57,93,19.6,2013-06-15,MC28,AHY,2013
R,2401.77161,M,G,120,121,57,99,21.4,2013-06-11,MC29,AHY,2013
B,2401.80312,F,G,117,117,58,95,20.5,2013-06-08,MC29,ASY,2013
B,2401.80336,F,B,115,116,50,91,20.3,2013-06-15,MC30,ASY,2013
B,2401.80335,M,G,119,120,55,92,19.4,2013-06-15,MC31,AHY,2013
R,2401.7726,F,G,120,120,56,94,19.4,2013-06-15,MC31,ASY,2013
R,2401.77112,F,G,113,114,52,87,19.5,2013-06-15,MC32,ASY,2013
R,2511.67386,M,G,112,115,51,91,18.9,2013-06-15,MC32,AHY,2013
B,2401.80333,F,G,116,116,54,92,19.3,2013-06-15,MC33,ASY,2013
B,2401.80334,M,G,119,120,54,95,20.6,2013-06-15,MC33,AHY,2013
B,2401.80352,F,G,114,115,53,85,23.6,2013-06-26,MC34,ASY,2013
R,2401.77264,F,G,115,115,53,92,19.6,2013-06-15,MC35,ASY,2013
R,2401.77147,M,G,120,121,57,96,20.7,2013-06-15,MC35,AHY,2013
R,2401.7785,F,G,111,111,56,90,20,2013-06-11,MC36,ASY,2013
R,1771.43399,M,G,120,121,59,98,20.4,2013-06-11,MC36,AHY,2013
R,2401.801,F,G,119,120,56,95,19.6,2013-06-11,MC37,ASY,2013
R,2401.77188,M,G,118,119,52,93,21.6,2013-06-11,MC37,AHY,2013
R,1831.3866,M,G,122,124,58,96,21.2,2013-06-26,MC38,AHY,2013
B,2401.8035,F,G,115,117,54,91,20.2,2013-06-24,MC38,ASY,2013
R,2401.7713,M,G,123,125,56,98,22.8,2013-06-15,MC41,AHY,2013
B,2401.80345,F,G,111,112,51,91,18.8,2013-06-15,MC41,ASY,2013
B,2401.80341,F,G,115,116,51,90,19.7,2013-06-15,MC43,ASY,2013
R,2221.31802,M,G,121,122,57,95,18.9,2013-06-19,MC43,AHY,2013
R,2401.77262,F,G,115,117,55,90,18.8,2013-06-15,MC44,ASY,2013
B,2401.80348,M,G,124,125,53,96,20.3,2013-06-17,MC46,AHY,2013
R,2401.77199,F,G,116,116,51,91,20.1,2013-06-15,MC46,ASY,2013
R,2351.37606,M,G,123,125,56,97,20.2,2013-06-17,MC47,AHY,2013
R,1881.06389,F,G,116,117,52,91,20.5,2013-06-15,MC47,ASY,2013
R,2401.77268,F,G,112,113,53,87,18.4,2013-06-13,MC50,ASY,2013
R,2401.77185,M,G,120,121,55,97,21.2,2013-06-13,MC50,AHY,2013
B,2401.80347,F,G,110,111,49,84,18.3,2013-06-17,MC52,ASY,2013
R,2401.7723,F,G,113,113,62,91,19.9,2013-06-03,MC53,ASY,2013
R,2401.77156,M,G,119,120,61,97,22.7,2013-06-03,MC53,AHY,2013
B,2401.8031,F,G,112,113,56,86,18.9,2013-06-05,MC54,ASY,2013
R,2401.77129,M,G,118,118,56,92,20.6,2013-06-05,MC54,AHY,2013
B,2401.80331,F,G,115,116,52,90,18.8,2013-06-13,MC55,ASY,2013
R,2401.77114,M,G,122,122,55,93,20.6,2013-06-13,MC55,AHY,2013
R,2401.80308,F,G,112,112,51,93,17,2013-06-11,MC56,ASY,2013
R,2311.93955,M,G,122,122,59,92,19,2013-06-08,MC56,AHY,2013
R,2401.77124,M,G,120,122,56,97,19.8,2013-06-08,MC58,AHY,2013
R,2401.77231,M,G,115,118,55,93,21.5,2013-06-05,MC58,AHY,2013
R,2401.77153,F,G,112,114,52,91,20.3,2013-06-03,MC58,ASY,2013
R,2401.80227,M,G,118,119,52,94,19.9,2013-06-15,MC59,AHY,2013
B,2401.80337,F,G,114,115,51,89,19.9,2013-06-15,MC59,ASY,2013
R,2351.37791,M,G,117,118,53,93,20.8,2013-06-15,MC60,AHY,2013
R,2311.93492,F,G,109,110,54,88,19.6,2013-06-15,MC60,ASY,2013
B,2401.80349,F,B,110,112,51,86,19.3,2013-06-21,MC61,ASY,2013
R,2511.67327,F,I,111,113,54,89,17.1,2013-06-15,MC62,AHY,2013
R,2351.37097,F,G,112,114,52,91,18.1,2013-06-03,MC63,ASY,2013
R,1831.38635,M,G,120,120,58,96,21.9,2013-06-03,MC63,AHY,2013
R,2401.77107,M,G,118,119,56,94,19.8,2013-06-15,MC65,AHY,2013
R,2401.772,F,G,118,120,50,92,17.9,2013-06-17,MC65,ASY,2013
R,2351.37089,M,G,123,127,57,99,21,2013-06-08,MC66,AHY,2013
B,2401.80311,F,G,117,119,55,95,21.3,2013-06-05,MC66,ASY,2013
B,2401.80322,F,I,114,115,54,92,19.7,2013-06-11,MC67,AHY,2013
R,2401.77963,F,G,117,118,54,93,18.2,2013-06-08,MC68,ASY,2013
R,2401.77342,M,G,122,123,57,97,21.1,2013-06-15,MC69,AHY,2013
B,2401.80346,F,G,111,114,53,91,19.3,2013-06-15,MC69,ASY,2013
B,2401.80323,F,G,115,117,55,91,20.4,2013-06-11,MC70,ASY,2013
R,2311.93046,M,G,120,122,54,97,20.9,2013-06-11,MC70,AHY,2013
B,2401.80328,M,G,117,118,53,98,19.4,2013-06-11,MC71,AHY,2013
B,2401.80327,F,G,114,116,54,93,18.7,2013-06-11,MC71,ASY,2013
R,2401.7722,F,G,115,116,53,92,19.9,2013-06-11,MC72,ASY,2013
R,2401.77263,M,G,121,122,55,96,21.4,2013-06-11,MC72,AHY,2013
B,2401.80344,M,G,121,122,56,97,21,2013-06-15,MC73,AHY,2013
R,2351.37594,F,G,110,111,52,87,21.4,2013-06-15,MC73,ASY,2013
R,2511.67596,F,B,110,111,50,85,18.9,2013-06-21,MC74,ASY,2013
R,2401.77171,M,G,124,125,58,99,22.5,2013-06-21,MC74,AHY,2013
B,2401.80343,F,G,117,117,55,90,21.8,2013-06-15,MC75,ASY,2013
R,2401.77175,M,G,115,116,56,92,19.6,2013-06-15,MC75,AHY,2013
R,2351.37636,M,G,119,120,57,95,20.3,2013-06-11,MC76,AHY,2013
R,2221.31946,F,G,117,119,58,91,19,2013-06-08,MC76,ASY,2013
B,2401.80324,F,I,115,116,55,90,20.4,2013-06-11,MC77,AHY,2013
R,2351.37884,M,G,121,122,55,99,20.6,2013-06-11,MC77,AHY,2013
R,2221.317,M,G,122,122,60,97,20.2,2013-06-08,MC78,AHY,2013
R,2401.77183,F,G,112,113,55,96,19.1,2013-06-08,MC78,ASY,2013
B,2401.80332,F,G,114,115,52,91,19.5,2013-06-13,MC79,ASY,2013
R,2401.7717,M,G,120,121,56,95,19.9,2013-06-13,MC79,AHY,2013
B,2401.80338,F,B,119,120,55,95,21.1,2013-06-15,MC80,ASY,2013
R,2401.80251,M,G,117,117,50,90,19.6,2013-06-17,MC80,AHY,2013
B,2511.6774,F,G,118,119,53,92,22,2013-06-22,SL04,ASY,2013
R,2171.20084,M,G,117,119,53,93,17.8,2013-06-24,SL04,AHY,2013
R,2401.77255,F,G,115,116,53,97,19.1,2013-06-04,SL07,ASY,2013
R,2351.37433,M,G,116,117,55,93,19.2,2013-06-07,SL07,AHY,2013
R,2401.77214,M,G,120,123,56,98,20.7,2013-06-07,SL08,AHY,2013
R,2401.77202,F,G,114,115,55,95,19.8,2013-06-07,SL08,ASY,2013
R,2401.77228,F,G,118,118,56,96,23.1,2013-06-02,SL09,ASY,2013
R,2351.37955,M,G,118,119,55,99,21,2013-06-02,SL09,AHY,2013
B,2401.77281,M,G,117,118,55,94,19.6,2013-06-07,SL10,AHY,2013
B,2401.77271,F,G,116,117,55,95,20.2,2013-06-02,SL10,ASY,2013
R,2351.37488,F,G,120,120,58,97,20.2,2013-06-02,SL10,ASY,2013
R,2511.67211,F,G,118,119,56,94,20,2013-06-04,SL11,ASY,2013
R,2401.77575,M,G,115,117,58,90,20.2,2013-06-04,SL11,AHY,2013
R,2221.31738,M,G,119,120,55,96,20.8,2013-06-02,SL12,AHY,2013
B,2511.67742,F,I,118,118,55,89,19.4,2013-07-03,SL14,AHY,2013
B,2401.77288,F,G,115,116,51,89,19.4,2013-06-12,SL15,ASY,2013
R,2401.77222,F,G,117,117,56,94,19.4,2013-06-07,SL16,ASY,2013
R,2511.6717400000002,M,G,122,124,56,96,20.7,2013-06-07,SL16,AHY,2013
B,2401.77282,F,I,120,121,60,95,17.6,2013-06-09,SL17,AHY,2013
R,1881.06936,M,G,124,124,56,97,20,2013-06-07,SL17,AHY,2013
B,2511.67743,F,B,110,112,54,87,19.4,2013-07-03,SL18,ASY,2013
B,2401.77274,F,G,113,114,58,87,17.7,2013-06-07,SL19,ASY,2013
B,2401.77278,M,G,119,120,55,96,18.6,2013-06-07,SL19,AHY,2013
B,2401.77275,F,G,114,115,55,98,17.9,2013-06-07,SL20,ASY,2013
R,2401.77258,M,G,121,121,59,97,21.4,2013-06-07,SL20,AHY,2013
B,2401.7729,M,G,120,121,55,94,20.8,2013-06-12,SL21,AHY,2013
R,2351.37714,F,G,116,117,60,89,19.2,2013-06-12,SL21,ASY,2013
R,2401.77266,F,G,115,116,55,95,19.1,2013-06-07,SL22,ASY,2013
R,1881.06969,M,G,116,117,56,94,19.8,2013-06-07,SL22,AHY,2013
R,2401.77257,F,I,114,115,55,87,19.6,2013-06-09,SL23,AHY,2013
B,2401.77276,M,G,121,122,53,97,20.2,2013-06-07,SL24,AHY,2013
R,2351.37439,F,G,116,119,54,95,18.4,2013-06-07,SL24,ASY,2013
R,2351.37427,F,G,119,120,55,94,20.8,2013-06-09,SL25,ASY,2013
B,2401.77289,F,G,116,117,58,93,19.8,2013-06-12,SL26,ASY,2013
R,2401.80038,M,G,127,128,57,94,21.6,2013-06-07,SL31,AHY,2013
R,2401.77241,F,G,118,120,60,95,19.8,2013-06-07,SL31,ASY,2013
B,2401.77284,M,G,113,115,50,90,17.6,2013-06-12,SL35,AHY,2013
R,2401.77213,F,G,120,120,57,96,20.7,2013-06-12,SL35,ASY,2013
R,2401.77254,M,G,125,126,58,99,21.3,2013-06-09,SL36,AHY,2013
R,1881.06072,F,G,117,117,55,90,19.1,2013-06-09,SL38,ASY,2013
R,2401.80114,M,G,115,116,56,92,20.4,2013-06-02,SL39,AHY,2013
B,2401.77273,F,G,119,120,56,95,17.1,2013-06-04,SL40,ASY,2013
R,2351.37496,M,G,119,120,54,93,21.2,2013-06-07,SL40,AHY,2013
R,2401.77238,M,G,120,124,55,96,20,2013-06-12,SL41,AHY,2013
R,2401.77237,F,G,111,112,58,93,18.6,2013-06-07,SL41,ASY,2013
R,2311.93972,F,G,118,119,52,96,19,2013-06-07,SL51,ASY,2013
R,2351.37457,M,G,120,121,57,96,21.9,2013-06-09,SL51,AHY,2013
B,2401.7728,F,G,116,117,55,91,19.6,2013-06-07,SL55,ASY,2013
B,2401.77283,M,G,116,116,53,93,20,2013-06-09,SL55,AHY,2013
B,2511.67741,F,G,110,112,55,87,19.6,2013-06-22,SL59,ASY,2013
R,2511.6726,F,G,114,116,62,91,19.7,2013-06-07,SL60,ASY,2013
R,2351.37491,F,G,113,114,58,91,19.9,2013-06-07,SL61,ASY,2013
R,1881.06971,M,G,118,119,55,94,20.7,2013-06-07,SL61,AHY,2013
R,2401.77272,F,G,114,116,54,93,19.7,2013-06-04,SL64,ASY,2013
R,2311.9349,M,G,119,120,58,106,19.3,2013-06-04,SL64,AHY,2013
R,2351.37437,F,G,109,110,53,87,20.2,2013-06-02,SL66,ASY,2013
R,1771.43719,M,G,122,124,58,97,20.5,2013-06-12,SL70,AHY,2013
R,2401.77251,F,G,116,117,56,85,20.2,2013-06-09,SL70,ASY,2013
R,2311.93872,F,G,120,122,58,97,19.8,2013-06-02,SL71,ASY,2013
R,2351.37903,M,G,121,122,53,96,19.7,2013-06-07,SL71,AHY,2013
R,2351.37931,M,G,122,123,60,98,19.9,2013-06-12,SL72,AHY,2013
R,2351.37482,F,G,117,118,56,97,19,2013-06-12,SL72,ASY,2013
R,2351.37466,F,G,117,119,55,97,19.1,2013-06-07,SL73,ASY,2013
R,2351.37442,M,G,123,123,53,98,20.4,2013-06-07,SL73,AHY,2013
B,2511.67739,F,G,115,116,53,91,18.6,2013-06-22,SL75,ASY,2013
R,2401.77242,M,G,125,126,55,98,20.4,2013-06-22,SL75,AHY,2013
R,2401.77239,M,G,124,126,52,100,20,2013-06-07,SL76,AHY,2013
R,2401.80265,F,B,111,112,56,93,20,2013-06-02,SL76,AHY,2013
B,2401.77277,M,G,120,122,53,97,19.4,2013-06-07,SL77,AHY,2013
B,2401.77279,F,G,118,119,56,95,19,2013-06-07,SL77,ASY,2013
B,2401.77287,F,B,117,117,52,97,20.4,2013-06-12,SL78,ASY,2013
R,2401.80436,M,G,120,120,53,94,19.7,2013-06-12,SL78,AHY,2013
B,2401.77286,F,G,117,119,54,94,19.4,2013-06-12,SL79,ASY,2013
B,2401.77285,F,G,122,123,56,98,19.7,2013-06-12,SL80,ASY,2013
R,2221.31605,M,G,122,123,56,97,21.8,2013-06-12,SL80,AHY,2013
R,1771.42178,F,G,117,118,55,96,18.7,2014-06-22,PT15J,ASY,2014
R,1771.43399,M,G,122,124,56,99,20.1,2014-06-09,MC72,AHY,2014
R,1831.38412,M,G,125,128,60,101,21.7,2014-06-10,PT13H,AHY,2014
R,1831.38518,M,G,120,123,59,99,19.3,2014-06-10,PT15I,AHY,2014
R,1831.38635,M,G,122,124,55,99,21.7,2014-06-09,MC63,AHY,2014
R,1831.39074,M,G,119,122,58,100,21,2014-06-19,PT6J,AHY,2014
R,1881.06441,M,G,121,124,59,102,22.7,2014-06-13,PT11K,AHY,2014
R,1881.0684,M,G,122,123,54,98,22.1,2014-06-09,MC11,AHY,2014
R,2171.20032,M,G,119,121,56,98,21.2,2014-06-13,PT16I,AHY,2014
R,2171.20058,M,G,117,119,54,95,20.1,2014-06-10,PT12H,AHY,2014
R,2171.20075,F,G,116,118,52,92,19.8,2014-06-19,PT3J,ASY,2014
R,2171.20084,M,G,120,121,57,97,20.8,2014-06-02,SL4,AHY,2014
R,2221.31605,M,G,122,124,56,94,21.3,2014-06-20,SL80,AHY,2014
R,2311.93046,M,G,120,121,54,95,21.9,2014-06-04,MC70,AHY,2014
R,2311.93288,F,G,119,121,54,99,21.6,2014-06-08,MC51,ASY,2014
R,2311.93471,F,G,117,118,51,98,20.3,2014-06-09,MC65,ASY,2014
R,2311.9349,M,G,120,122,56,97,20,2014-06-05,SL64,AHY,2014
R,2311.9362,M,G,115,117,55,91,21.8,2014-06-11,PT13G,AHY,2014
R,2311.9367,F,G,117,120,57,97,22.4,2014-06-10,PT15I,ASY,2014
R,2311.9371,F,G,112,115,57,93,20.5,2014-06-10,PT3F,ASY,2014
R,2311.93844,F,G,116,119,57,97,21.5,2014-06-10,PT12J,ASY,2014
R,2311.93908,M,G,122,125,55,99,22.5,2014-06-20,SL63,AHY,2014
R,2311.93972,F,G,116,117,53,97,19.6,2014-06-10,SL58,ASY,2014
R,2321.05309,M,I,117,119,57,98,20.8,2014-06-13,PT14F,AHY,2014
R,2321.05313,M,G,123,126,51,96,21.8,2014-06-04,MC27,AHY,2014
R,2321.2374,F,G,116,117,53,91,20.3,2014-06-10,SL50,ASY,2014
R,2351.37012,F,G,115,116,55,91,19.8,2014-06-24,PT10J,ASY,2014
R,2351.37097,F,G,112,115,52,92,17.4,2014-06-06,MC4,ASY,2014
R,2351.37128,M,G,121,123,55,109,21.8,2014-06-19,PT5J,AHY,2014
R,2351.37139,M,G,112,115,56,94,21.1,2014-06-16,PT11H,AHY,2014
R,2351.37179,F,G,110,112,52,88,20.8,2014-06-10,PT16I,ASY,2014
R,2351.37244,F,G,113,115,67,93,20.7,2014-06-10,PT4F,ASY,2014
R,2351.37244,F,G,113,115,55,90,19.8,2014-06-11,PT4F,ASY,2014
R,2351.37278,F,G,115,117,56,94,19.3,2014-06-19,PT14I,ASY,2014
R,2351.37285,M,G,119,121,56,99,20,2014-06-11,PT4F,AHY,2014
R,2351.37433,M,G,116,117,57,94,21.2,2014-06-07,SL9,AHY,2014
R,2351.37436,M,G,119,121,53,94,23.3,2014-06-20,SL6,AHY,2014
R,2351.37439,F,G,117,119,53,94,20.2,2014-06-11,SL25,ASY,2014
R,2351.37456,M,G,116,117,53,95,21.3,2014-06-02,SL5,AHY,2014
R,2351.37457,M,G,120,121,55,96,20.9,2014-06-10,SL50,AHY,2014
R,2351.37476,M,G,118,120,55,99,22,2014-06-06,SL29,AHY,2014
R,2351.37486,M,G,121,123,55,100,20.9,2014-06-10,SL45,AHY,2014
R,2351.37488,F,G,117,118,59,95,21.6,2014-06-07,SL9,ASY,2014
R,2351.37491,F,G,114,115,52,90,20.5,2014-06-02,SL61,ASY,2014
R,2351.37495,M,G,112,114,54,92,20,2014-06-06,SL69,AHY,2014
R,2351.37496,M,G,118,119,54,94,22.3,2014-06-03,SL40,AHY,2014
R,2351.37594,F,G,109,111,50,88,22.9,2014-06-20,MC5,ASY,2014
R,2351.37691,M,G,122,124,57,98,20.8,2014-06-11,MC24,AHY,2014
R,2351.37696,M,G,117,121,57,93,21,2014-06-06,MC76,AHY,2014
R,2351.37707,F,G,111,113,54,92,19,2014-06-10,PT11I,ASY,2014
R,2351.37714,F,G,112,115,55,86,21.9,2014-06-18,SL14,ASY,2014
R,2351.37925,M,G,118,120,53,95,21.3,2014-06-06,MC47,AHY,2014
R,2351.37964,F,G,121,122,56,94,17.9,2014-06-04,MC55,ASY,2014
R,2351.39701,M,G,119,121,62,95,23.3,2014-06-11,PT15G,AHY,2014
R,2351.39712,M,G,120,121,54,98,21.7,2014-06-11,PT11G,AHY,2014
R,2351.39712,M,G,120,122,56,96,22.2,2014-06-11,PT11G,AHY,2014
R,2351.39738,M,G,122,124,58,99,22.4,2014-06-09,PT15H,AHY,2014
R,2351.39752,M,G,123,125,58,103,21.4,2014-06-16,PT5G,AHY,2014
R,2351.39808,F,G,111,113,54,90,21.9,2014-06-10,PT12H,ASY,2014
R,2351.39826,F,G,115,118,59,91,20.6,2014-06-22,PT1J,ASY,2014
R,2351.39846,M,G,113,117,56,94,21.5,2014-06-13,PT10H,AHY,2014
R,2401.77112,F,G,113,115,47,86,22.3,2014-06-04,MC32,ASY,2014
R,2401.77114,M,G,116,116,57,94,21,2014-06-04,MC55,AHY,2014
R,2401.77127,F,G,113,114,51,88,22,2014-06-04,MC34,ASY,2014
R,2401.7713,M,G,118,120,55,97,22.3,2014-06-07,MC38,AHY,2014
R,2401.77135,M,G,123,124,56,97,23.4,2014-06-08,MC49,AHY,2014
R,2401.77136,M,G,118,120,56,100,21.7,2014-06-03,MC6,AHY,2014
R,2401.77137,M,G,119,122,55,98,20.5,2014-06-24,MC5,AHY,2014
R,2401.7714,M,G,123,125,56,99,21.3,2014-06-06,MC16,AHY,2014
R,2401.77147,M,G,120,121,58,93,21.7,2014-06-04,MC34,AHY,2014
R,2401.77154,M,G,120,120,56,98,19.5,2014-06-04,MC22,AHY,2014
R,2401.77157,F,G,115,116,52,92,19.2,2014-06-11,MC27,ASY,2014
R,2401.77158,M,G,116,119,52,91,21.1,2014-06-13,MC21,AHY,2014
R,2401.77161,M,G,119,121,54,97,23.2,2014-06-11,MC29,AHY,2014
R,2401.7717,M,G,119,120,55,95,21.9,2014-06-08,MC79,AHY,2014
R,2401.77173,M,G,120,121,59,95,20.1,2014-06-03,MC10,AHY,2014
R,2401.77176,M,G,118,120,57,94,20.7,2014-06-17,MC15,AHY,2014
R,2401.77183,F,G,113,115,52,92,20.7,2014-06-07,MC29,ASY,2014
R,2401.77185,M,G,116,119,55,96,21.7,2014-06-06,MC77,AHY,2014
R,2401.77186,F,G,115,116,54,94,21.3,2014-06-08,MC73,ASY,2014
R,2401.77186,M,G,116,117,56,93,21.6,2014-06-09,MC73,ASY,2014
R,2401.77186,F,G,115,117,55,91,19.8,2014-06-11,MC73,ASY,2014
R,2401.772,F,G,115,117,52,91,22.8,2014-06-17,MC12,ASY,2014
R,2401.77205,F,G,116,117,54,93,23.5,2014-06-02,SL5,ASY,2014
R,2401.77211,M,G,117,121,51,96,21.9,2014-06-07,SL53,AHY,2014
R,2401.77214,M,G,120,123,52,97,21.4,2014-06-07,SL7,AHY,2014
R,2401.7722,F,G,115,117,52,94,21.5,2014-06-04,MC72,ASY,2014
R,2401.77223,F,G,113,114,53,93,22.7,2014-06-05,SL11,ASY,2014
R,2401.77228,F,G,114,117,53,95,23.9,2014-06-06,SL68,ASY,2014
R,2401.77231,M,G,117,118,54,95,21.1,2014-06-06,MC58,AHY,2014
R,2401.77239,M,G,124,126,56,100,21.9,2014-06-11,SL76,AHY,2014
R,2401.7724,M,G,118,121,52,95,21.4,2014-06-10,SL58,AHY,2014
R,2401.77241,F,G,118,120,56,95,21.5,2014-06-02,SL4,ASY,2014
R,2401.77247,M,G,119,122,59,97,24,2014-06-05,SL77,AHY,2014
R,2401.77255,F,G,111,112,51,94,21.6,2014-06-10,SL7,ASY,2014
R,2401.77262,F,G,112,114,54,92,21.7,2014-06-17,MC66,ASY,2014
R,2401.77271,F,G,116,116,57,92,21.8,2014-06-05,SL62,ASY,2014
R,2401.77274,F,G,112,113,51,91,19.5,2014-06-04,MC49,ASY,2014
R,2401.77275,F,G,112,113,56,92,19.4,2014-06-06,SL69,ASY,2014
R,2401.77279,F,G,118,119,61,93,22.2,2014-06-05,SL77,ASY,2014
R,2401.7728,F,G,112,114,55,91,21.9,2014-06-18,SL6,ASY,2014
R,2401.77281,M,G,117,117,56,96,20.7,2014-06-02,SL8,AHY,2014
R,2401.77285,F,G,122,124,53,98,23.3,2014-06-18,SL80,ASY,2014
R,2401.77286,F,G,117,120,53,94,20.8,2014-06-06,SL34,ASY,2014
R,2401.77289,F,G,112,115,53,93,22.2,2014-06-25,SL27,ASY,2014
R,2401.77291,M,G,127,129,52,97,22.6,2014-06-20,SL13,AHY,2014
R,2401.77298,F,G,122,123,56,97,20.8,2014-06-02,SL66,ASY,2014
R,2401.77299,F,G,114,116,52,88,21.6,2014-06-02,SL1,ASY,2014
R,2401.77299,F,G,112,117,57,92,21.8,2014-06-06,SL1,ASY,2014
R,2401.7754,F,G,115,116,51,84,25.3,2014-06-03,MC14,ASY,2014
R,2401.77578,M,G,116,120,53,92,20,2014-06-06,MC18,AHY,2014
R,2401.77639,M,G,119,121,51,98,21.5,2014-06-06,MC3,AHY,2014
R,2401.77777,M,G,122,123,58,96,22.2,2014-06-02,SL2,AHY,2014
R,2401.77884,M,G,120,121,56,96,20.4,2014-06-09,MC14,AHY,2014
R,2401.78049,F,G,113,113,54,91,19.1,2014-06-09,PT14J,ASY,2014
R,2401.78062,F,G,109,111,53,91,19.2,2014-06-09,PT10K,ASY,2014
R,2401.78068,F,I,109,113,52,89,21.8,2014-06-16,PT17D,AHY,2014
R,2401.78081,M,G,115,117,54,90,20.8,2014-06-09,PT10G,AHY,2014
R,2401.78085,F,G,113,116,59,93,18.9,2014-06-19,PT13I,ASY,2014
R,2401.78089,F,G,110,115,55,90,22.2,2014-06-10,PT4I,ASY,2014
R,2401.78092,M,G,116,118,57,96,20.3,2014-06-13,PT19E,AHY,2014
R,2401.78095,M,G,115,118,55,93,21.6,2014-06-10,PT19F,AHY,2014
R,2401.78099,F,G,116,121,56,95,21.5,2014-06-09,PT15H,ASY,2014
R,2401.78106,F,G,112,117,54,92,20.5,2014-06-09,PT16F,ASY,2014
R,2401.78114,F,G,109,111,50,87,21.6,2014-06-11,PT2J,ASY,2014
R,2401.78145,M,G,120,122,57,95,21,2014-06-10,PT11I,AHY,2014
R,2401.78179,M,G,120,122,56,97,21,2014-06-10,PT9K,AHY,2014
R,2401.78232,M,G,126,128,54,95,22.3,2014-06-20,SL47,AHY,2014
R,2401.78244,M,G,119,122,54,106,20.7,2014-06-10,SL65,AHY,2014
R,2401.78311,M,G,118,121,57,99,21.3,2014-06-10,PT12I,AHY,2014
R,2401.78326,F,G,115,117,55,89,20.5,2014-06-11,PT5G,ASY,2014
R,2401.78329,F,G,110,113,49,90,19.8,2014-06-09,PT15G,ASY,2014
R,2401.78335,M,G,115,118,53,95,19.4,2014-06-10,PT18E,AHY,2014
R,2401.7838,F,I,115,115,54,90,21.9,2014-06-09,PT9F,AHY,2014
R,2401.78391,M,G,119,121,56,94,22.5,2014-06-11,SL78,AHY,2014
R,2401.78397,M,G,118,119,54,98,20.4,2014-06-19,PT15J,AHY,2014
R,2401.78414,F,G,114,115,54,90,19.9,2014-06-19,PT5J,ASY,2014
R,2401.78457,F,G,118,120,57,94,20.6,2014-06-10,PT11J,ASY,2014
R,2401.78469,F,G,113,115,56,92,20.7,2014-06-13,PT19F,ASY,2014
R,2401.78501,F,I,114,116,56,96,19.2,2014-06-19,PT6J,AHY,2014
R,2401.78506,F,G,112,112,53,85,22.4,2014-06-03,MC16,ASY,2014
R,2401.78506,F,G,112,115,53,89,20,2014-06-06,MC16,ASY,2014
R,2401.78516,M,G,119,121,59,98,21.6,2014-06-10,PT18G,AHY,2014
R,2401.7852,F,G,115,117,52,91,20.1,2014-06-10,PT13J,ASY,2014
R,2401.78532,M,G,120,121,61,99,21.8,2014-06-10,PT2F,AHY,2014
R,2401.78532,M,G,123,125,57,98,20.9,2014-06-11,PT2F,AHY,2014
R,2401.78557,M,G,119,121,60,99,21.2,2014-06-10,PT3F,AHY,2014
R,2401.7856,F,G,110,115,52,89,19.5,2014-06-10,PT13H,ASY,2014
R,2401.78583,F,G,116,118,55,91,19.8,2014-06-09,PT10G,ASY,2014
R,2401.78618,M,G,117,120,55,95,22.4,2014-06-09,PT9F,AHY,2014
R,2401.78621,F,G,115,117,56,93,20.2,2014-06-10,PT8J,ASY,2014
R,2401.78657,F,G,115,117,56,91,21.4,2014-06-11,PT11G,ASY,2014
R,2401.78657,F,G,115,117,55,90,21.3,2014-06-11,PT11G,ASY,2014
R,2401.78694,M,G,119,121,55,96,20.7,2014-06-11,PT10I,AHY,2014
R,2401.78697,M,G,120,122,54,95,21.6,2014-06-10,PT8J,AHY,2014
R,2401.78698,M,G,118,122,57,96,20.3,2014-06-10,PT11J,AHY,2014
R,2401.78699,F,G,115,116,53,90,18.9,2014-06-24,PT12G,ASY,2014
R,2401.787,M,G,117,119,54,93,20.2,2014-06-19,PT14H,AHY,2014
R,2401.78702,M,G,117,119,56,96,21.1,2014-06-11,PT16J,AHY,2014
R,2401.78703,F,G,119,120,56,98,20.7,2014-06-19,PT7K,ASY,2014
R,2401.78703,M,G,116,119,57,97,20.7,2014-06-19,PT13I,AHY,2014
R,2401.78705,F,G,113,115,54,88,20,2014-06-11,PT18F,ASY,2014
R,2401.78707,F,G,113,115,55,94,21,2014-06-10,PT18E,ASY,2014
R,2401.78708,F,G,116,118,60,95,19.9,2014-06-09,PT19E,ASY,2014
R,2401.7871,F,G,115,117,56,98,19.8,2014-06-09,PT15F,ASY,2014
R,2401.78712,F,G,112,113,52,91,18.5,2014-06-10,PT10H,ASY,2014
R,2401.78713,M,G,119,122,57,96,19.5,2014-06-19,PT7K,AHY,2014
R,2401.78714,M,G,118,121,57,99,20.6,2014-06-13,PT18F,AHY,2014
R,2401.78722,F,G,113,116,59,95,20.6,2014-06-13,PT14F,ASY,2014
B,2401.78725,F,G,114,115,50,89,19.7,2014-06-09,PT14G,ASY,2014
B,2401.78726,M,G,117,120,55,95,20.9,2014-06-09,PT14J,AHY,2014
B,2401.78727,M,G,117,119,57,97,20.9,2014-06-09,PT16F,AHY,2014
B,2401.78728,M,G,117,118,55,92,21.6,2014-06-10,PT4I,AHY,2014
B,2401.78729,F,G,115,119,60,96,19.5,2014-06-10,PT7F,ASY,2014
B,2401.7873,F,I,112,113,54,92,19.8,2014-06-10,PT2F,AHY,2014
R,2401.7873,F,I,113,115,54,90,19.1,2014-06-11,PT2F,AHY,2014
B,2401.78731,F,G,111,117,54,89,20.2,2014-06-10,PT4G,ASY,2014
R,2401.78731,F,G,113,115,54,90,19.1,2014-06-11,PT4G,ASY,2014
B,2401.78732,M,G,121,123,59,100,20.7,2014-06-10,PT7F,AHY,2014
B,2401.78733,F,G,114,117,52,91,18.2,2014-06-10,PT11K,ASY,2014
B,2401.78734,F,G,112,113,53,94,21,2014-06-10,PT18G,ASY,2014
B,2401.78735,F,G,110,112,48,89,23,2014-06-11,PT10I,ASY,2014
B,2401.78736,F,G,112,115,57,91,21.2,2014-06-11,PT16J,ASY,2014
B,2401.78737,F,G,110,112,52,85,20.1,2014-06-11,PT13G,ASY,2014
B,2401.78738,M,G,112,115,54,94,20.1,2014-06-13,PT12J,AHY,2014
B,2401.78739,M,G,113,115,54,91,20.7,2014-06-16,PT17G,AHY,2014
B,2401.7874,F,G,114,116,57,95,18.6,2014-06-19,PT4J,ASY,2014
B,2401.78741,F,I,112,114,49,90,19.5,2014-06-19,PT7J,AHY,2014
R,2401.78742,M,G,125,128,58,100,21.8,2014-06-19,PT7J,AHY,2014
B,2401.78743,M,G,118,119,56,90,20.3,2014-06-24,PT10J,AHY,2014
R,2401.78996,M,G,114,116,53,92,19.4,2014-06-10,PT13J,AHY,2014
R,2401.80017,M,G,121,122,53,102,21.6,2014-06-02,SL3,AHY,2014
R,2401.801,F,G,117,121,57,97,20.7,2014-06-07,MC24,ASY,2014
R,2401.80151,M,G,120,122,56,93,20.8,2014-06-03,SL28,AHY,2014
R,2401.80227,M,G,116,118,54,92,20.7,2014-06-03,MC60,ASY,2014
R,2401.80265,F,G,109,110,56,92,21.1,2014-06-05,SL76,ASY,2014
B,2401.80299,F,G,117,118,57,91,21.7,2014-06-03,MC80,ASY,2014
R,2401.80309,F,G,118,120,52,92,19.2,2014-06-04,MC45,ASY,2014
R,2401.80311,F,G,114,116,53,96,24,2014-06-06,MC47,ASY,2014
R,2401.80314,M,G,118,120,54,96,20.8,2014-06-06,MC67,AHY,2014
R,2401.80315,F,G,111,115,51,95,20.5,2014-06-13,MC41,AHY,2014
R,2401.80317,M,G,119,121,55,97,21.1,2014-06-07,MC23,AHY,2014
R,2401.80318,F,G,118,119,57,94,22.2,2014-06-03,MC3,ASY,2014
R,2401.80319,M,G,116,119,57,98,19.5,2014-06-06,MC7,AHY,2014
R,2401.8032,F,G,119,120,58,95,22.3,2014-06-03,MC59,ASY,2014
R,2401.80322,F,G,116,119,54,99,18.4,2014-06-06,MC8,ASY,2014
R,2401.80323,F,G,116,117,54,97,25.9,2014-06-03,MC6,ASY,2014
R,2401.80324,F,G,112,114,51,90,21.8,2014-06-04,MC74,ASY,2014
R,2401.80325,M,G,114,121,52,95,24.6,2014-06-17,MC12,AHY,2014
R,2401.80327,F,G,114,116,56,94,21.3,2014-06-04,MC71,ASY,2014
R,2401.80328,M,G,116,118,55,100,21.4,2014-06-08,MC71,AHY,2014
R,2401.80329,M,G,121,122,56,96,20.8,2014-06-06,MC8,AHY,2014
R,2401.8033,F,G,116,117,50,98,20.8,2014-06-06,MC63,ASY,2014
R,2401.80334,M,G,120,123,54,98,20.3,2014-06-09,MC33,AHY,2014
R,2401.80334,M,G,118,120,56,94,21.5,2014-06-09,MC20,AHY,2014
R,2401.80336,F,G,119,121,50,95,21.4,2014-06-04,MC31,ASY,2014
R,2401.80342,F,G,115,118,53,91,21.6,2014-06-04,MC28,ASY,2014
R,2401.80343,F,G,115,117,56,92,22,2014-06-06,MC77,ASY,2014
R,2401.80345,F,G,112,113,52,92,19.5,2014-06-07,MC23,ASY,2014
R,2401.80346,F,G,115,116,52,91,20.1,2014-06-04,MC70,ASY,2014
R,2401.80347,F,G,110,112,51,84,19.7,2014-06-09,MC11,ASY,2014
R,2401.80351,F,G,118,120,53,99,21.4,2014-06-08,MC30,ASY,2014
R,2401.80352,F,G,114,118,50,91,22.1,2014-06-07,MC78,ASY,2014
R,2401.80353,M,G,116,120,56,98,22.2,2014-06-07,MC26,AHY,2014
B,2401.80354,F,G,114,116,53,94,21.4,2014-06-03,MC67,ASY,2014
B,2401.80355,F,G,115,116,56,90,21.6,2014-06-03,MC75,ASY,2014
B,2401.80356,F,G,108,109,51,89,21.2,2014-06-03,MC58,ASY,2014
B,2401.80357,F,G,116,117,54,89,23.4,2014-06-03,MC60,ASY,2014
B,2401.80358,M,G,119,121,55,100,20.5,2014-06-03,MC59,AHY,2014
B,2401.80359,M,G,120,123,55,98,21.1,2014-06-04,MC28,AHY,2014
B,2401.8036,F,G,115,116,53,90,25,2014-06-04,MC54,ASY,2014
B,2401.80361,M,G,117,118,59,96,21.5,2014-06-04,MC54,AHY,2014
B,2401.80362,F,G,115,116,54,88,22.2,2014-06-04,MC22,ASY,2014
B,2401.80363,M,G,121,123,53,96,21.7,2014-06-04,MC32,AHY,2014
B,2401.80364,F,G,113,116,55,91,21,2014-06-04,MC33,ASY,2014
B,2401.80365,M,G,112,114,54,87,19.3,2014-06-04,MC74,AHY,2014
R,2401.80367,F,G,110,112,48,87,18.1,2014-06-06,MC62,ASY,2014
B,2401.80368,M,G,118,122,59,101,22.7,2014-06-06,MC75,AHY,2014
B,2401.80369,F,G,115,117,57,91,22.5,2014-06-06,MC7,ASY,2014
B,2401.8037,F,G,109,111,50,86,20.5,2014-06-06,MC17,ASY,2014
B,2401.80371,F,G,108,111,51,88,19.6,2014-06-06,MC52,ASY,2014
B,2401.80372,M,G,115,116,57,95,20.4,2014-06-06,MC17,AHY,2014
R,2401.80372,M,G,115,119,54,92,20.2,2014-06-24,MC50,AHY,2014
B,2401.80373,F,G,117,120,54,95,19.8,2014-06-06,MC76,ASY,2014
B,2401.80374,F,G,113,116,52,91,20.5,2014-06-06,MC44,ASY,2014
B,2401.80375,F,G,111,114,54,91,20.8,2014-06-06,MC18,ASY,2014
B,2401.80376,F,G,112,113,56,91,17.7,2014-06-07,MC39,ASY,2014
B,2401.80377,F,I,115,117,58,94,21.1,2014-06-07,MC38,AHY,2014
B,2401.80378,M,G,118,121,54,95,19.6,2014-06-07,MC78,AHY,2014
B,2401.80379,F,G,112,118,52,91,22.6,2014-06-07,MC26,ASY,2014
B,2401.8038,F,G,115,116,52,93,20.9,2014-06-08,MC37,ASY,2014
B,2401.80381,F,G,114,115,51,93,21,2014-06-08,MC48,ASY,2014
B,2401.80382,M,G,125,126,54,97,21.6,2014-06-08,MC40,AHY,2014
B,2401.80383,F,G,114,117,52,89,22.1,2014-06-08,MC79,ASY,2014
B,2401.80384,M,G,123,124,55,101,21.5,2014-06-09,MC19,AHY,2014
B,2401.80385,F,G,115,117,54,92,20.1,2014-06-09,MC19,ASY,2014
B,2401.80386,M,G,121,122,55,97,20.3,2014-06-09,MC4,AHY,2014
B,2401.80387,M,G,114,116,57,91,19.5,2014-06-11,MC48,AHY,2014
B,2401.80388,F,G,112,114,53,92,24,2014-06-13,MC64,ASY,2014
B,2401.80389,F,G,115,116,50,92,20.4,2014-06-13,MC35,ASY,2014
B,2401.8039,F,G,119,120,54,99,22.5,2014-06-13,MC13,ASY,2014
B,2401.80391,M,G,120,123,56,100,20.6,2014-06-13,MC37,AHY,2014
B,2401.80392,F,B,109,111,48,85,22.3,2014-06-17,MC15,ASY,2014
B,2401.80393,M,G,115,119,52,92,21.7,2014-06-17,MC66,AHY,2014
B,2401.80394,F,B,116,118,50,93,20,2014-06-17,MC2,ASY,2014
B,2401.80395,F,G,114,115,52,91,21.5,2014-06-20,MC50,ASY,2014
B,2401.80396,F,B,110,112,51,91,21.4,2014-06-24,MC53,ASY,2014
R,2401.80473,F,G,112,115,56,94,20,2014-06-03,SL28,ASY,2014
R,2401.80505,M,G,120,121,59,96,21.5,2014-06-24,MC53,AHY,2014
R,2401.80551,M,G,118,121,56,96,20.3,2014-06-03,SL41,AHY,2014
R,2401.80567,M,G,115,120,52,92,20.5,2014-06-13,MC64,AHY,2014
R,2401.80623,M,G,116,118,60,94,20.3,2014-06-07,MC39,AHY,2014
R,2401.80644,M,G,120,121,58,93,20.6,2014-06-03,MC80,AHY,2014
R,2401.8071,F,B,114,115,53,93,20.1,2014-06-19,PT14H,ASY,2014
B,2401.89367,F,G,112,114,50,90,20.9,2014-06-04,MC62,ASY,2014
R,2511.65417,M,G,116,118,54,95,21.5,2014-06-09,PT14G,AHY,2014
R,2511.65705,M,G,119,120,60,84,20,2014-06-22,PT4J,AHY,2014
R,2511.65909,M,G,119,121,57,98,20.3,2014-06-24,PT3J,AHY,2014
R,2511.65918,F,G,117,119,56,96,21.6,2014-06-16,PT17G,ASY,2014
R,2511.65937,M,G,120,122,56,94,21.1,2014-06-11,PT2J,AHY,2014
R,2511.6717400000002,M,G,122,124,57,101,21.8,2014-06-08,MC51,AHY,2014
B,2511.67182,M,G,120,123,60,79,21.2,2014-06-20,SL51,AHY,2014
R,2511.67208,M,G,118,120,54,94,21.9,2014-06-06,SL34,AHY,2014
R,2511.67211,F,G,116,120,56,95,20.6,2014-06-02,SL8,ASY,2014
R,2511.67269,M,G,121,122,55,98,22.9,2014-06-11,SL25,AHY,2014
R,2511.67307,F,G,113,116,55,90,20.8,2014-06-03,SL35,ASY,2014
R,2511.67313,M,G,119,121,53,96,20.5,2014-06-25,SL48,AHY,2014
R,2511.67365,M,G,114,117,58,94,21.1,2014-06-06,SL68,AHY,2014
R,2511.67381,F,G,115,116,53,89,20.2,2014-06-07,SL78,ASY,2014
R,2511.67386,M,G,118,120,56,91,21.9,2014-06-08,MC31,AHY,2014
R,2511.67386,M,G,116,118,53,93,20.4,2014-06-11,MC30,AHY,2014
R,2511.6755,F,G,115,116,53,92,21.1,2014-06-12,SL30,ASY,2014
R,2511.67573,F,G,114,115,55,92,21,2014-06-24,MC43,ASY,2014
R,2511.67596,F,G,113,117,49,92,20.6,2014-06-08,MC40,ASY,2014
R,2511.67718,F,G,111,114,50,89,19.9,2014-06-12,SL49,ASY,2014
R,2511.67719,M,G,119,121,54,97,20.8,2014-06-12,SL49,AHY,2014
R,2511.6772,F,G,115,116,51,87,21.1,2014-06-03,SL52,ASY,2014
R,2511.67721,F,G,114,116,52,91,21.2,2014-06-10,SL44,ASY,2014
R,2511.67723,F,G,114,118,52,88,21.5,2014-06-02,SL3,ASY,2014
R,2511.67724,F,G,112,114,53,89,21.2,2014-06-05,SL53,ASY,2014
R,2511.67729,F,G,113,115,53,89,21.3,2014-06-03,SL59,ASY,2014
R,2511.67731,F,G,110,112,51,90,21.8,2014-06-05,SL57,ASY,2014
R,2511.67733,F,G,111,112,54,89,21.7,2014-06-03,SL29,ASY,2014
R,2511.67734,F,G,111,115,51,93,20.5,2014-06-07,SL43,ASY,2014
R,2511.67735,F,G,108,111,53,87,23,2014-06-20,SL63,ASY,2014
R,2511.67736,M,G,123,124,56,96,20.3,2014-06-11,SL43,AHY,2014
R,2511.67738,M,G,119,121,60,96,19.2,2014-06-05,SL59,AHY,2014
R,2511.67742,F,G,116,119,54,93,20.1,2014-06-10,SL70,ASY,2014
B,2511.67744,F,G,117,120,54,95,22.7,2014-06-02,SL65,ASY,2014
B,2511.67745,F,G,115,116,54,91,21.1,2014-06-02,SL2,ASY,2014
B,2511.67746,F,G,115,116,52,92,21.3,2014-06-02,SL55,ASY,2014
B,2511.67747,M,G,119,120,58,94,21.1,2014-06-02,SL66,AHY,2014
B,2511.67748,M,G,115,117,55,97,21.6,2014-06-02,SL12,AHY,2014
B,2511.67749,F,G,115,117,54,89,21.6,2014-06-02,SL12,ASY,2014
B,2511.6775,F,G,115,117,52,95,23.8,2014-06-03,MC10,ASY,2014
B,2511.67751,F,G,113,116,54,91,23.1,2014-06-03,SL56,ASY,2014
B,2511.67752,M,G,119,123,54,96,20.8,2014-06-03,SL35,AHY,2014
B,2511.67753,M,G,115,116,52,92,20.4,2014-06-03,SL56,AHY,2014
B,2511.67754,F,G,109,111,54,90,23,2014-06-03,SL39,ASY,2014
B,2511.67755,F,I,115,116,53,91,23.2,2014-06-03,SL38,AHY,2014
B,2511.67757,M,G,116,117,55,93,22.5,2014-06-03,SL52,AHY,2014
B,2511.67758,F,B,115,116,54,94,21.3,2014-06-03,SL41,ASY,2014
B,2511.67759,M,G,116,117,53,92,22.1,2014-06-03,SL39,AHY,2014
B,2511.6776,F,G,112,115,53,87,24.8,2014-06-05,SL54,ASY,2014
B,2511.67761,M,G,116,119,53,92,22.2,2014-06-05,SL61,AHY,2014
B,2511.67762,F,G,117,117,59,93,20.4,2014-06-05,SL64,ASY,2014
B,2511.67763,F,G,113,117,56,94,21,2014-06-06,SL31,ASY,2014
B,2511.67764,M,G,121,125,62,104,21,2014-06-06,SL31,AHY,2014
B,2511.67765,F,G,116,118,51,91,20.7,2014-06-06,SL40,ASY,2014
B,2511.67766,F,G,113,115,54,93,20.7,2014-06-06,SL67,ASY,2014
B,2511.67767,M,G,116,117,58,95,19.3,2014-06-06,SL67,AHY,2014
B,2511.67768,F,B,106,108,51,88,19.1,2014-06-07,SL26,ASY,2014
B,2511.67769,F,G,116,117,54,93,21.9,2014-06-10,SL45,ASY,2014
B,2511.6777,M,G,120,122,55,95,22.7,2014-06-10,SL44,AHY,2014
B,2511.67771,M,G,120,122,55,95,20.5,2014-06-10,SL57,AHY,2014
B,2511.67772,M,G,118,120,52,99,23,2014-06-10,SL62,AHY,2014
B,2511.67773,M,G,120,122,56,96,22.3,2014-06-10,SL54,AHY,2014
B,2511.67774,F,G,114,116,55,91,21.7,2014-06-10,SL71,ASY,2014
B,2511.67775,M,G,123,125,56,98,20.9,2014-06-10,SL71,AHY,2014
B,2511.67776,M,G,116,118,54,94,21.7,2014-06-10,SL70,AHY,2014
B,2511.67777,M,G,122,124,60,97,22.4,2014-06-10,SL11,AHY,2014
B,2511.67778,M,G,112,116,58,91,20.9,2014-06-10,SL10,AHY,2014
B,2511.67779,F,G,113,115,54,94,20.8,2014-06-10,SL10,ASY,2014
B,2511.6778,M,G,119,123,52,98,21.5,2014-06-20,SL14,AHY,2014
B,2511.67781,F,G,108,110,50,87,22.5,2014-06-20,SL47,ASY,2014
B,2511.67783,F,I,115,118,55,91,22,2014-06-25,SL48,AHY,2014
R,2511.67861,F,I,114,116,55,91,20.2,2014-06-20,SL46,AHY,2014
R,2511.67938,F,B,114,115,51,91,21.1,2014-06-13,MC21,ASY,2014
R,2591.83479,F,G,115,116,56,91,22.3,2014-06-10,PT9K,ASY,2014
R,2591.83501,F,B,107,110,49,85,19,2014-06-20,SL51,ASY,2014
R,2591.83516,F,B,115,117,53,90,20,2014-06-20,SL13,ASY,2014
R,2591.85863,M,G,118,119,57,96,19.7,2014-06-13,PT15F,AHY,2014
R,2591.85865,M,G,115,116,57,94,20.2,2014-06-10,PT4G,AHY,2014
R,2591.85865,M,G,116,118,58,92,19.2,2014-06-11,PT4G,AHY,2014
B,5211.67756,F,G,113,114,54,90,20.1,2014-06-03,SL42,ASY,2014
