stand;month;year;day;Time;date;quad;PIBA;PIGL;POTR;ALCR;AMAL;ARUV;PRPE;PRVI;ROAC;RUID;SABE;SHCA;SYAL;VAMY;VAVI;ACMI;ANMU;ANPA;ANRA;ARCA;ASLA;CARO;EPAN;ERGL;FRVI;GABO;GELI;HIUM;LAOC;LIBO;LIPH;MACA;ORSE;PYCH;SOSP;VIAD;CXSI;CXRI;ELGL;ELIN;ORAS;ORPU;SCPU;EQVA;LYCO;GEAM;ROWO;MELI;AGSC;ARLY;VIRE;AGSU;CAIN;CXDE;PIMA;TEMP;ARNU;EQAR;OBSN;FESA;LYAN;ABBA;BEPA;LEGR;LODI;VIED;ACRU;COCA;GORE;RUPU;DRCA;CACA;TRBO;COTR;DITR;COST;FZSB;UNKA;ORC1;ASCI;COAU;GEBI;CXHO;CXAE;CRTE;TRHY;TAOF;RILA;LOIN;RITR;VACA;MEPA;MINU;PEPA;PYAS;EQPR;LYOB;CABU;RIGL;MOUN;GYDR;POBA;SALIX;RIOX;UNKNA;HERBB;HERBD;EQSY;LAVE;VIAM;CXBY;DRPA;MEAL;ASCO;CXVA;CHCA;EPCI;SEIN;CIAR;SOUL;TRPR;MEOF;TRRE;SAAR;SOCA;SAPS;FRVE;GATR;OSCH;BRCI;AGTR;AQBR;LOCA;POYE;MINT;SASP;RUSP;SEER;THVE;ASPU;PESA;STLO;GERI;LALA;GEPU;ALTE;HAHY;SAPL;SAMY;ACSI;SAMA;ANPO;BEPU;OXMI;SACA;SAPE;ASBO;DRRO;GALA;METR;ORRO;PAPA;POPA;RUAC;SMTR;SPRO;TOGL;CXDI;CXGY;CXIN;CXLI;CXAQ;TRMA;EQFL;EQSC;MUGL;ERGR;ARLA;EPPA;CXYL;CXSO;CXRO;CXPR;CXLE;CXSP;MAMO;CXDS;RUCH;CXCO;HERB;UNKR;FRSP;ARSP;LASP;POT3;CXNL;CXTU;HOJU;TYLA;CXDW;RHMI;SADI;ERBR;PEFR;RIHU;EQPA;SAPY;CXAU;JUBA;SALU;CXCA;POPL;RUOC;CXNO;EAPN;SR
1;8;2010;1;01/08/2010;02/08/2010;0A;2;0;0;0;0.1;3;0;0;0.1;0;0;0;0;0.5;2;0;0.01;0.01;0;0;0.1;0.01;0;0.1;0;0.01;0;0;0;0;0;0.5;0;0;0.01;0;0.1;0.01;0;0.01;0;0.1;0;0.01;0;0;0;0.01;0.01;0;0;0;0;0;0;0;0;0;0;0;0;0;0;0;0;0;0;0;0;0;0;0;0;0;0;0;0;0;0;0;0;0;0;0;0;0;0;0;0;0;0;0;0;0;0;0;0;0;0;0;0;0;0;0;0;0;0;0;0;0;0;0;0;0;0;0;0;0;0;0;0;0;0;0;0;0;0;0;0;0;0;0;0;0;0;0;0;0;0;0;0;0;0;0;0;0;0;0;0;0;0;0;0;0;0;0;0;0;0;0;0;0;0;0;0;0;0;0;0;0;0;0;0;0;0;0;0;0;0;0;0;0;0;0;0;0;0;0;0;0;0;0;0;0;0;0;0;0;0;0;0;0;0;0;0;0;0;0;0;0;0;0;0;0;0;21
1;8;2010;1;01/08/2010;02/08/2010;0C;35;0;0;0;0.1;2;0;0;0;0;0;0;0;0.01;0;0;0;0.01;0;0;0.01;0;0;0;0;0.01;0;0;0;0;0;0.01;0;0;0;0;0.1;0.01;0;0;0;0;0;0.01;0;0;0;0.01;0;0;0;0;0;0;0;0;0;0;0;0;0;0;0;0;0;0;0;0;0;0;0;0;0;0;0;0;0;0;0;0;0;0;0;0;0;0;0;0;0;0;0;0;0;0;0;0;0;0;0;0;0;0;0;0;0;0;0;0;0;0;0;0;0;0;0;0;0;0;0;0;0;0;0;0;0;0;0;0;0;0;0;0;0;0;0;0;0;0;0;0;0;0;0;0;0;0;0;0;0;0;0;0;0;0;0;0;0;0;0;0;0;0;0;0;0;0;0;0;0;0;0;0;0;0;0;0;0;0;0;0;0;0;0;0;0;0;0;0;0;0;0;0;0;0;0;0;0;0;0;0;0;0;0;0;0;0;0;0;0;0;0;0;0;0;0;12
1;8;2010;1;01/08/2010;02/08/2010;0E;17;0;0;3;0;1;0;0;0;0;0;0.5;0;0.1;0.5;0;0;0;0;0;0.01;0.01;0;0;0;0.1;0.5;0;0.1;0;0;0.1;0;0;0;0;0;0;0;0.01;0;0.01;0;0.01;0;0;0;0.1;0;0;0;0;0;0;0;0;0;0;0;0;0;0;0;0;0;0;0;0;0;0;0;0;0;0;0;0;0;0;0;0;0;0;0;0;0;0;0;0;0;0;0;0;0;0;0;0;0;0;0;0;0;0;0;0;0;0;0;0;0;0;0;0;0;0;0;0;0;0;0;0;0;0;0;0;0;0;0;0;0;0;0;0;0;0;0;0;0;0;0;0;0;0;0;0;0;0;0;0;0;0;0;0;0;0;0;0;0;0;0;0;0;0;0;0;0;0;0;0;0;0;0;0;0;0;0;0;0;0;0;0;0;0;0;0;0;0;0;0;0;0;0;0;0;0;0;0;0;0;0;0;0;0;0;0;0;0;0;0;0;0;0;0;0;0;0;16
1;8;2010;1;01/08/2010;02/08/2010;0G;15;0;0;3;0.01;1;0.1;0;0;0;0;0;0;0.5;1;0;0;0.01;0;0;0.1;0.01;0;0;0;0.1;2;0;0;0.5;0;1;0;0;0;0;0.01;0;0;0.1;0;0.01;0;0.01;0;0;0;0.1;0;0;0;0;0;0;0;0;0;0;0;0;0;0;0;0;0;0;0;0;0;0;0;0;0;0;0;0;0;0;0;0;0;0;0;0;0;0;0;0;0;0;0;0;0;0;0;0;0;0;0;0;0;0;0;0;0;0;0;0;0;0;0;0;0;0;0;0;0;0;0;0;0;0;0;0;0;0;0;0;0;0;0;0;0;0;0;0;0;0;0;0;0;0;0;0;0;0;0;0;0;0;0;0;0;0;0;0;0;0;0;0;0;0;0;0;0;0;0;0;0;0;0;0;0;0;0;0;0;0;0;0;0;0;0;0;0;0;0;0;0;0;0;0;0;0;0;0;0;0;0;0;0;0;0;0;0;0;0;0;0;0;0;0;0;0;0;19
1;8;2010;1;01/08/2010;02/08/2010;0I;21;0;0;15;0.1;0.1;0;0;0.1;0.01;0;0;0;0.5;0.5;0;0;0.01;0;0;0.01;0.01;0;0;0;0.01;0.5;0;0;1;0;0.5;0;0;0;0;0;0;0;0.5;0;0.01;0;0;0;0;0;0;0;0;0;0;0;0;0;0;0;0;0;0;0;0;0;0;0;0;0;0;0;0;0;0;0;0;0;0;0;0;0;0;0;0;0;0;0;0;0;0;0;0;0;0;0;0;0;0;0;0;0;0;0;0;0;0;0;0;0;0;0;0;0;0;0;0;0;0;0;0;0;0;0;0;0;0;0;0;0;0;0;0;0;0;0;0;0;0;0;0;0;0;0;0;0;0;0;0;0;0;0;0;0;0;0;0;0;0;0;0;0;0;0;0;0;0;0;0;0;0;0;0;0;0;0;0;0;0;0;0;0;0;0;0;0;0;0;0;0;0;0;0;0;0;0;0;0;0;0;0;0;0;0;0;0;0;0;0;0;0;0;0;0;0;0;0;0;17
1;8;2010;1;01/08/2010;02/08/2010;2A;25;0.01;0;0.1;0;0.5;0;0;0.01;0;0;0.5;0;0.1;0.1;0;0.01;0;0;0;0;0;0;0;0;0.01;0.01;0;0;0.1;0;0.1;0;0;0.01;0;0;0.01;0;0;0;0.01;0;0.01;0.01;0;0;0;0.01;0;0;0;0;0;0;0;0;0;0;0;0;0;0;0;0;0;0;0;0;0;0;0;0;0;0;0;0;0;0;0;0;0;0;0;0;0;0;0;0;0;0;0;0;0;0;0;0;0;0;0;0;0;0;0;0;0;0;0;0;0;0;0;0;0;0;0;0;0;0;0;0;0;0;0;0;0;0;0;0;0;0;0;0;0;0;0;0;0;0;0;0;0;0;0;0;0;0;0;0;0;0;0;0;0;0;0;0;0;0;0;0;0;0;0;0;0;0;0;0;0;0;0;0;0;0;0;0;0;0;0;0;0;0;0;0;0;0;0;0;0;0;0;0;0;0;0;0;0;0;0;0;0;0;0;0;0;0;0;0;0;0;0;0;0;0;19
1;8;2010;1;01/08/2010;02/08/2010;2C;25;0;0;0;0.1;15;0;0;0.1;0;0;0;0;0.1;11;0;0;0.01;0;0;0.01;0.01;0;0;0;0.1;0.01;0;0;0;0;0.5;0;0;0;0;0.01;0;0;0;0;0.01;0;0.01;0.5;0;0;0.1;0;0;0;0;0;0;0;0;0;0;0;0;0;0;0;0;0;0;0;0;0;0;0;0;0;0;0;0;0;0;0;0;0;0;0;0;0;0;0;0;0;0;0;0;0;0;0;0;0;0;0;0;0;0;0;0;0;0;0;0;0;0;0;0;0;0;0;0;0;0;0;0;0;0;0;0;0;0;0;0;0;0;0;0;0;0;0;0;0;0;0;0;0;0;0;0;0;0;0;0;0;0;0;0;0;0;0;0;0;0;0;0;0;0;0;0;0;0;0;0;0;0;0;0;0;0;0;0;0;0;0;0;0;0;0;0;0;0;0;0;0;0;0;0;0;0;0;0;0;0;0;0;0;0;0;0;0;0;0;0;0;0;0;0;0;0;0;17
1;8;2010;1;01/08/2010;02/08/2010;2E;13;0.01;0;0;1;12;0;0;0.1;0;0;2;0;1;2;0;0.01;0.01;0;0;0.01;0.01;0;0;0;0.1;0;0;0;0.1;0;0.5;0;0.01;0;0;0;0;0;0.01;0.01;0.01;0;0.01;0.1;0;0;0.1;0;0;0;0;0;0;0;0;0;0;0;0;0;0;0;0;0;0;0;0;0;0;0;0;0;0;0;0;0;0;0;0;0;0;0;0;0;0;0;0;0;0;0;0;0;0;0;0;0;0;0;0;0;0;0;0;0;0;0;0;0;0;0;0;0;0;0;0;0;0;0;0;0;0;0;0;0;0;0;0;0;0;0;0;0;0;0;0;0;0;0;0;0;0;0;0;0;0;0;0;0;0;0;0;0;0;0;0;0;0;0;0;0;0;0;0;0;0;0;0;0;0;0;0;0;0;0;0;0;0;0;0;0;0;0;0;0;0;0;0;0;0;0;0;0;0;0;0;0;0;0;0;0;0;0;0;0;0;0;0;0;0;0;0;0;0;0;22
1;8;2010;1;01/08/2010;02/08/2010;2G;19;0;0;0;0.5;1;0;0;0.01;0;0;0;0;0.1;1;0;0;0.01;0;0;0;0.01;0;0;0;0.01;0.5;0;0;0.5;0;0.5;0;0;0;0;0.01;0;0;0.1;0.01;0.01;0;0.01;0;0;0;0.01;0;0;0;0;0;0;0;0;0;0;0;0;0;0;0;0;0;0;0;0;0;0;0;0;0;0;0;0;0;0;0;0;0;0;0;0;0;0;0;0;0;0;0;0;0;0;0;0;0;0;0;0;0;0;0;0;0;0;0;0;0;0;0;0;0;0;0;0;0;0;0;0;0;0;0;0;0;0;0;0;0;0;0;0;0;0;0;0;0;0;0;0;0;0;0;0;0;0;0;0;0;0;0;0;0;0;0;0;0;0;0;0;0;0;0;0;0;0;0;0;0;0;0;0;0;0;0;0;0;0;0;0;0;0;0;0;0;0;0;0;0;0;0;0;0;0;0;0;0;0;0;0;0;0;0;0;0;0;0;0;0;0;0;0;0;0;0;18
1;8;2010;1;01/08/2010;02/08/2010;2I;16;0;0;9;0;0.5;0.1;0;0.1;0.1;0;1;0;1;1;0;0;0.01;0;0;0.01;0;0;0;0.1;0.01;0.1;0;0;1;0;1;0.1;0.01;0;0;0;0;0;0.5;0;0.01;0;0.01;0;0;0;0.01;0;0;0;0;0;0;0;0;0;0;0;0;0;0;0;0;0;0;0;0;0;0;0;0;0;0;0;0;0;0;0;0;0;0;0;0;0;0;0;0;0;0;0;0;0;0;0;0;0;0;0;0;0;0;0;0;0;0;0;0;0;0;0;0;0;0;0;0;0;0;0;0;0;0;0;0;0;0;0;0;0;0;0;0;0;0;0;0;0;0;0;0;0;0;0;0;0;0;0;0;0;0;0;0;0;0;0;0;0;0;0;0;0;0;0;0;0;0;0;0;0;0;0;0;0;0;0;0;0;0;0;0;0;0;0;0;0;0;0;0;0;0;0;0;0;0;0;0;0;0;0;0;0;0;0;0;0;0;0;0;0;0;0;0;0;0;0;22
1;8;2010;1;01/08/2010;02/08/2010;4A;5.5;0;0;0;0.25;2.5;0;0;0;0;0;0;0;0.05;1;0;0;0.005;0;0;0.05;0;0.005;0;0;0.05;0;0.005;0;0.005;0;0.05;0;0.005;0;0;0;0;0;0.05;0.005;0.05;0;0.005;0.25;0;0;0.005;0;0;0;0;0;0;0;0;0;0;0;0;0;0;0;0;0;0;0;0;0;0;0;0;0;0;0;0;0;0;0;0;0;0;0;0;0;0;0;0;0;0;0;0;0;0;0;0;0;0;0;0;0;0;0;0;0;0;0;0;0;0;0;0;0;0;0;0;0;0;0;0;0;0;0;0;0;0;0;0;0;0;0;0;0;0;0;0;0;0;0;0;0;0;0;0;0;0;0;0;0;0;0;0;0;0;0;0;0;0;0;0;0;0;0;0;0;0;0;0;0;0;0;0;0;0;0;0;0;0;0;0;0;0;0;0;0;0;0;0;0;0;0;0;0;0;0;0;0;0;0;0;0;0;0;0;0;0;0;0;0;0;0;0;0;0;0;19
1;8;2010;1;01/08/2010;02/08/2010;4C;9;0;0;0;0.5;3.5;0;0;0.5;0;0;1.5;0;0.5;2;0;0;0.005;0;0;0.05;0;0;0;0;0.25;0;0;0;0.05;0;0.25;0;0;0;0;0;0;0;0.05;0.005;0.005;0;0.005;5.5;0;0;0.005;0;0;0;0;0;0;0;0;0;0;0;0;0;0;0;0;0;0;0;0;0;0;0;0;0;0;0;0;0;0;0;0;0;0;0;0;0;0;0;0;0;0;0;0;0;0;0;0;0;0;0;0;0;0;0;0;0;0;0;0;0;0;0;0;0;0;0;0;0;0;0;0;0;0;0;0;0;0;0;0;0;0;0;0;0;0;0;0;0;0;0;0;0;0;0;0;0;0;0;0;0;0;0;0;0;0;0;0;0;0;0;0;0;0;0;0;0;0;0;0;0;0;0;0;0;0;0;0;0;0;0;0;0;0;0;0;0;0;0;0;0;0;0;0;0;0;0;0;0;0;0;0;0;0;0;0;0;0;0;0;0;0;0;0;0;0;0;18
1;8;2010;1;01/08/2010;02/08/2010;4E;4.5;0;0;0;1;1;0;0;0.25;0;0;0;0;0.25;0.25;0;0;0;0;0;0;0.005;0;0;0.005;0.05;0;0.005;0;0.25;0.005;0.5;0.05;0.005;0;0.005;0;0;0;0.05;0.005;0.005;0.005;0.005;3;0;0;0.05;0;0;0;0;0;0;0;0;0;0;0;0;0;0;0;0;0;0;0;0;0;0;0;0;0;0;0;0;0;0;0;0;0;0;0;0;0;0;0;0;0;0;0;0;0;0;0;0;0;0;0;0;0;0;0;0;0;0;0;0;0;0;0;0;0;0;0;0;0;0;0;0;0;0;0;0;0;0;0;0;0;0;0;0;0;0;0;0;0;0;0;0;0;0;0;0;0;0;0;0;0;0;0;0;0;0;0;0;0;0;0;0;0;0;0;0;0;0;0;0;0;0;0;0;0;0;0;0;0;0;0;0;0;0;0;0;0;0;0;0;0;0;0;0;0;0;0;0;0;0;0;0;0;0;0;0;0;0;0;0;0;0;0;0;0;0;0;23
1;8;2010;1;01/08/2010;02/08/2010;4G;2.5;0;0;0;0.05;3;0;0;0.05;0;0;0.05;0;0.5;1;0;0;0.005;0;0;0.05;0.005;0;0;0;0.05;0;0;0;0.05;0;0.25;0;0.005;0.005;0;0;0;0;0.05;0;0.005;0;0.005;0;0;0;0.005;0;0;0;0;0.005;0;0;0;0;0;0;0;0;0;0;0;0;0;0;0;0;0;0;0;0;0;0;0;0;0;0;0;0;0;0;0;0;0;0;0;0;0;0;0;0;0;0;0;0;0;0;0;0;0;0;0;0;0;0;0;0;0;0;0;0;0;0;0;0;0;0;0;0;0;0;0;0;0;0;0;0;0;0;0;0;0;0;0;0;0;0;0;0;0;0;0;0;0;0;0;0;0;0;0;0;0;0;0;0;0;0;0;0;0;0;0;0;0;0;0;0;0;0;0;0;0;0;0;0;0;0;0;0;0;0;0;0;0;0;0;0;0;0;0;0;0;0;0;0;0;0;0;0;0;0;0;0;0;0;0;0;0;0;0;0;0;0;20
1;8;2010;1;01/08/2010;02/08/2010;4I;6;0.25;0;0;0.05;7;0.005;0;0.005;0;0;0.05;0;0.25;5;0;0;0.05;0;0;0;0.005;0;0;0;0.005;0;0.005;0.005;0.5;0;0.5;0;0;0.005;0;0.005;0;0;0;0.005;0.05;0;0;0;0;0;0.25;0;0;0;0;0.005;0;0;0;0;0;0;0;0;0;0;0;0;0;0;0;0;0;0;0;0;0;0;0;0;0;0;0;0;0;0;0;0;0;0;0;0;0;0;0;0;0;0;0;0;0;0;0;0;0;0;0;0;0;0;0;0;0;0;0;0;0;0;0;0;0;0;0;0;0;0;0;0;0;0;0;0;0;0;0;0;0;0;0;0;0;0;0;0;0;0;0;0;0;0;0;0;0;0;0;0;0;0;0;0;0;0;0;0;0;0;0;0;0;0;0;0;0;0;0;0;0;0;0;0;0;0;0;0;0;0;0;0;0;0;0;0;0;0;0;0;0;0;0;0;0;0;0;0;0;0;0;0;0;0;0;0;0;0;0;0;0;0;22
1;8;2010;1;01/08/2010;02/08/2010;6A;20;0;0;0;1;18;0;0;0.01;0;0;0;0;2;4;0;0.01;0.01;0;0;0.1;0.01;0;0;0;0.5;0;0.01;0;1;0;0.5;0;0.01;0;0.01;0;0;0;0.1;0;0.01;0;0.01;0;0;0;0;0;0;0;0;0;0;0;0;0;0;0;0;0;0;0;0;0;0;0;0;0;0;0;0;0;0;0;0;0;0;0;0;0;0;0;0;0;0;0;0;0;0;0;0;0;0;0;0;0;0;0;0;0;0;0;0;0;0;0;0;0;0;0;0;0;0;0;0;0;0;0;0;0;0;0;0;0;0;0;0;0;0;0;0;0;0;0;0;0;0;0;0;0;0;0;0;0;0;0;0;0;0;0;0;0;0;0;0;0;0;0;0;0;0;0;0;0;0;0;0;0;0;0;0;0;0;0;0;0;0;0;0;0;0;0;0;0;0;0;0;0;0;0;0;0;0;0;0;0;0;0;0;0;0;0;0;0;0;0;0;0;0;0;0;0;0;0;19
1;8;2010;1;01/08/2010;02/08/2010;6C;14;0;0;0;1;12;0;0;0;0;0;2;0;0.5;12;0;0.01;0.1;0;0;0.1;0.01;0;0;0;0.01;0;0.1;0;0.5;0;1;0;0;0;0;0.1;0;0;0;0;0.01;0;0.01;2;0;0;0.01;0;0;0;0;0;0;0;0;0;0;0;0;0;0;0;0;0;0;0;0;0;0;0;0;0;0;0;0;0;0;0;0;0;0;0;0;0;0;0;0;0;0;0;0;0;0;0;0;0;0;0;0;0;0;0;0;0;0;0;0;0;0;0;0;0;0;0;0;0;0;0;0;0;0;0;0;0;0;0;0;0;0;0;0;0;0;0;0;0;0;0;0;0;0;0;0;0;0;0;0;0;0;0;0;0;0;0;0;0;0;0;0;0;0;0;0;0;0;0;0;0;0;0;0;0;0;0;0;0;0;0;0;0;0;0;0;0;0;0;0;0;0;0;0;0;0;0;0;0;0;0;0;0;0;0;0;0;0;0;0;0;0;0;0;0;0;0;19
1;8;2010;1;01/08/2010;02/08/2010;6E;7;0;0;0;0.5;17;0;0;0.1;0;0;0;0;1;10;0;0;0.01;0;0;0.1;0.01;0;0;0;0.1;0;0.01;0;0;0;2;0;0;0.01;0;0.01;0;0;0.1;0.01;0.01;0;0.01;1;0;0;0.1;0;0;0;0;0;0;0;0;0;0;0;0;0;0;0;0;0;0;0;0;0;0;0;0;0;0;0;0;0;0;0;0;0;0;0;0;0;0;0;0;0;0;0;0;0;0;0;0;0;0;0;0;0;0;0;0;0;0;0;0;0;0;0;0;0;0;0;0;0;0;0;0;0;0;0;0;0;0;0;0;0;0;0;0;0;0;0;0;0;0;0;0;0;0;0;0;0;0;0;0;0;0;0;0;0;0;0;0;0;0;0;0;0;0;0;0;0;0;0;0;0;0;0;0;0;0;0;0;0;0;0;0;0;0;0;0;0;0;0;0;0;0;0;0;0;0;0;0;0;0;0;0;0;0;0;0;0;0;0;0;0;0;0;0;0;0;0;20
1;8;2010;1;01/08/2010;02/08/2010;6G;40;0;0;0;0.5;20;0;0;0.1;0;0;0;0;0.1;15;0;0.01;0;0;0;0.01;0.01;0;0;0;0;0;0;0;0;0;0.1;0;0.01;0.01;0;0.01;0;0;0;0;0.01;0;0.01;0;0;0;0.1;0;0;0;0;0;0;0;0;0;0;0;0;0;0;0;0;0;0;0;0;0;0;0;0;0;0;0;0;0;0;0;0;0;0;0;0;0;0;0;0;0;0;0;0;0;0;0;0;0;0;0;0;0;0;0;0;0;0;0;0;0;0;0;0;0;0;0;0;0;0;0;0;0;0;0;0;0;0;0;0;0;0;0;0;0;0;0;0;0;0;0;0;0;0;0;0;0;0;0;0;0;0;0;0;0;0;0;0;0;0;0;0;0;0;0;0;0;0;0;0;0;0;0;0;0;0;0;0;0;0;0;0;0;0;0;0;0;0;0;0;0;0;0;0;0;0;0;0;0;0;0;0;0;0;0;0;0;0;0;0;0;0;0;0;0;0;0;16
1;8;2010;1;01/08/2010;02/08/2010;6I;20;0;0;0;0;14;0;0;0.01;0;0;0;0;1;14;0;0.01;0;0;0;0.01;0.01;0;0;0;0.5;0;0;0;0.1;0;2;0;0;0;0;0.01;0;0;0;0.01;0.01;0;0.01;0;0;0;0.1;0;0;0;0;0;0;0;0;0;0;0;0;0;0;0;0;0;0;0;0;0;0;0;0;0;0;0;0;0;0;0;0;0;0;0;0;0;0;0;0;0;0;0;0;0;0;0;0;0;0;0;0;0;0;0;0;0;0;0;0;0;0;0;0;0;0;0;0;0;0;0;0;0;0;0;0;0;0;0;0;0;0;0;0;0;0;0;0;0;0;0;0;0;0;0;0;0;0;0;0;0;0;0;0;0;0;0;0;0;0;0;0;0;0;0;0;0;0;0;0;0;0;0;0;0;0;0;0;0;0;0;0;0;0;0;0;0;0;0;0;0;0;0;0;0;0;0;0;0;0;0;0;0;0;0;0;0;0;0;0;0;0;0;0;0;0;0;16
1;8;2010;1;01/08/2010;02/08/2010;8A;1;0;0;0;0;38;0;0;0;0;0;0;0;0.01;10;0;0;0;0;0;0.1;0.01;0;0;0;0.1;0.01;0.01;0;0;0;0.1;0;0;0;0;0.1;0;0;0.01;0.01;0.1;0;0.01;0;0;0;0;0;0;0;0;0;0;0;0;0;0;0;0;0;0;0;0;0;0;0;0;0;0;0;0;0;0;0;0;0;0;0;0;0;0;0;0;0;0;0;0;0;0;0;0;0;0;0;0;0;0;0;0;0;0;0;0;0;0;0;0;0;0;0;0;0;0;0;0;0;0;0;0;0;0;0;0;0;0;0;0;0;0;0;0;0;0;0;0;0;0;0;0;0;0;0;0;0;0;0;0;0;0;0;0;0;0;0;0;0;0;0;0;0;0;0;0;0;0;0;0;0;0;0;0;0;0;0;0;0;0;0;0;0;0;0;0;0;0;0;0;0;0;0;0;0;0;0;0;0;0;0;0;0;0;0;0;0;0;0;0;0;0;0;0;0;0;0;15
1;8;2010;1;01/08/2010;02/08/2010;8C;45;0;0;0;0.1;15;0;0;0;0;0;0;0;3;13;0;0.01;0.01;0;0;0.1;0.01;0;0;0;0.5;2;0.1;0;0;0;0.5;0;0;0;0;0.01;0;0;0.1;0.1;0.01;0;0.01;0;0;0;0;0;0;0;0;0;0;0;0;0;0;0;0;0;0;0;0;0;0;0;0;0;0;0;0;0;0;0;0;0;0;0;0;0;0;0;0;0;0;0;0;0;0;0;0;0;0;0;0;0;0;0;0;0;0;0;0;0;0;0;0;0;0;0;0;0;0;0;0;0;0;0;0;0;0;0;0;0;0;0;0;0;0;0;0;0;0;0;0;0;0;0;0;0;0;0;0;0;0;0;0;0;0;0;0;0;0;0;0;0;0;0;0;0;0;0;0;0;0;0;0;0;0;0;0;0;0;0;0;0;0;0;0;0;0;0;0;0;0;0;0;0;0;0;0;0;0;0;0;0;0;0;0;0;0;0;0;0;0;0;0;0;0;0;0;0;0;0;18
1;8;2010;1;01/08/2010;02/08/2010;8E;3;0;0;0;0.5;14;0;0;0;0;0;0;0;0.1;10;0;0;0;0;0;0.1;0.01;0;0.01;0;0.1;0;0.01;0;0.1;0;0.1;0;0;0;0.01;0.1;0;0;0;0.01;0.1;0;0;0;0;0;0;0;0;0;0;0;0;0;0;0;0;0;0;0;0;0;0;0;0;0;0;0;0;0;0;0;0;0;0;0;0;0;0;0;0;0;0;0;0;0;0;0;0;0;0;0;0;0;0;0;0;0;0;0;0;0;0;0;0;0;0;0;0;0;0;0;0;0;0;0;0;0;0;0;0;0;0;0;0;0;0;0;0;0;0;0;0;0;0;0;0;0;0;0;0;0;0;0;0;0;0;0;0;0;0;0;0;0;0;0;0;0;0;0;0;0;0;0;0;0;0;0;0;0;0;0;0;0;0;0;0;0;0;0;0;0;0;0;0;0;0;0;0;0;0;0;0;0;0;0;0;0;0;0;0;0;0;0;0;0;0;0;0;0;0;0;0;0;16
1;8;2010;1;01/08/2010;02/08/2010;8G;36;0;0;0;0.1;15;0;0;0.01;0;0;0;0;0.5;7;0;0.01;0;0;0;0.1;0.01;0;0;0;0.1;0;0;0;0.5;0;1;0;0;0.01;0;0.1;0;0;0;0;0.1;0;0;0;0;0;0.01;0;0;0;0;0;0;0;0;0;0;0;0;0;0;0;0;0;0;0;0;0;0;0;0;0;0;0;0;0;0;0;0;0;0;0;0;0;0;0;0;0;0;0;0;0;0;0;0;0;0;0;0;0;0;0;0;0;0;0;0;0;0;0;0;0;0;0;0;0;0;0;0;0;0;0;0;0;0;0;0;0;0;0;0;0;0;0;0;0;0;0;0;0;0;0;0;0;0;0;0;0;0;0;0;0;0;0;0;0;0;0;0;0;0;0;0;0;0;0;0;0;0;0;0;0;0;0;0;0;0;0;0;0;0;0;0;0;0;0;0;0;0;0;0;0;0;0;0;0;0;0;0;0;0;0;0;0;0;0;0;0;0;0;0;0;0;0;16
1;8;2010;1;01/08/2010;02/08/2010;8I;35;0;0;1;0.1;13;0;0.01;0.01;0;0;0;0;0;16;0;0;0.1;0;0;0.1;0;0;0;0;0.01;0.1;0.01;0;0.01;0;0.1;0;0;0;0.01;0.01;0;0;0.01;0;0.01;0;0.01;0;0;0;0.1;0;0;0;0;0;0;0;0;0;0;0;0;0;0;0;0;0;0;0;0;0;0;0;0;0;0;0;0;0;0;0;0;0;0;0;0;0;0;0;0;0;0;0;0;0;0;0;0;0;0;0;0;0;0;0;0;0;0;0;0;0;0;0;0;0;0;0;0;0;0;0;0;0;0;0;0;0;0;0;0;0;0;0;0;0;0;0;0;0;0;0;0;0;0;0;0;0;0;0;0;0;0;0;0;0;0;0;0;0;0;0;0;0;0;0;0;0;0;0;0;0;0;0;0;0;0;0;0;0;0;0;0;0;0;0;0;0;0;0;0;0;0;0;0;0;0;0;0;0;0;0;0;0;0;0;0;0;0;0;0;0;0;0;0;0;0;0;20
3;8;2010;1;01/08/2010;07/08/2010;0A;35;0;0;10;0;0;0;0;5;5;0;0;0;0;0.1;0;0;0;0;0;0;0;2;0;0;0.1;0;0;0;0.1;0;0.5;0;0;0;0.1;0;0;0;1;0;0.01;0;0;0;0;0;0;0;0;0;0;0;0;0;0;3;0;0;0;0;0;0;0;0;0;0;0;0;0.5;0;1;0;0;0;0;0;0;0;0;0;0;0;0;0;0;0;0;0;0;0;0;0;0;0;0;0;0;0;0;0;0;0;0;0;0;0;0;0;0;0;0;0;0;0;0;0;0;0;0;0;0;0;0;0;0;0;0;0;0;0;0;0;0;0;0;0;0;0;0;0;0;0;0;0;0;0;0;0;0;0;0;0;0;0;0;0;0;0;0;0;0;0;0;0;0;0;0;0;0;0;0;0;0;0;0;0;0;0;0;0;0;0;0;0;0;0;0;0;0;0;0;0;0;0;0;0;0;0;0;0;0;0;0;0;0;0;0;0;0;0;0;0;0;0;15
3;8;2010;1;01/08/2010;07/08/2010;0C;15;0;0;18;0;0;0.5;0;1;13;0;0;0;2;0;0;0;0;0;0;0;0.01;5;0;0;0.5;0;0;0;0;0;0.5;0;0;0;0;0;0;0;2;0;0;0;0;0;0;0;0;0;0;0;0;0;0;0;0;3;0;0;0;0;0;0;0;0;0;0.1;3;0;0;1;0;0;0;0;0;0;0;0;0;0;0;0;0;0;0;0;0.1;0;0;0;0;0;0;0;0;0;0;0;0;0;0;0;0;0;0;0;0;0;0;0;0;0;0;0;0;0;0;0;0;0;0;0;0;0;0;0;0;0;0;0;0;0;0;0;0;0;0;0;0;0;0;0;0;0;0;0;0;0;0;0;0;0;0;0;0;0;0;0;0;0;0;0;0;0;0;0;0;0;0;0;0;0;0;0;0;0;0;0;0;0;0;0;0;0;0;0;0;0;0;0;0;0;0;0;0;0;0;0;0;0;0;0;0;0;0;0;0;0;0;0;0;0;0;0;16
3;8;2010;1;01/08/2010;07/08/2010;0E;20;0;0;8;0;0;2;0;2;3;0;0;0;2;0;0;0;0;0;0;0;0.01;2;0;0;0.1;0;0;0;0;0;0.1;0;0;0;0;0;0;0;0.5;0;0.5;0;0;0;0;0;0;0;0;0;0;0;0;0;0;3;0;0;0;0;0;0;0;0;0;0;5;0;1;0;0;0;0;0;0;0;0;0;0;0;0;0;0;0;0;0;0;0;0;0;0;0;0;0;0;0;0;0;0;0;0;0;0;0;0;0;0;0;0;0;0;0;0;0;0;0;0;0;0;0;0;0;0;0;0;0;0;0;0;0;0;0;0;0;0;0;0;0;0;0;0;0;0;0;0;0;0;0;0;0;0;0;0;0;0;0;0;0;0;0;0;0;0;0;0;0;0;0;0;0;0;0;0;0;0;0;0;0;0;0;0;0;0;0;0;0;0;0;0;0;0;0;0;0;0;0;0;0;0;0;0;0;0;0;0;0;0;0;0;0;0;0;0;0;15
3;8;2010;1;01/08/2010;07/08/2010;0G;20;0;0;25;0;0;0;0;5;10;0;0;0;1;0;0;0;0;0;0;0;0;3;0;0;0.1;0;0;0;0;0;0;0;0;0;0;0;0;0;0.5;0;0.5;0;0;1;0;0;0;0;0;0;0;0;0;0;0;4;0;0;0;0;0;0;0;0;0;0;15;0;2;0;0;0;0;0;0;0;0;0;0;0;0;0;0.5;0;0;0.01;0;0;0;0;0;0;0;0;0;0;0;0;0;0;0;0;0;0;0;0;0;0;0;0;0;0;0;0;0;0;0;0;0;0;0;0;0;0;0;0;0;0;0;0;0;0;0;0;0;0;0;0;0;0;0;0;0;0;0;0;0;0;0;0;0;0;0;0;0;0;0;0;0;0;0;0;0;0;0;0;0;0;0;0;0;0;0;0;0;0;0;0;0;0;0;0;0;0;0;0;0;0;0;0;0;0;0;0;0;0;0;0;0;0;0;0;0;0;0;0;0;0;0;0;0;0;0;0;15
3;8;2010;1;01/08/2010;07/08/2010;0I;30;0;0;10;0;0;0;0;10;5;0;0;0;1;0;0;0;0;0;0;0;0;0;0;0;0.5;0;0;0;0.5;0;1;0;0;0;0.1;0;0;0;5;0;0.1;0;0;0;0;0;0;0;0;0;0;0;0;0;0;6;0;0;0;0;0;0;0;0;0;0;10;0;0.1;0;0;0;0;0;0;0;0;0;0;0;0;0;0;0;0;0;0;0;0;0;0;0;0;0;0;0;0;0;0;0;0;0;0;0;0;0;0;0;0;0;0;0;0;0;0;0;0;0;0;0;0;0;0;0;0;0;0;0;0;0;0;0;0;0;0;0;0;0;0;0;0;0;0;0;0;0;0;0;0;0;0;0;0;0;0;0;0;0;0;0;0;0;0;0;0;0;0;0;0;0;0;0;0;0;0;0;0;0;0;0;0;0;0;0;0;0;0;0;0;0;0;0;0;0;0;0;0;0;0;0;0;0;0;0;0;0;0;0;0;0;0;0;0;0;14
3;8;2010;1;01/08/2010;07/08/2010;2A;30;0;0;17;0;0;2;0;3;5;0;0;0;0;0;0;0;0;0;0;0;0;3;0;0;1;0;0;0;0;0;0.1;0;0;0;0;0;0;0;1;0;0;0;0;1;0;0;0;0;0;0;0;0;0;0;0;1;0;0;0;0;0;0;0;0;0;0;15;0;1;0;0;0;0;0;0;0;0;0;0;0;0;0;0;0;0;0;0;0;0;0;0;0;0;0;0;0;0;0;0;0;0;0;0;0;0;0;0;0;0;0;0;0;0;0;0;0;0;0;0;0;0;0;0;0;0;0;0;0;0;0;0;0;0;0;0;0;0;0;0;0;0;0;0;0;0;0;0;0;0;0;0;0;0;0;0;0;0;0;0;0;0;0;0;0;0;0;0;0;0;0;0;0;0;0;0;0;0;0;0;0;0;0;0;0;0;0;0;0;0;0;0;0;0;0;0;0;0;0;0;0;0;0;0;0;0;0;0;0;0;0;0;0;0;0;13
3;8;2010;1;01/08/2010;07/08/2010;2C;15;0;0;17;0;0;5;0;8;6;0;0;0;2;0;0;0;0;0;0;0;0.01;4;0;0;0.5;0;0;0;0;0;1;0.5;0;0;0;0;0;0;3;0.1;0;0;0;0;0;0;0;0;0;0;0;0;0;0;0;2;0;0;0;0;0;0;0;0;0;0;0.5;0;0.5;0;0;0;0;0;0;0;0;0;0;0;0;0;0;0;0;0;0;0;0;0;0;0;0;0;0;0;0;0;0;0;0;0;0;0;0;0;0;0;0;0;0;0;0;0;0;0;0;0;0;0;0;0;0;0;0;0;0;0;0;0;0;0;0;0;0;0;0;0;0;0;0;0;0;0;0;0;0;0;0;0;0;0;0;0;0;0;0;0;0;0;0;0;0;0;0;0;0;0;0;0;0;0;0;0;0;0;0;0;0;0;0;0;0;0;0;0;0;0;0;0;0;0;0;0;0;0;0;0;0;0;0;0;0;0;0;0;0;0;0;0;0;0;0;0;16
3;8;2010;1;01/08/2010;07/08/2010;2E;20;0;0;7;0;0;6;0;3;2;0;0;0;1;0;0;0;0;0;0;0;0;0.5;0;1;0;0;0;0;0.5;0;0;0;0;0;0;0;0;0;2;0.5;0.5;0;0;0;0;0;0;0;0;0;0;0;0;0;0;4;0;0;0;0;0;0;0;0;0;0;17;0;0.5;0;0.5;0;0;0;0;0;0;0;0;0;0;0;0;0.01;0;0;0;0;0;0;0;0;0;0;0;0;0;0;0;0;0;0;0;0;0;0;0;0;0;0;0;0;0;0;0;0;0;0;0;0;0;0;0;0;0;0;0;0;0;0;0;0;0;0;0;0;0;0;0;0;0;0;0;0;0;0;0;0;0;0;0;0;0;0;0;0;0;0;0;0;0;0;0;0;0;0;0;0;0;0;0;0;0;0;0;0;0;0;0;0;0;0;0;0;0;0;0;0;0;0;0;0;0;0;0;0;0;0;0;0;0;0;0;0;0;0;0;0;0;0;0;0;0;0;17
3;8;2010;1;01/08/2010;07/08/2010;2G;35;0;0;15;0;0;0;0;7;8;0;0;0;1;0;0;0;0;0;0;0;0.01;0.5;0;0;0;0;0;0;0.1;0;1;0;0;0;0;0;0;0;3;0;0.5;0;0;0;0;0;0;0;0;0;0;0;0;0;0;5;0;0;0;0;0;0;0;0;0;0;5;0;0;0;0;0;0;0;0;0;0;0;0;0;0;0;0.1;0;0;0;0;0;0;0;0;0;0;0;0;0;0;0;0;0;0;0;0;0;0;0;0;0;0;0;0;0;0;0;0;0;0;0;0;0;0;0;0;0;0;0;0;0;0;0;0;0;0;0;0;0;0;0;0;0;0;0;0;0;0;0;0;0;0;0;0;0;0;0;0;0;0;0;0;0;0;0;0;0;0;0;0;0;0;0;0;0;0;0;0;0;0;0;0;0;0;0;0;0;0;0;0;0;0;0;0;0;0;0;0;0;0;0;0;0;0;0;0;0;0;0;0;0;0;0;0;0;0;0;14
3;8;2010;1;01/08/2010;07/08/2010;2I;15;0;0;22;0;0;0;0;4;7;0;0;0;3;0.1;0;0;0;0;0;0;0;1;0;0;0;0;0;0;1;0;0.5;0;0;0;0;0;0;0;2;0;0.5;0;0;0.1;0;0;0;0;0;0;0;0;0;0;0;12;0;0;0;0;0;0;0;0;0;0;10;0;1;0;0;0;0;0;0;0;0;0;0;0;0;0;0.1;0;0;0;0;0;0;0;0;0;0;0;0;0;0;0;0;0;0;0;0;0;0;0;0;0;0;0;0;0;0;0;0;0;0;0;0;0;0;0;0;0;0;0;0;0;0;0;0;0;0;0;0;0;0;0;0;0;0;0;0;0;0;0;0;0;0;0;0;0;0;0;0;0;0;0;0;0;0;0;0;0;0;0;0;0;0;0;0;0;0;0;0;0;0;0;0;0;0;0;0;0;0;0;0;0;0;0;0;0;0;0;0;0;0;0;0;0;0;0;0;0;0;0;0;0;0;0;0;0;0;0;16
3;8;2010;1;01/08/2010;07/08/2010;4A;12.5;0;0;1.5;0.25;0;1;0;2;2;0;0;0;1;0;0;0;0;0;0;0;0;0.5;0;0;0.05;0;0;0;0.05;0;0;0;0;0;0.05;0;0;0;0.5;2;0.25;0;0;1;0;0;0;0;0;0;0;0;0;0;0;1;0;0;0;0;0;0;0;0;0;0;1;0;0;0;0;0;0;0;0;0;0;0;0;0;0;0;0;0;0;0;0;0;0;0;0;0;0;0;0;0;0;0;0;0;0;0;0;0;0;0;0;0;0;0;0;0;0;0;0;0;0;0;0;0;0;0;0;0;0;0;0;0;0;0;0;0;0;0;0;0;0;0;0;0;0;0;0;0;0;0;0;0;0;0;0;0;0;0;0;0;0;0;0;0;0;0;0;0;0;0;0;0;0;0;0;0;0;0;0;0;0;0;0;0;0;0;0;0;0;0;0;0;0;0;0;0;0;0;0;0;0;0;0;0;0;0;0;0;0;0;0;0;0;0;0;0;0;0;17
3;8;2010;1;01/08/2010;07/08/2010;4C;12.5;0;0;10;0.25;0;1;0;1.5;2.5;0;0;0;1;0;0;0;0;0;0;0;0;1.5;0;0;0.25;0;0;0;0;0;0;0;0;0;0.25;0;0;0;0.5;0.5;0;0;0;1;0;0;0;0;0;0;0;0;0;0;0;1;0;0;0;0;0;1;0;0;0;0;5;0;0.5;0;0;0;0;0;0;0;0;0;0;0;0;0;0;0;0;0;0;0;0;0;0;0;0;0;0;0;0;0;0;0;0;0;0;0;0;0;0;0;0;0;0;0;0;0;0;0;0;0;0;0;0;0;0;0;0;0;0;0;0;0;0;0;0;0;0;0;0;0;0;0;0;0;0;0;0;0;0;0;0;0;0;0;0;0;0;0;0;0;0;0;0;0;0;0;0;0;0;0;0;0;0;0;0;0;0;0;0;0;0;0;0;0;0;0;0;0;0;0;0;0;0;0;0;0;0;0;0;0;0;0;0;0;0;0;0;0;0;0;0;0;0;0;0;0;17
3;8;2010;1;01/08/2010;07/08/2010;4E;12.5;0;0;10;0;0;1;0;2.5;5;0;0;0;0.25;0;0;0;0;0;0;0;0;0.5;0;0;0;0;0;0;0;0;0.25;0;0;0;0;0;0;0;0.5;0;0.5;0;0;0;0;0;0;0;0;0;0;0;0;0;0;0.5;0;0;0;0;0;0;0;0;0;0;0.05;0;0;0;0;0;0;0;0;0;0;0;0;0;0;0;0;0;0;0;0;0;0;0;0;0;0;0;0;0;0;0;0;0;0;0;0;0;0;0;0;0;0;0;0;0;0;0;0;0;0;0;0;0;0;0;0;0;0;0;0;0;0;0;0;0;0;0;0;0;0;0;0;0;0;0;0;0;0;0;0;0;0;0;0;0;0;0;0;0;0;0;0;0;0;0;0;0;0;0;0;0;0;0;0;0;0;0;0;0;0;0;0;0;0;0;0;0;0;0;0;0;0;0;0;0;0;0;0;0;0;0;0;0;0;0;0;0;0;0;0;0;0;0;0;0;0;0;12
3;8;2010;1;01/08/2010;07/08/2010;4G;5;0;0;11.5;0;0;0;0;2;4;0;0;0;0.25;0.25;0;0;0;0;0;0;0;0.5;0;0;0.25;0;0;0;0.5;0;0.05;0;0;0;0;0;0;0;1;0;0.25;0;0;0;0;0;0;0;0;0;0;0;0;0;0;2.5;0;0;0;0;0;0;0;0;0;0;0;0;0;0;0;0;0;0;0;0;0;0;0;0;0;0;0;0;0;0;0;0;0;0;0;0;0;0;0;0;0;0;0;0;0;0;0;0;0;0;0;0;0;0;0;0;0;0;0;0;0;0;0;0;0;0;0;0;0;0;0;0;0;0;0;0;0;0;0;0;0;0;0;0;0;0;0;0;0;0;0;0;0;0;0;0;0;0;0;0;0;0;0;0;0;0;0;0;0;0;0;0;0;0;0;0;0;0;0;0;0;0;0;0;0;0;0;0;0;0;0;0;0;0;0;0;0;0;0;0;0;0;0;0;0;0;0;0;0;0;0;0;0;0;0;0;0;0;13
3;8;2010;1;01/08/2010;07/08/2010;4I;15;0;0;1.5;0;0;0;0;1;0.25;0;0;0;0.25;0;0;0;0;0;0;0;0;0;0;0;0.05;0;0;0;1.5;0;0.25;0;0;0;0;0;0;0;1;0;0;0;0;0;0;0;0;0;0;0;0;0;0;0;0;1.5;0;0;0;0;0;0;0;0;0;0;0.5;0;0;0;0;0;0;0;0;0;0;0;0;0;0;0;0;0;0;0;0;0;0;0;0;0;0;0;0;0;0;0;0;0;0;0;0;0;0;0;0;0;0;0;0;0;0;0;0;0;0;0;0;0;0;0;0;0;0;0;0;0;0;0;0;0;0;0;0;0;0;0;0;0;0;0;0;0;0;0;0;0;0;0;0;0;0;0;0;0;0;0;0;0;0;0;0;0;0;0;0;0;0;0;0;0;0;0;0;0;0;0;0;0;0;0;0;0;0;0;0;0;0;0;0;0;0;0;0;0;0;0;0;0;0;0;0;0;0;0;0;0;0;0;0;0;0;0;11
3;8;2010;1;01/08/2010;07/08/2010;6A;20;0;0;15;0;3;3;0;5;2;0;0;0;2;0;0;0;0;0;0;0;0.01;2;0;0;0;0;0;0;0;0;0.5;0.01;0;0;0;0;0;0;2;2;0;0;0;0.5;0;0;0;0;0;0;0;0;0;0;0;3;0;0;0;0;0;0;0;0;0;0;0;0;0;0;0;0;0;0;0;0;0;0;0;0;0;0;0;0;0;0;0;0;0;0;0;0;0;0;0;0;0;0;0;0;0;0;0;0;0;0;0;0;0;0;0;0;0;0;0;0;0;0;0;0;0;0;0;0;0;0;0;0;0;0;0;0;0;0;0;0;0;0;0;0;0;0;0;0;0;0;0;0;0;0;0;0;0;0;0;0;0;0;0;0;0;0;0;0;0;0;0;0;0;0;0;0;0;0;0;0;0;0;0;0;0;0;0;0;0;0;0;0;0;0;0;0;0;0;0;0;0;0;0;0;0;0;0;0;0;0;0;0;0;0;0;0;0;0;15
3;8;2010;1;01/08/2010;07/08/2010;6C;27;0;0;6;0;0;1;0;4;3;0;0;0;2;0;0;0;0;0;0;0;0.01;0.5;0;0;0;0;0.1;0;3;0;0;0;0;0;0;0;0;0;2;0;1;0;0;0;0;0;0;0;0;0.01;0;0;0;0;0;3;0;0;0;0;0;0;0;0;0;0;9;0;0;0;0;0;0;0;0;0;0;0;0;0;0;0;0;0;0;0;0;0;0;0;0;0;0;0;0;0;0;0;0;0;0;0;0;0;0;0;0;0;0;0;0;0;0;0;0;0;0;0;0;0;0;0;0;0;0;0;0;0;0;0;0;0;0;0;0;0;0;0;0;0;0;0;0;0;0;0;0;0;0;0;0;0;0;0;0;0;0;0;0;0;0;0;0;0;0;0;0;0;0;0;0;0;0;0;0;0;0;0;0;0;0;0;0;0;0;0;0;0;0;0;0;0;0;0;0;0;0;0;0;0;0;0;0;0;0;0;0;0;0;0;0;0;0;0;15
3;8;2010;1;01/08/2010;07/08/2010;6E;13;0;0;21;0;0;0;0;4;6;0;0;0;1;0.5;0;0;0;0;0;0;0;0;0;0.1;0;0;0;0;1;0;1;0;0;0;0;0;0;0;1;0;0;0;0;0;0;0;0;0;0;0;0;0;0;0;0;4;0;0;0;0;0;0;0;0;0;0;9;0;0.5;0;0;0;0;0;0;0;0;0;0;0;0;0;0;0;0;0;0;0;0;0;0;0;0;0;0;0;0;0;0;0;0;0;0;0;0;0;0;0;0;0;0;0;0;0;0;0;0;0;0;0;0;0;0;0;0;0;0;0;0;0;0;0;0;0;0;0;0;0;0;0;0;0;0;0;0;0;0;0;0;0;0;0;0;0;0;0;0;0;0;0;0;0;0;0;0;0;0;0;0;0;0;0;0;0;0;0;0;0;0;0;0;0;0;0;0;0;0;0;0;0;0;0;0;0;0;0;0;0;0;0;0;0;0;0;0;0;0;0;0;0;0;0;0;0;13
3;8;2010;1;01/08/2010;07/08/2010;6G;13;0;0;12;0;0;3;0;5;5;0;0;0;0;0.5;0;0;0;0;0;0;0;2;0;0;0;0;0;0;0;0;1;0;0;0;0;0;0;0;1;3;0;0;0;0;0;0;0;0;0;0;0;0;0;0;0;8;0;0;0;0;0;0;0;0;0;0;2;0;0.5;0;0;0;0;0;0;0;0;0;0;0;0;0;0;0;0;0;0;0;0;0;0;0;0;0;0;0;0;0;0;0;0;0;0;0;0;0;0;0;0;0;0;0;0;0;0;0;0;0;0;0;0;0;0;0;0;0;0;0;0;0;0;0;0;0;0;0;0;0;0;0;0;0;0;0;0;0;0;0;0;0;0;0;0;0;0;0;0;0;0;0;0;0;0;0;0;0;0;0;0;0;0;0;0;0;0;0;0;0;0;0;0;0;0;0;0;0;0;0;0;0;0;0;0;0;0;0;0;0;0;0;0;0;0;0;0;0;0;0;0;0;0;0;0;0;13
3;8;2010;1;01/08/2010;07/08/2010;6I;20;0;0;20;0;0;0;0;3;6;0;0;0;1;0;0;0;0;0;0;0;0;3;0;0;0;0;0;0;0;0;2;0;0;0;0;0;0;0;1;0;0.5;0;0;0;0;0;0;0;0;0;0;0;0;0;0;4;0;0;0;0;0;0;0;0;0;0;7;0;0;0;0;0;0;0;0;0;0;0;0;0;0;0;0;0;0;0;0;0;0;0;0;0;0;0;0;0;0;0;0;0;0;0;0;0;0;0;0;0;0;0;0;0;0;0;0;0;0;0;0;0;0;0;0;0;0;0;0;0;0;0;0;0;0;0;0;0;0;0;0;0;0;0;0;0;0;0;0;0;0;0;0;0;0;0;0;0;0;0;0;0;0;0;0;0;0;0;0;0;0;0;0;0;0;0;0;0;0;0;0;0;0;0;0;0;0;0;0;0;0;0;0;0;0;0;0;0;0;0;0;0;0;0;0;0;0;0;0;0;0;0;0;0;0;0;11
3;8;2010;1;01/08/2010;07/08/2010;8A;27;0;0;16;0;0;2;0;5;3;0;0;0;1;0;0;0;0;0;0;0;0;1;0;0;0.5;0;0.1;0;0;0;1;0;0;0;0;0.01;0;0;0.5;0;1;0;0;0;0;0;0;0;0;0;0;0;0;0;0;4;0;0;0;0;0;0;0;0;0;0;1;0;0;0;0;0;0;0;0;0;0;0;0;0;0;0;0;0;0;0;0;0;0;0;0;0;0;0;0;0;0;0;0;0;0;0;0;0;0;0;0;0;0;0;0;0;0;0;0;0;0;0;0;0;0;0;0;0;0;0;0;0;0;0;0;0;0;0;0;0;0;0;0;0;0;0;0;0;0;0;0;0;0;0;0;0;0;0;0;0;0;0;0;0;0;0;0;0;0;0;0;0;0;0;0;0;0;0;0;0;0;0;0;0;0;0;0;0;0;0;0;0;0;0;0;0;0;0;0;0;0;0;0;0;0;0;0;0;0;0;0;0;0;0;0;0;0;0;15
3;8;2010;1;01/08/2010;07/08/2010;8C;15;0;0;7;0;0;3;0;1;4;0;0;0;1;0;0;0;0;0;0;0;0;2;0;0;0.1;0;0;0;2;0;0.5;0;0.1;0;0;0;0;0;1;0;0.5;0;0;0;0;0;0;0;0;0;0;0;0;0;0;3;0;0;0;0;0;3;0;0;0;0;5;0;1;0;0;0;0;0;0;0;0;0;0;0;0;0;0;0;0;0;0;0;0;0;0;0;0;0;0;0;0;0;0;0;0;0;0;0;0;0;0;0;0;0;0;0;0;0;0;0;0;0;0;0;0;0;0;0;0;0;0;0;0;0;0;0;0;0;0;0;0;0;0;0;0;0;0;0;0;0;0;0;0;0;0;0;0;0;0;0;0;0;0;0;0;0;0;0;0;0;0;0;0;0;0;0;0;0;0;0;0;0;0;0;0;0;0;0;0;0;0;0;0;0;0;0;0;0;0;0;0;0;0;0;0;0;0;0;0;0;0;0;0;0;0;0;0;0;17
3;8;2010;1;01/08/2010;07/08/2010;8E;20;0;0;20;0;0;0;0;3;4;0;0;0;2;0;0;0;0;0;0;0;0;3;0;0;0.5;0;0.1;0;3;0;0.1;0;0;0;0.1;0;0;0;2;0;0;0;0;0;0;0;0;0;0;0;0;0;0;0;0;8;0;0;0;0;0;0;0;0;0;0;0;0;0;0;0;0;0;0;0;0;0;0;0;0;0;0;0;0;0;0;0;0;0;0;0;0;0;0;0;0;0;0;0;0;0;0;0;0;0;0;0;0;0;0;0;0;0;0;0;0;0;0;0;0;0;0;0;0;0;0;0;0;0;0;0;0;0;0;0;0;0;0;0;0;0;0;0;0;0;0;0;0;0;0;0;0;0;0;0;0;0;0;0;0;0;0;0;0;0;0;0;0;0;0;0;0;0;0;0;0;0;0;0;0;0;0;0;0;0;0;0;0;0;0;0;0;0;0;0;0;0;0;0;0;0;0;0;0;0;0;0;0;0;0;0;0;0;0;13
3;8;2010;1;01/08/2010;07/08/2010;8G;12;0;0;21;0;0;0.5;0;4;5;0;0;0;2;0;0;0;0;0;0;0;0;4;0;0;0.5;0;0;0;0;0;0.1;0.5;0;0;0;0;0;0;3;0;0;0;0;0;0;0;0;0;0;0;0;0;0;0;0;3;0;0;0;0;0;0;0;0;0;0;2;0;0;0;0;0;0;0;0;0;0;0;0;0;0;0;0;0;0;0;0;0;0;0;0;0;0;0;0;0;0;0;0;0;0;0;0;0;0;0;0;0;0;0;0;0;0;0;0;0;0;0;0;0;0;0;0;0;0;0;0;0;0;0;0;0;0;0;0;0;0;0;0;0;0;0;0;0;0;0;0;0;0;0;0;0;0;0;0;0;0;0;0;0;0;0;0;0;0;0;0;0;0;0;0;0;0;0;0;0;0;0;0;0;0;0;0;0;0;0;0;0;0;0;0;0;0;0;0;0;0;0;0;0;0;0;0;0;0;0;0;0;0;0;0;0;0;0;13
3;8;2010;1;01/08/2010;07/08/2010;8I;20;0;0;14;0;0;0;0;12;4;0;0;0;0.5;0;0;0;0;0;0;0;0;5;0;0;0.5;0;0;0;1;0;0;0.5;0;0;0;0;0;0;6;0;0;0;0;0;0;0;0;0;0;0;0;0;0;0;0;5;0;0;0;0;0;0;0;0;0;0;5;0;0;0;0;0;0;0;0;0;0;0;0;0;0;0;0;0;0;0;0;0;0;0;0;0;0;0;0;0;0;0;0;0;0;0;0;0;0;0;0;0;0;0;0;0;0;0;0;0;0;0;0;0;0;0;0;0;0;0;0;0;0;0;0;0;0;0;0;0;0;0;0;0;0;0;0;0;0;0;0;0;0;0;0;0;0;0;0;0;0;0;0;0;0;0;0;0;0;0;0;0;0;0;0;0;0;0;0;0;0;0;0;0;0;0;0;0;0;0;0;0;0;0;0;0;0;0;0;0;0;0;0;0;0;0;0;0;0;0;0;0;0;0;0;0;0;0;12
4;8;2010;1;01/08/2010;06/08/2010;0A;5;0;0.1;0;0;0;0;0;0;5;1;0;0;0;0;0;0;0;0;0;0;0;1;0;0;0;0;0;0;1;0;0.5;0;0;0;0;0;0;0;0;0;0;0;0;0;0;0;0;0;0;0;0;0;0;0;0;1;0;0;0;0;0;0.5;0;0;0;0;0.5;0;0;0;0;0;0;0;0;0;0;0;0;0;0;0;3;0;0;0.5;0;0;0;0;0;0;0;0;0;0;0;0;0;0;0;0;0;0;0;0;0;0;0;0;0;0.01;0;0;0;0;0;0;0;0.5;0.01;0;0;0;0;0;0;0;0;0;0;0;0;0;0;0;0;0;0;0;0;0;0;0;0;0;0;0;0;0;0;0;0;0;0;0;0;0;0;0;0;0;0;0;0;0;0;0;0;0;0;0;0;0;0;0;0;0;0;0;0;0;0;0;0;0;0;0;0;0;0;0;0;0;0;0;0;0;0;0;0;0;0;0;0;0;0;0;0;0;0;0;0;0;15
4;8;2010;1;01/08/2010;06/08/2010;0C;4;0;8;0;0;0;0;0;0;5;0;0;0;0;0;0;0;0;0;0;0;0;0.1;0;0;0.1;0;0;0;0;0;0.1;0;0;0;0;0;0;0;0;0;0;0;0;0;0;0;0;0;0;0;0;0;0;0;0;0;0.1;0;0;0;0;0;0;0;0;0;0.5;0;0;0;0;0;0;0;0;0;0;0;0;0;0;0;2;0;0;0.01;0;0;0;0;0;0;0.1;0;0.1;0;0;0;0;0;0.1;0;0;0;0;0;0;0;0;0;0;0;0;0;0;0;0;0;0;0.01;0;0;0;0;0;0;0;0;0;0;0;0;0;0;0;0;0;0;0;0;0;0;0;0;0;0;0;0;0;0;0;0;0;0;0;0;0;0;0;0;0;0;0;0;0;0;0;0;0;0;0;0;0;0;0;0;0;0;0;0;0;0;0;0;0;0;0;0;0;0;0;0;0;0;0;0;0;0;0;0;0;0;0;0;0;0;0;0;0;0;0;0;0;0;14
4;8;2010;1;01/08/2010;06/08/2010;0E;11;0;3;0;0;0;0;0;0;0;0;0.01;0;0;0;0;0;0;0;0;0;0;1;0;0;0;0;0;0;0;0;0;0;0;0;0;0;0;0;0;0;0;0;0;0;0;0;0;0;0;0.01;0;0;0;0;0;0;0.01;0;0;0;0;0;0;0;0;0;0;0;0;0;0;0;0;0;0;0;0;0;0.01;0;0;0;0.5;0;0;0.1;0;0;0;0;0;0;0;0;0;0;0;0;0;0;5;0;0;0;0;0;0;0;0;0;0;0;0.1;0;0;0;0;0;0;0;0;0;0;0;0;0;0;0;0;0;0;0;0;0;0;0;0;0;0;0;0;0;0;0;0;0;0;0;0;0;0;0;0;0;0;0;0;0;0;0;0;0;0;0;0;0;0;0;0;0;0;0;0;0;0;0;0;0;0;0;0;0;0;0;0;0;0;0;0;0;0;0;0;0;0;0;0;0;0;0;0;0;0;0;0;0;0;0;0;0;0;0;0;0;11
4;8;2010;1;01/08/2010;06/08/2010;0G;9;0.01;13;0;0;0;0;0;0;0;0;0;0;0;0;0;0;0;0;0;0;0;0.1;0;0;0;0;0;0;0;0;0;0;0;0;0;0;0;0;0;0;0;0;0;0;0;0;0;0;0;0;0;0;0;0;0;0;0.01;0;0;0;0;0;0;0;0;0;0.1;0;0;0;0;0;0;0;0;0;0;0;0;0;0;0;1;0;0;0;0;0;0;0;0;0;0;0;0;0;0;0;0;0;0;0;0;0;0;0;0;0;0;0;0;0;0;0;0;0;0;0;0;0;0;0;0;0;0;0;0;0;0;0;0;0;0;0;0;0;0;0;0;0;0;0;0;0;0;0;0;0;0;0;0;0;0;0;0;0;0;0;0;0;0;0;0;0;0;0;0;0;0;0;0;0;0;0;0;0;0;0;0;0;0;0;0;0;0;0;0;0;0;0;0;0;0;0;0;0;0;0;0;0;0;0;0;0;0;0;0;0;0;0;0;0;0;0;7
4;8;2010;1;01/08/2010;06/08/2010;0I;10;0;10;0;0;0;0;0;0;0;0;0;0;0;0;0;0;0;0;0;0;0;0.5;0;0;0;0;0.01;0;0;0;0;0;0;0;0;0;0;0;0;0;0;0;0;0;0;0;0;0;0;0;0;0;0;0;0;0;0;0;0;0;0;0;0;0;0;0;0.01;0;0;0;0;0;0;0;0;0;0;0;0;0;0;0;1;0;0;0.01;0;0;0;0;0;0;0;0;0.1;0;0;0;0;0;5;0;0;0;0;0;0;0;0;0;0;0;0;0;0;0;0;0;0.01;0;0;0;0;0;0;0;0;0;0;0;0;0;0;0;0;0;0;0;0;0;0;0;0;0;0;0;0;0;0;0;0;0;0;0;0;0;0;0;0;0;0;0;0;0;0;0;0;0;0;0;0;0;0;0;0;0;0;0;0;0;0;0;0;0;0;0;0;0;0;0;0;0;0;0;0;0;0;0;0;0;0;0;0;0;0;0;0;0;0;0;0;0;0;0;10
4;8;2010;1;01/08/2010;06/08/2010;2A;2;0.1;13;0;0;0;0.01;0;0;2;2;0.1;0;0;0;0;0;0;0;0;0;0;1;0;0;0;0;0;0;0;0;0.1;0;0;0;0;0;0;0;0;0;0;0;0;0;0;0;0;0;0;0;0;0;0;0;0;0;0.1;0;0;0;0;0;0;0;0;0;1;0;0;0;0;0;0;0;0;0;0;0;0.1;0;0;0;4;0;0;3;0;0;0;0;0;0;0;0;0;0;0;0;0;0;0;0;0;0;0;0;0;0;0;0;0;0;0;0;0;0;0;0;0;0;0;0;0;0;0;0;0;0;0;0;0;0;0;0;0;0;0;0;0;0;0;0;0;0;0;0;0;0;0;0;0;0;0;0;0;0;0;0;0;0;0;0;0;0;0;0;0;0;0;0;0;0;0;0;0;0;0;0;0;0;0;0;0;0;0;0;0;0;0;0;0;0;0;0;0;0;0;0;0;0;0;0;0;0;0;0;0;0;0;0;0;0;0;0;14
4;8;2010;1;01/08/2010;06/08/2010;2C;4;0;1;0;0;0;0;0;0;6;4;0;0;0;0;0;0;0;0;0;0;0;0.5;0;0;0;0;0;0;0;0;0;0;0;0;0;0;0;0;0;0;0;0;0;0;0;0;0;0;0;0;0;0;0;0;0;0;0.5;0;0;0;0;0;0;0;0;0;0;0;0;0;0;0;0;0;0;0;0;0;0;0;0;0;4;0.01;3;2;0;0;0;0;0;0;0;0;0;0;0;0;0;0;4;0;0;0;0;0;0;0;0;0;0;0;0;0;0;0;0;0;0;0;0;0;0;0;0;0;0;0;0;0;0;0;0;0;0;0;0;0;0;0;0;0;0;0;0;0;0;0;0;0;0;0;0;0;0;0;0;0;0;0;0;0;0;0;0;0;0;0;0;0;0;0;0;0;0;0;0;0;0;0;0;0;0;0;0;0;0;0;0;0;0;0;0;0;0;0;0;0;0;0;0;0;0;0;0;0;0;0;0;0;0;0;0;0;11
4;8;2010;1;01/08/2010;06/08/2010;2E;5;0;4;0;0;0;0;0;0;0.5;5;0;0;0;0;0;0;0;0;0;0;0;3;0;0.01;0;0;0;0;0;0;0;0;0;0;0;0;0;0;0;0;0;0;0;0;0;0;0;0;0;0;0;0;0;0;0;0;0;0;0;0;0;0;0;0;0;0;0;0;0;0;0;0;0;0;0;0;0;0;0.1;0;0;0;2;0.01;0;1;0;0;0;0;0;0;0;0;0.5;0;0;0;0;0;7;0;0;0;0;0;0;0;0;0;0;0.5;0;0;0;0;0;0;0;0;0;0;0;0;0;0;0;0;0;0;0;0;0;0;0;0;0;0;0;0;0;0;0;0;0;0;0;0;0;0;0;0;0;0;0;0;0;0;0;0;0;0;0;0;0;0;0;0;0;0;0;0;0;0;0;0;0;0;0;0;0;0;0;0;0;0;0;0;0;0;0;0;0;0;0;0;0;0;0;0;0;0;0;0;0;0;0;0;0;0;0;0;0;0;13
4;8;2010;1;01/08/2010;06/08/2010;2G;3;0;9;0;0;0;0;0;0;0.1;0;0;0;0;0;0;0;0;0;0;0;0;0.1;0;0;0;0;0;0;0;0;0;0;0;0;0;0;0;0;0;0;0;0;0;0;0;0;0;0;0;0;0;0;0;0;0;0;0.01;0;0;0;0;0;0;0;0;0;0.1;0;0;0;0;0;0;0;0;0;0;0;0;0;0;0;1;0;0;0;0;0;0;0;0;0;0;0;0;0;0;0;0;0;0;0;0;0;0;0;0;0;0;0;0;0;0;0;0;0;0;0;0;0;0;0;0;0;0;0;0;0;0;0;0;0;0;0;0;0;0;0;0;0;0;0;0;0;0;0;0;0;0;0;0;0;0;0;0;0;0;0;0;0;0;0;0;0;0;0;0;0;0;0;0;0;0;0;0;0;0;0;0;0;0;0;0;0;0;0;0;0;0;0;0;0;0;0;0;0;0;0;0;0;0;0;0;0;0;0;0;0;0;0;0;0;0;0;7
4;8;2010;1;01/08/2010;06/08/2010;2I;7;0.01;6;0;0;0;0;0;0;0;4;0;0;0;0;0;0;0;0;0;0;0;0.5;0;0;0;0;0;0;0;0;0;0;0;0;0;0;0;0;0;0;0;0;0;0;0;0;0;0;0;0;0;0;0;0;0;0;0;0;0;0;0;0;0;0;0;0;0.1;0;0;0;0;0;0;0;0;0;0;0;0;0;0;0;2;0;0;0.1;0;0;0;0;0;0;0;0;0;0;0;0;0;0;3;0;0;0;0;0;0;0;0;0;0;0;0;0;0;0;0;0;0;0;0;0;0;0;0;0;0;0;0;0;0;0;0;0;0;0;0;0;0;0;0;0;0;0;0;0;0;0;0;0;0;0;0;0;0;0;0;0;0;0;0;0;0;0;0;0;0;0;0;0;0;0;0;0;0;0;0;0;0;0;0;0;0;0;0;0;0;0;0;0;0;0;0;0;0;0;0;0;0;0;0;0;0;0;0;0;0;0;0;0;0;0;0;0;9
4;8;2010;1;01/08/2010;06/08/2010;4A;4;0;2;0;0;0;0;0;0;1.5;1;0;0;0;0;0;0;0;0;0;0;0;1;0;0.05;0;0;0;0;0;0;0;0;0;0;0;0;0;0;0;0;0;0;0;0;0;0;0;0;0;0;0;0;0;0;0;0;0.05;0;0;0;0;0.05;0;0;0;0;0;0;0;0;0;0;0;0;0;0;0;0;0;0;0;0;1.5;0.005;0;1.5;0;0;0;0;0;0;0;0;0;0;0;0;0;0;3;0;0;0;0;0;0;0;0;0;0;0;0;0;0;0;0;0;0;0;0;0;0;0;0;0;0;0;0;0;0;0;0;0;0;0;0;0;0;0;0;0;0;0;0;0;0;0;0;0;0;0;0;0;0;0;0;0;0;0;0;0;0;0;0;0;0;0;0;0;0;0;0;0;0;0;0;0;0;0;0;0;0;0;0;0;0;0;0;0;0;0;0;0;0;0;0;0;0;0;0;0;0;0;0;0;0;0;0;0;0;0;0;0;12
4;8;2010;1;01/08/2010;06/08/2010;4C;3;0;2;0;0;0;0;0;0;1.5;1;0;0;0;0;0;0;0;0;0;0;0;1;0;0;0.05;0;0;0;0;0;0;0;0;0;0;0;0;0;0;0;0;0;0;0;0;0;0;0;0;0;0;0;0;0;0;0;0;0;0;0;0;0;0;0;0;0;0;0;0;0;0;0;0;0;0;0;0;0;0;0;0;0;3;0;0;1;0;0;0;0;0;0;0;0;0;0;0;0;0;0;4;0;0;0;0;0;0;0;0;0;0;0;0;0;0;0;0;0;0;0;0;0;0;0;0;0;0;0;0;0;0;0;0;0;0;0;0;0;0;0;0;0;0;0;0;0;0;0;0;0;0;0;0;0;0;0;0;0;0;0;0;0;0;0;0;0;0;0;0;0;0;0;0;0;0;0;0;0;0;0;0;0;0;0;0;0;0;0;0;0;0;0;0;0;0;0;0;0;0;0;0;0;0;0;0;0;0;0;0;0;0;0;0;0;9
4;8;2010;1;01/08/2010;06/08/2010;4E;4;0;1.5;0;0;0;0;0;0;5;1;0;0;0;0;0;0;0;0;0;0;0;0.5;0;0;0;0;0;0;0;0;0.5;0;0;0;0;0;0;0;0.005;0;0;0;0;0;0;0;0;0;0;0;0;0;0;0;0;0;0;0;0;0;0;0;0;0;0;0;1.5;0;0;0;0;0;0;0;0;0;0;0;0;0;0;0;0.25;0.005;0;0.5;0;0;0;0;0;0;0;0;0.05;0;0;0;0;0;5;0;0;0;0;0;0;0;0;0;0;0;0;0;0;0;0;0;0;0;0;0;0;0;0;0;0;0;0;0;0;0;0;0;0;0;0;0;0;0;0;0;0;0;0;0;0;0;0;0;0;0;0;0;0;0;0;0;0;0;0;0;0;0;0;0;0;0;0;0;0;0;0;0;0;0;0;0;0;0;0;0;0;0;0;0;0;0;0;0;0;0;0;0;0;0;0;0;0;0;0;0;0;0;0;0;0;0;0;0;0;0;0;0;13
4;8;2010;1;01/08/2010;06/08/2010;4G;4;0;6.5;0;0;0;0;0;0;0.5;1;0;0;0;0;0;0;0;0;0;0;0;0.5;0;0;0;0;0;0;0;0;0;0;0;0;0;0;0;0;0;0;0;0;0;0;0;0;0;0;0;0;0;0;0;0;0;0;0.005;0;0;0;0;0;0;0;0;0;0.25;0;0;0;0;0;0;0;0;0;0;0;0;0;0;0;0.25;0;0;0.5;0;0;0;0;0;0;0;0;0.05;0;0;0;0;0;0;0;0;0;0;0;0;0;0;0;0;0;0;0;0;0;0;0;0;0;0;0;0;0;0;0;0;0;0;0;0;0;0;0;0;0;0;0;0;0;0;0;0;0;0;0;0;0;0;0;0;0;0;0;0;0;0;0;0;0;0;0;0;0;0;0;0;0;0;0;0;0;0;0;0;0;0;0;0;0;0;0;0;0;0;0;0;0;0;0;0;0;0;0;0;0;0;0;0;0;0;0;0;0;0;0;0;0;0;0;0;0;0;0;10
4;8;2010;1;01/08/2010;06/08/2010;4I;2.5;0;7;0;0;0;0;0;0;0.5;0;0;0;0;0;0;0;0;0;0;0;0;0.25;0;0;0;0;0;0;0;0;0;0.005;0;0;0;0;0;0;0;0;0;0;0;0;0;0;0;0;0;0;0;0;0;0;0;0;0;0;0;0;0;0;0;0;0;0;0.5;0;0;0;0;0;0;0;0;0;0;0;0;0;0;0;0.5;0;0;0.005;0;0;0;0;0;0;0;0;0;0;0;0;0;0;1;0;0;0;0;0;0;0;0;0;0;0;0;0;0;0;0;0;0;0;0;0;0;0;0;0;0;0;0;0;0;0;0;0;0;0;0;0;0;0;0;0;0;0;0;0;0;0;0;0;0;0;0;0;0;0;0;0;0;0;0;0;0;0;0;0;0;0;0;0;0;0;0;0;0;0;0;0;0;0;0;0;0;0;0;0;0;0;0;0;0;0;0;0;0;0;0;0;0;0;0;0;0;0;0;0;0;0;0;0;0;0;0;0;9
4;8;2010;1;01/08/2010;06/08/2010;6A;6;0;0.5;0;0;0;0;0;0;3;0;0;0;0;0;0;0;0;0;0;0;0;1;0;0;0;0;0;0;0;0;0;0;0;0;0;0;0;0;0;0;0;0;0;0;0;0;0;0;0;0.01;0;0;0;0;0;0;0;0;0;0;0;0;0;0;0;0;0;0;0;0;0;0;0;0;0;0;0;0;0.1;0;0;0;2;0;0;1;0;0;0;0;0;0;0;0;0;0;0;0;0;0;12;0;0;0;0;0;0;0;0;0;0;0;0;0;0;0;0;0;0;0;0;0;0;0;0;0;0;0;0;0;0;0;0;0;0;0;0;0;0;0;0;0;0;0;0;0;0;0;0;0;0;0;0;0;0;0;0;0;0;0;0;0;0;0;0;0;0;0;0;0;0;0;0;0;0;0;0;0;0;0;0;0;0;0;0;0;0;0;0;0;0;0;0;0;0;0;0;0;0;0;0;0;0;0;0;0;0;0;0;0;0;0;0;0;9
4;8;2010;1;01/08/2010;06/08/2010;6C;6;0;2;0;0;0;0;0;0;0;2;0;0;0;0;0;0;0;0;0;0;0;2;0;0;0;0;0;0.01;0;0;0;0;0;0;0;0;0;0;0;0;0;0;0;0;0;0;0;0;0;0;0;0;0;0;0;0;0;0;0;0;0;0;0;0;0;0;0.1;0;0;0;0;0;0;0;0;0;0;0;0;0;0;0;1;0;0;0.5;0;0;0;0;0;0;0;0;1;0;0;0;0;0;13;0;0;0;0;0;0;0;0.01;0;0;0;0;0;0;0;0;0;0;0;0;0;0;0;0;0;0;0;0;0;0;0;0;0;0;0;0;0;0;0;0;0;0;0;0;0;0;0;0;0;0;0;0;0;0;0;0;0;0;0;0;0;0;0;0;0;0;0;0;0;0;0;0;0;0;0;0;0;0;0;0;0;0;0;0;0;0;0;0;0;0;0;0;0;0;0;0;0;0;0;0;0;0;0;0;0;0;0;0;0;0;0;0;0;11
4;8;2010;1;01/08/2010;06/08/2010;6E;0.1;0;10;0;0;0;0;0;0;0;1;0;0;0;0;0;0;0;0;0;0;0;0.5;0;0;0;0;0;0;0;0;0.5;0;0;0;0;0;0;0;0;0;0;0;0;0;0;0;0;0;0;0.1;0;0;0;0;0;0;0.1;0;0;0;0;0;0;0;0;0;1;0;0;0;0;0;0;0;0;0;0;0;0.1;0;0;0;1;0;0;0.1;0;0;0;0;0;0;0;0;0.1;0;0;0;0;0;2;0;0;0;0;0;0;0;0;0;0;0;0.5;0;0;0;0;0;0;0;0;0;0;0;0;0;0;0;0;0;0;0;0;0;0;0;0;0;0;0;0;0;0;0;0;0;0;0;0;0;0;0;0;0;0;0;0;0;0;0;0;0;0;0;0;0;0;0;0;0;0;0;0;0;0;0;0;0;0;0;0;0;0;0;0;0;0;0;0;0;0;0;0;0;0;0;0;0;0;0;0;0;0;0;0;0;0;0;0;0;0;0;0;0;14
4;8;2010;1;01/08/2010;06/08/2010;6G;0;0;11;0;0;0;0.01;0;0;0;0;0;0;0;0;0;0;0;0;0;0;0;0.5;0;0;0;0;0;0;0;0;0;0;0;0;0;0;0;0;0;0;0;0;0;0;0;0;0;0;0;0;0;0;0;0;0;0;0;0;0;0;0;0;0;0;0;0;0;0;0;0;0;0;0;0;0;0;0;0;0;0;0;0;2;0;0;0;0;0;0;0;0;0;0;0;0.1;0;0;0;0;0;3;0;0;0;0;0;0;0;0;0;0;0;0;0;0;0;0;0;0;0;0;0;0;0;0;0;0;0;0;0;0;0;0;0;0;0;0;0;0;0;0;0;0;0;0;0;0;0;0;0;0;0;0;0;0;0;0;0;0;0;0;0;0;0;0;0;0;0;0;0;0;0;0;0;0;0;0;0;0;0;0;0;0;0;0;0;0;0;0;0;0;0;0;0;0;0;0;0;0;0;0;0;0;0;0;0;0;0;0;0;0;0;0;0;6
4;8;2010;1;01/08/2010;06/08/2010;6I;4;0;6;0;0;0;0;0;0;3;1;0;0;0.1;0;0;0;0;0;0;0;0;0.5;0;0;0;0;0;0;0;0;0.5;0;0;0;0;0;0;0;0;0;0;0;0;0;0;0;0;0;0;0;0;0;0;0;0;0;1;0;0;0;0;0;0;0;0;0;2;0;0;0;0;0;0;0;0;0;0;0;0;0;0;0;6;0;0;0.5;0;0;0;0;0;0;0;0;0.1;0;0;0;0;0;5;0;0;0;0;0;0;0;0;0;0;0;0;0;0;0;0;0;0;0;0;0;0;0;0;0;0;0;0;0;0;0;0;0;0;0;0;0;0;0;0;0;0;0;0;0;0;0;0;0;0;0;0;0;0;0;0;0;0;0;0;0;0;0;0;0;0;0;0;0;0;0;0;0;0;0;0;0;0;0;0;0;0;0;0;0;0;0;0;0;0;0;0;0;0;0;0;0;0;0;0;0;0;0;0;0;0;0;0;0;0;0;0;0;13
4;8;2010;1;01/08/2010;06/08/2010;8A;6;0;6;0;0;0;1;0;0.5;5;2;0;0;0;0;0;0;0;0;0;0;0;2;0;0;0;0;0;0;0;0;0;0;0;0;0;0;0;0;0.5;0;0;0;0;0;0;0;0;0;0;0;0;0;0;0;0;2;0.1;0;0;0;0;2;0;0;0;0;2;0;0.5;0;0.5;0;0;0;0;0;0;0;0;0;0;0;1;0;0;0;0;0;0;0;0;0;0;0;0.1;0;0;0;0;0;3;0;0;0;0;0;0;0;0;0;0;0;0;0;0;0;0;0;0;0;0;0;0;0;0;0;0;0;0;0;0;0;0;0;0;0;0;0;0;0;0;0;0;0;0;0;0;0;0;0;0;0;0;0;0;0;0;0;0;0;0;0;0;0;0;0;0;0;0;0;0;0;0;0;0;0;0;0;0;0;0;0;0;0;0;0;0;0;0;0;0;0;0;0;0;0;0;0;0;0;0;0;0;0;0;0;0;0;0;0;0;0;0;0;17
4;8;2010;1;01/08/2010;06/08/2010;8C;4;0;10;0;0;0;0;0;0;2;2;0;0;0;0;0;0;0;0;0;0;0;1;0;0;0;0;0;0;0.1;0;0;0;0;0;0;0;0;0;0;0;0;0;0;0;0;0;0;0;0;0;0;0;0;0;0;0;0.1;0;0;0;0.01;0;0;0;0;0;1;0;0;0;0;0;0;0;0;0;0;0;0;0;0;0;1;0.01;0;0.5;0;0;0;0;0;0;0;0;0.1;0;0;0;0;0;3;0;0;0;0;0;0;0;0;0;0;0;0;0;0;0;0;0;0;0;0;0;0;0;0;0;0;0;0;0;0;0;0;0;0;0;0;0;0;0;0;0;0;0;0;0;0;0;0;0;0;0;0;0;0;0;0;0;0;0;0;0;0;0;0;0;0;0;0;0;0;0;0;0;0;0;0;0;0;0;0;0;0;0;0;0;0;0;0;0;0;0;0;0;0;0;0;0;0;0;0;0;0;0;0;0;0;0;0;0;0;0;0;0;14
4;8;2010;1;01/08/2010;06/08/2010;8E;12;0;6;0;0;0;0;0;0;2;1;0;0;0;0;0;0;0;0;0;0;0;1;0;0;0;0;0;0;0;0;0;0;0;0;0;0;0;0;0;0;0;0;0;0;0;0;0;0;0;0;0;0;0;0;0;0;0;0;0;0;0;0;0;0;0;0;0.1;0;0;0;0;0;0;0;0;0;0;0;0;0;0;0;0.5;0.01;0;0.1;0;0;0;0;0;0;0;0;0.5;0;0;0;0;0;6;0;0;0;0;0;0.01;0;0;0;0;0;0;0;0;0;0;0;0;0;0;0;0;0;0;0;0;0;0;0;0;0;0;0;0;0;0;0;0;0;0;0;0;0;0;0;0;0;0;0;0;0;0;0;0;0;0;0;0;0;0;0;0;0;0;0;0;0;0;0;0;0;0;0;0;0;0;0;0;0;0;0;0;0;0;0;0;0;0;0;0;0;0;0;0;0;0;0;0;0;0;0;0;0;0;0;0;0;0;0;0;0;0;0;12
4;8;2010;1;01/08/2010;06/08/2010;8G;10;0;10;0;0;0;2;0;0;4;1;0;0;0.1;0;0;0;0;0;0;0;0;0.5;0;0;0.1;0;0;0;2;0;0.5;0;0;0;0;0;0;0;0;0;0;0;0;0;0;0;0;0;0;0;0;0;0;0;0;0;0.1;0;0;0;0;0;0;0;0.1;0;2;0;0;0;0;0;0;0;0;0;0;0;0;0;0;0;0.5;0.01;0;0;0;0;0;0;0;0;0;0;0.5;0;0;0;0;0;6;0;0;0;0;0;0;0;0;0;0;0;0;0;0;0;0;0;0;0;0;0;0;0;0;0;0;0;0;0;0;0;0;0;0;0;0;0;0;0;0;0;0;0;0;0;0;0;0;0;0;0;0;0;0;0;0;0;0;0;0;0;0;0;0;0;0;0;0;0;0;0;0;0;0;0;0;0;0;0;0;0;0;0;0;0;0;0;0;0;0;0;0;0;0;0;0;0;0;0;0;0;0;0;0;0;0;0;0;0;0;0;0;0;17
4;8;2010;1;01/08/2010;06/08/2010;8I;11;0;12;0;0;0;0;0;0;4;2;0;0;0.1;0;0;0;0;0;0;0;0;1;0;0.1;0;0;0;0;0;0;0.5;0;0;0;0;0;0;0;0;0;0;0;0;0;0;0;0;0;0;0;0;0;0;0;0;0;1;0;0;0;0;0;0;0;0;0;3;0;0;0;0;0;0;0;0;0;0;0;0;0;0;0;1;0;0;0.01;0;0;0;0;0;0;0;0;0.5;0;0;0;0;0;6;0;0;0;0;0;0;0;0;0;0;0;0;0;0;0;0;0;0;0;0;0;0;0;0;0;0;0;0;0;0;0;0;0;0;0;0;0;0;0;0;0;0;0;0;0;0;0;0;0;0;0;0;0;0;0;0;0;0;0;0;0;0;0;0;0;0;0;0;0;0;0;0;0;0;0;0;0;0;0;0;0;0;0;0;0;0;0;0;0;0;0;0;0;0;0;0;0;0;0;0;0;0;0;0;0;0;0;0;0;0;0;0;0;14
5;8;2010;1;01/08/2010;04/08/2010;0A;0;35;10;0;0;0;0;0;3;0;0;0;0;0;0.1;0.01;0;0;0;0;0;0;0;0;0;0.5;0;0;0.5;4;0;0.1;0;0;0;0;0;0;0;1;0;0;0;0;0;0;0;0;0;0;0.1;0;0;0;0;0;5;0;0;0;0;0;0;0;0.1;3;0;5;0;4;0;0;0;0;0;0;0;0;0;2;0;0;0;0;0;0;0;0;0;0;0;3;0;1;0;0;0;0;0;0;0;0;0;0;0;0;0;0;0;0;0;0;0;0;0;0;0;0;0;0;0;0;0;0;0;0;0;0;0;0;0;0;0;0;0;0;0;0;0;0;0;0;0;0;0;0;0;0;0;0;0;0;0;0;0;0;0;0;0;0;0;0;0;0;0;0;0;0;0;0;0;0;0;0;0;0;0;0;0;0;0;0;0;0;0;0;0;0;0;0;0;0;0;0;0;0;0;0;0;0;0;0;0;0;0;0;0;0;0;0;0;0;0;0;0;19
5;8;2010;1;01/08/2010;04/08/2010;0C;0;5;30;0;0;0;0;0;2;0;0;0;0;0;0;0;0;0;0;0;0;0;0;0;0.5;0.5;0;0;3;0.5;0;2;0;0;0;0;0;0;0;0.01;0;0;0;0;0;0;0;0;0;0;0.01;0;0;0;0;0;6;0;0;0;0;0;0;0;0.5;3;0;5;0;4;0;0.01;0;0;0;0;0;0;0;2;0;0;0;0;0;0;0;0;1;0.5;0;2;1;1;0;0;0;0;0;0;0;0;0;0;0;0;0;0;0;0;0;0;0;1;0;0;0;0;0;0;0;0;0;0;0;0;0;0;0;0;0;0;0;0;0;0;0;0;0;0;0;0;0;0;0;0;0;0;0;0;0;0;0;0;0;0;0;0;0;0;0;0;0;0;0;0;0;0;0;0;0;0;0;0;0;0;0;0;0;0;0;0;0;0;0;0;0;0;0;0;0;0;0;0;0;0;0;0;0;0;0;0;0;0;0;0;0;0;0;0;0;0;0;0;0;23
5;8;2010;1;01/08/2010;04/08/2010;0E;0;45;10;0;0;0;0;0;5;0;0;0;0;0;0;0;0;0;0;0;0;0;0;0;0.5;1;0;0;0.5;0.5;0;0.5;0;0;0;0;0;0;0;0.5;0;0;0;0;0;0;0;0;0;0;0.1;0;0;0;0;0;3;0;0;0;0;0;0;0;0.5;4;0;3;0;3;0;0;0;0;0;0;0;0;0;1;0;0;0;0;0;0;0;0;0.5;1;0;3;1;1;0.5;0;0;0;0;0;0;0;0;0;0;0;0;0;0;0;0;0;0;0.5;0;0;0;0;0;0;0;0;0;0;0;0;0;0.01;0;0;0;0;0;0;0;0;0;0;0;0;0;0;0;0;0;0;0;0;0;0;0;0;0;0;0;0;0;0;0;0;0;0;0;0;0;0;0;0;0;0;0;0;0;0;0;0;0;0;0;0;0;0;0;0;0;0;0;0;0;0;0;0;0;0;0;0;0;0;0;0;0;0;0;0;0;0;0;0;0;0;0;0;0;0;0;24
5;8;2010;1;01/08/2010;04/08/2010;0G;0;2;9;0;0;0;0;0;3;0;0;0;0;0;0;0;0;0;0;0;0;0;0.5;0;0.01;0.5;0;0;1;2;0;0.5;0;0;0;0;0;0;0;0.5;0;0;0;0;0;0;0;0;0;0;0.1;0;0;0;0;0;4;0;0;0;0;0;0;0;0;3;0;12;0;3;0;0.1;0;0;0;0;0;0;0;1;0;0;0;0;0;0;0.01;0;4;0.1;0;0;0.5;2;0;0;0;0;0;0;0;0;0;0;0;0;0;0;0;0.1;0;0;0;0;0;0;0;0;0;0;0;0;0;0;0;0;0;0;0;0;0;0;0;0;0;0;0;0;0;0;0;0;0;0;0;0;0;0;0;0;0;0;0;0;0;0;0;0;0;0;0;0;0;0;0;0;0;0;0;0;0;0;0;0;0;0;0;0;0;0;0;0;0;0;0;0;0;0;0;0;0;0;0;0;0;0;0;0;0;0;0;0;0;0;0;0;0;0;0;0;0;0;0;0;0;23
5;8;2010;1;01/08/2010;04/08/2010;0I;0;16;0;0;0;0;0;0;8;0;0;0;0;0;0;0;0;0;0;0;0;0;3;0;1;0.1;0;0;1;0.1;0;0.5;0;0;0;0;0;0;0;0;0;0;0;0;0;0;0;0;0;0;0;0;0;0;0;0;7;0;0;0;0;0;0;0;0;5;0;7;0;7;0;0.5;0;0;0;0;0;0;0;3;0;0;0;0;0;0;0;0;0;2;0;6;1;2;0;0;0;0;0;0;0;0;0;0;0;0;0;0;0;0;0;0;0;0;0;0;0;0;0;0;0;0;0;0;0;0;0;0.01;0;0;0;0;0;0;0;0;0;0;0;0;0;0;0;0;0;0;0;0;0;0;0;0;0;0;0;0;0;0;0;0;0;0;0;0;0;0;0;0;0;0;0;0;0;0;0;0;0;0;0;0;0;0;0;0;0;0;0;0;0;0;0;0;0;0;0;0;0;0;0;0;0;0;0;0;0;0;0;0;0;0;0;0;0;0;0;19
5;8;2010;1;01/08/2010;04/08/2010;2A;0;30;20;0;0.5;0;0;0;2;0;0;0;0;0;0;0;0;0;0;0;0;0;0;0;0;0.1;0;0;2;0.5;0;1;0.01;0;0;0;0;0;0;0.1;0;0;0;0;0;0;0;0;0;0;0;0;0;0;0;0;4;0;0;0;0;0;0;0;1;2;0;1;0;3;0;0;0;0;0;0;0;0;0;0.5;0;0;0;0;0;0;0;0.01;0.5;0;0;0.5;0;0.5;0.01;0;0;0;0;0;0;0;0;0;0;0;0;0;0;0;0;0;0;0.1;0;0;0;0;0;0;0;0;0;0;0;0;0;0.01;0;0;0;0;0;0;0;0;0;0;0;0;0;0;0;0;0;0;0;0;0;0;0;0;0;0;0;0;0;0;0;0;0;0;0;0;0;0;0;0;0;0;0;0;0;0;0;0;0;0;0;0;0;0;0;0;0;0;0;0;0;0;0;0;0;0;0;0;0;0;0;0;0;0;0;0;0;0;0;0;0;0;0;0;0;0;0;23
5;8;2010;1;01/08/2010;04/08/2010;2C;0;11;10;0;0;0;0;0;3;0;0;0;0;0;0;0;0;0;0;0;0;0;0.5;0;0.1;0.1;0;0;2;2;0;0;0;0;0;0;0;0;0;0.5;0;0;0.01;0;0;0;0;0;0;0;0.01;0;0;0;0;0;8;0;0;0;0;0;0;0;0;4;0;5;0;3;0;0.5;0;0;0;0;0;0;0;0.5;0;0;0;0;0;0;0;0;5;0.01;0;3;0.5;0.5;0;0;0;0;0;0;0;0;0;0;0;0;0;0;0;0;0;0;0;0.5;0;0;0;0;0;0;0;0;0;0;0;0;0;0;0;0;0;0;0;0;0;0;0;0;0;0;0;0;0;0;0;0;0;0;0;0;0;0;0;0;0;0;0;0;0;0;0;0;0;0;0;0;0;0;0;0;0;0;0;0;0;0;0;0;0;0;0;0;0;0;0;0;0;0;0;0;0;0;0;0;0;0;0;0;0;0;0;0;0;0;0;0;0;0;0;0;0;0;0;0;0;23
5;8;2010;1;01/08/2010;04/08/2010;2E;0;20;23;0;0;0;0;0;1;0;0;0;0;0;0;0;0;0;0;0;0;0;0;0;0.1;0.1;0;0;4;1;0;0.5;0;0;0;0;0;0;0;0;0;0;0;0;0;0;0;0;0;0;0.01;0;0;0;0;0;3;0;0;0;0;0;0;0;0.1;3;0;2;0;1;0;0.01;0;0;0;0;0;0;0;0.5;0;0;0;0;0;0;0;0.01;0.5;0;0;1;0.5;1;0.1;0;0;0;0;0;0;0;0;0;0;0;0;0;0;0;0;0;0;1;0;0;0;0;0;0;0;0;0;0;0;0;0;0;0;0;0;0;0;0;0;0;0;0;0;0;0;0;0;0;0;0;0;0;0;0;0;0;0;0;0;0;0;0;0;0;0;0;0;0;0;0;0;0;0;0;0;0;0;0;0;0;0;0;0;0;0;0;0;0;0;0;0;0;0;0;0;0;0;0;0;0;0;0;0;0;0;0;0;0;0;0;0;0;0;0;0;0;0;0;0;23
5;8;2010;1;01/08/2010;04/08/2010;2G;0;20;17;0;0;0;0;0;6;0;0;0;0;0;0;0.01;0;0;0;0;0;0;0;0;0;0.5;0;0;2;2;0;0.5;0;0;0;0;0;0;0;0;0;0;0;0;0;0;0;0;0;0;0;0;0;0;0;0;4;0;0;0;0;0;0;0;0.1;3;0;6;0;3;0;0.1;0;0;0;0;0;0;0;1;0;0;0;0;0;0;0;0;2;0.1;0;2;1;2;0.1;0;0;0;0;0;0;0;0;0;0;0;0;0;0;0;0;0;0;0.5;0;0;0;0;0;0;0;0;0;0;0;0;0;0;0;0;0;0;0;0;0;0;0;0;0;0;0;0;0;0;0;0;0;0;0;0;0;0;0;0;0;0;0;0;0;0;0;0;0;0;0;0;0;0;0;0;0;0;0;0;0;0;0;0;0;0;0;0;0;0;0;0;0;0;0;0;0;0;0;0;0;0;0;0;0;0;0;0;0;0;0;0;0;0;0;0;0;0;0;0;0;22
5;8;2010;1;01/08/2010;04/08/2010;2I;0;55;13;0;0;0;0;0;7;0;0;0;0;0;0;0;0;0;0;0;0;0;0.1;0;0.1;0.1;0;0;0.5;0.5;0;0.1;0;0;0;0;0;0;0;0.5;0;0;0;0;0;0;0;0;0;0;0;0;0;0;0;0;6;0;0;0;0;0;0;0;0;3;0;8;0;3;0;0.1;0;0;0;0;0;0;0;1;0;0;0;0;0;0;0;0;0;0.5;0;2;1;0.5;0;0;0;0;0;0;0;0;0;0;0;0;0;0;0;0;0;0;0;0;0;0;0;0;0;0;0;0;0;0;0;0;0;0;0;0;0;0;0;0;0;0;0;0;0;0;0;0;0;0;0;0;0;0;0;0;0;0;0;0;0;0;0;0;0;0;0;0;0;0;0;0;0;0;0;0;0;0;0;0;0;0;0;0;0;0;0;0;0;0;0;0;0;0;0;0;0;0;0;0;0;0;0;0;0;0;0;0;0;0;0;0;0;0;0;0;0;0;0;0;0;20
5;8;2010;1;01/08/2010;04/08/2010;4A;0;15;9;0;0;0;0;0;1.5;0;0;0;0;0;0;0.005;0;0;0;0;0;0;0;0;0;0.25;0;0;0.25;1;0;0;0.05;0;0;0;0;0;0;0.05;0;0;0;0;0;0;0;0;0;0;0.05;0;0;0;0;0;2;0;0;0;0;0;0;0;0.25;0.5;0;0.5;0;1.5;0;0;0.05;0;0;0;0;0;0;0.25;0;0;0;0;0;0;0;0.25;0.25;0.5;0;1.5;0.5;0.05;0.05;0;0;0;0;0;0;0;0;0;0;0;0;0;0;0;0;0;0;0.05;0;0;0;0;0;0;0;0;0;0;0;0;0;0;0;0;0;0;0;0;0;0;0;0;0;0;0;0;0;0;0;0;0;0;0;0;0;0;0;0;0;0;0;0;0;0;0;0;0;0;0;0;0;0;0;0;0;0;0;0;0;0;0;0;0;0;0;0;0;0;0;0;0;0;0;0;0;0;0;0;0;0;0;0;0;0;0;0;0;0;0;0;0;0;0;0;0;0;0;0;0;25
5;8;2010;1;01/08/2010;04/08/2010;4C;0;9.5;12.5;0;0;0;0;0;2;0;0;0;0;0;0;0;0;0;0;0;0;0;0;0;0.05;0.05;0;0;0.25;0.5;0;0.05;0;0;0;0;0;0;0;0.005;0;0;0;0;0;0;0;0;0;0;0;0;0;0;0;0;3.5;0;0;0;0;0;0;0;0.5;1.5;0;3;0;1;0;0.05;0;0;0;0;0;0;0;0.25;0;0;0;0;0;0;0;0;0;0;0;1;0.25;0.5;0;0;0;0;0;0;0;0;0;0;0;0;0;0;0;0.005;0;0;0;0.05;0;0;0;0;0;0;0;0;0;0;0;0;0;0;0;0;0;0;0;0;0;0;0;0;0;0;0;0;0;0;0;0;0;0;0;0;0;0;0;0;0;0;0;0;0;0;0;0;0;0;0;0;0;0;0;0;0;0;0;0;0;0;0;0;0;0;0;0;0;0;0;0;0;0;0;0;0;0;0;0;0;0;0;0;0;0;0;0;0;0;0;0;0;0;0;0;0;0;0;0;0;21
5;8;2010;1;01/08/2010;04/08/2010;4E;0;12.5;10;0;0;0;0;0;0.25;0;0;0;0;0;0;0;0;0;0;0;0;0;0;0;0;0.05;0;0;0.5;0.25;0;0.05;0;0;0;0;0;0;0;0;0;0;0;0;0;0;0;0;0;0;0;0;0;0;0;0;2.5;0;0;0;0;0;0;0;0.25;0.25;0;0.05;0;1;0;0;0;0;0;0;0;0;0;0.05;0;0;0;0;0;0;0;0.005;0;0.05;0;1.5;0.05;0.5;0.05;0;0;0;0;0;0;0;0;0;0;0;0;0;0;0.05;0;0;0;0;0;0;0;0;0;0;0;0;0;0;0;0;0;0;0;0;0;0;0;0;0;0;0;0;0;0;0;0;0;0;0;0;0;0;0;0;0;0;0;0;0;0;0;0;0;0;0;0;0;0;0;0;0;0;0;0;0;0;0;0;0;0;0;0;0;0;0;0;0;0;0;0;0;0;0;0;0;0;0;0;0;0;0;0;0;0;0;0;0;0;0;0;0;0;0;0;0;0;0;0;0;20
5;8;2010;1;01/08/2010;04/08/2010;4G;0;15;10;0;0;0;0;0;1.5;0;0;0;0;0;0;0.005;0;0;0;0;0;0;0;0;0;0.25;0;0;0.5;0.25;0;0.25;0;0;0;0;0;0;0;0.05;0;0;0;0;0;0;0;0;0;0;0;0;0;0;0;0;3.5;0;0;0;0;0.05;0;0;0;1;0;2;0;2;0;0;0;0;0;0;0;0;0;1;0;0;0;0;0;0;0;0;0.25;0;0;2;0.05;0.25;0;0;0;0;0;0;0;0;0;0;0;0;0;0;0;0;0;0;0;0;0;0;0;0;0;0;0;0;0;0;0;0;0;0.05;0;0;0;0;0;0;0;0;0;0;0;0;0;0;0;0;0;0;0;0;0;0;0;0;0;0;0;0;0;0;0;0;0;0;0;0;0;0;0;0;0;0;0;0;0;0;0;0;0;0;0;0;0;0;0;0;0;0;0;0;0;0;0;0;0;0;0;0;0;0;0;0;0;0;0;0;0;0;0;0;0;0;0;0;0;0;0;20
5;8;2010;1;01/08/2010;04/08/2010;4I;0;12.5;12.5;0;0;0;0;0;2;0;0;0;0;0;0;0;0;0;0;0;0;0;0;0;0.05;0.05;0;0;1;0.25;0;0.25;0;0;0;0;0;0;0;0;0;0;0;0;0;0;0;0;0;0;0;0;0;0;0;0;3;0;0;0;0;0;0;0;0.5;1;0;2;0;2;0;0.05;0;0;0;0;0;0;0;1.5;0;0;0;0;0;0;0;0;0;0;0;1.5;0.25;0.5;0;0;0;0;0;0;0;0;0;0;0;0;0;0;0;0;0;0;0;0;0;0;0;0;0;0;0;0;0;0;0;0;0;0;0;0;0;0;0;0;0;0;0;0;0;0;0;0;0;0;0;0;0;0;0;0;0;0;0;0;0;0;0;0;0;0;0;0;0;0;0;0;0;0;0;0;0;0;0;0;0;0;0;0;0;0;0;0;0;0;0;0;0;0;0;0;0;0;0;0;0;0;0;0;0;0;0;0;0;0;0;0;0;0;0;0;0;0;0;0;0;18
5;8;2010;1;01/08/2010;04/08/2010;6A;0;50;20;0;0;0;0;0;1;0;0;0;0;0;0;0;0;0;0;0;0;0;0;0;0;0.1;0;0;0.1;0.1;0;0.5;0;0;0;0;0;0;0;0;0;0;0;0;0;0;0;0;0;0;0.01;0;0;0;0;0;6;0;0;0;0;0;0;0;0.5;0.1;0.01;2;0;3;0;0.1;0.1;0;0;0;0;0;0;1;0;0;0;0;0;0;0;0;0;0.1;0;0.5;0.1;0.1;0;0;0;0;0;0;0;0;0;0;0;0;0;0;0;0;0;0;0;0;0;0;0;0;0;0;0;0;0;0;0;0;0;0;0;0;0;0;0;0;0;0;0;0;0;0;0;0;0;0;0;0;0;0;0;0;0;0;0;0;0;0;0;0;0;0;0;0;0;0;0;0;0;0;0;0;0;0;0;0;0;0;0;0;0;0;0;0;0;0;0;0;0;0;0;0;0;0;0;0;0;0;0;0;0;0;0;0;0;0;0;0;0;0;0;0;0;0;0;0;0;21
5;8;2010;1;01/08/2010;04/08/2010;6C;0;30;20;0;0;0;0;0;1;0;0;0;0;0;0;0.01;0;0;0;0;0;0;0;0;0;0.1;0;0;1;1;0;0.5;0;0;0;0;0;0;0;0;0;0;0;0;0;0;0;0;0;0;0.01;0;0;0;0;0;3;0;0;0;0;0;0;0;0.5;1;0;3;0;1;0;0.01;0;0;0;0;0;0;0;0.5;0;0;0;0;0;0;0;0;0.1;0.5;0;1;0.5;0.5;0;0;0;0;0;0;0;0;0;0;0;0;0;0;0;0;0;0;0;0;0;0;0;0;0;0;0;0;0;0;0;0;0;0;0;0;0;0;0;0;0;0;0;0;0;0;0;0;0;0;0;0;0;0;0;0;0;0;0;0;0;0;0;0;0;0;0;0;0;0;0;0;0;0;0;0;0;0;0;0;0;0;0;0;0;0;0;0;0;0;0;0;0;0;0;0;0;0;0;0;0;0;0;0;0;0;0;0;0;0;0;0;0;0;0;0;0;0;0;0;0;21
5;8;2010;1;01/08/2010;04/08/2010;6E;0;28;20;0;0.1;0;0;0;1;0;0;0;0;0;0;0;0;0;0;0;0;0;0;0;0.1;0.1;0;0;0.01;0.5;0;0.5;0;0;0;0;0;0;0;0;0;0;0;0;0;0;0;0;0;0;0.01;0;0;0;0;0;4;0;0;0;0;0;0;0;0;0.5;0.01;2;0;1;0;0;0;0;0;0;0;0;0;1;0;0;0;0;0;0;0;0;0;1;0;2;0.1;0.1;0.1;0;0;0;0;0;0;0;0;0;0;0;0;0;0;0;0;0;0;0;0;0;0;0;0;0;0;0;0;0;0;0;0;0;0;0;0;0;0;0;0;0;0;0;0;0;0;0;0;0;0;0;0;0;0;0;0;0;0;0;0;0;0;0;0;0;0;0;0;0;0;0;0;0;0;0;0;0;0;0;0;0;0;0;0;0;0;0;0;0;0;0;0;0;0;0;0;0;0;0;0;0;0;0;0;0;0;0;0;0;0;0;0;0;0;0;0;0;0;0;0;21
5;8;2010;1;01/08/2010;04/08/2010;6G;0;20;25;0;0;0;0;0;2;0;0;0;0;0;0;0;0;0;0;0;0;0;0;0;0.1;0.5;0;0;2;1;0;0.1;0;0.01;0;0;0;0;0;0;0;0;0;0;0;0;0;0;0;0;0.1;0;0;0;0;0;8;0;0;0;0;0;0;0;0;2;0;4;0;3;0;0;0;0;0.1;0;0;0;0;1;0;0;0;0;0;0;0;0;0;0.1;0;3;1;1;0;0;0;0;0;0;0;0;0;0;0;0;0;0;0;0;0;0;0;0.01;0;0;0;0;0;0;0;0;0;0;0;0;0;0;0;0;0;0;0;0;0;0;0;0;0;0;0;0;0;0;0;0;0;0;0;0;0;0;0;0;0;0;0;0;0;0;0;0;0;0;0;0;0;0;0;0;0;0;0;0;0;0;0;0;0;0;0;0;0;0;0;0;0;0;0;0;0;0;0;0;0;0;0;0;0;0;0;0;0;0;0;0;0;0;0;0;0;0;0;0;0;21
5;8;2010;1;01/08/2010;04/08/2010;6I;0;40;10;0;0;0;0;0;1;0;0;0;0;0;0;0;0;0;0;0;0;0;0;0;0;0.1;0;0;0.5;0.1;0;0.5;0;0;0;0;0;0;0;0;0;0;0;0;0;0;0;0;0;0;0.1;0;0;0;0;0;8;0;0;0;0;0;0;0;0;0.5;0;1;0;1;0;0.01;0;0;0;0;0;0;0;0.5;0;0;0;0;0;0;0;0;0.5;0.01;0;2;1;2;0;0;0;0;0;0;0;0;0;0;0;0;0;0;0;0;0;0;0;0;0;0;0;0;0;0;0;0;0;0;0;0;0;0;0;0;0;0;0;0;0;0;0;0;0;0;0;0;0;0;0;0;0;0;0;0;0;0;0;0;0;0;0;0;0;0;0;0;0;0;0;0;0;0;0;0;0;0;0;0;0;0;0;0;0;0;0;0;0;0;0;0;0;0;0;0;0;0;0;0;0;0;0;0;0;0;0;0;0;0;0;0;0;0;0;0;0;0;0;0;0;19
5;8;2010;1;01/08/2010;04/08/2010;8A;0;40;20;0;0;0;0;0;11;0;0;0;0;0;0;0.01;0;0;0;0;0;0;0;0;0.5;0.1;0;0;2;1;0;1;0;0;0;0;0;0;0;0;0;0;0;0;0;0;0;0;0;0;0.01;0;0;0;0;0;15;0;0;0;0;0;0;0;0;4;0;3;0;5;0;1;0.1;0;0;0;0;0;0;3;0;0;0;0;0;0;0;0;4;0;0;6;0.5;2;0;0;0;0;0;0;0;0;0;0;0;0;0;0;0;0;0;0;0;2;0;0;0;0;0;0;0;0;0;0;0;0;0;0;0;0;0;0;0;0;0;0;0;0;0;0;0;0;0;0;0;0;0;0;0;0;0;0;0;0;0;0;0;0;0;0;0;0;0;0;0;0;0;0;0;0;0;0;0;0;0;0;0;0;0;0;0;0;0;0;0;0;0;0;0;0;0;0;0;0;0;0;0;0;0;0;0;0;0;0;0;0;0;0;0;0;0;0;0;0;0;22
5;8;2010;1;01/08/2010;04/08/2010;8C;0;20;25;0;0;0;0;0;1;0;0;0;0;0;0;0;0;0;0;0;0;0;0;0;0;0.01;0;0;0;1;0;0.5;0.01;0;0;0;0;0;0;0;0;0;0;0;0;0;0;0;0;0;0;0;0;0;0;0;7;0;0;0;0;0;0;0;0.5;2;0;2;0.01;2;0;0.1;0.5;0;0;0;0;0;0;1;0;0;0;0;0;0;0;0;0;0;0;0.5;0.1;1;0;0;0;0;0;0;0;0;0;0;0;0;0;0;0;0;0;0;0;0;0;0;0;0;0;0;0;0;0;0;0;0;0;0;0;0;0;0;0;0;0;0;0;0;0;0;0;0;0;0;0;0;0;0;0;0;0;0;0;0;0;0;0;0;0;0;0;0;0;0;0;0;0;0;0;0;0;0;0;0;0;0;0;0;0;0;0;0;0;0;0;0;0;0;0;0;0;0;0;0;0;0;0;0;0;0;0;0;0;0;0;0;0;0;0;0;0;0;0;0;0;19
5;8;2010;1;01/08/2010;04/08/2010;8E;0;20;15;0;0;0;0;0;1;0;0;0;0;0;0;0;0;0;0;0;0;0;0;0;0;0.1;0;0;0;0.1;0;0.01;0;0;0;0;0;0;0;0;0;0;0;0;0;0;0;0;0;0;0.01;0;0;0;0;0;5;0;0;0;0;0;0;0;0.01;0.5;0;2;0;3;0;0;0.1;0;0;0;0;0;0;0.5;0;0;0;0;0;0;0;0;1;0;0;1;0.5;2;0;0;0;0;0;0;0;0;0;0;0;0;0;0;0;0;0;0;0;0.1;0;0;0;0;0;0;0;0;0;0;0;0;0;0;0;0;0;0;0;0;0;0;0;0;0;0;0;0;0;0;0;0;0;0;0;0;0;0;0;0;0;0;0;0;0;0;0;0;0;0;0;0;0;0;0;0;0;0;0;0;0;0;0;0;0;0;0;0;0;0;0;0;0;0;0;0;0;0;0;0;0;0;0;0;0;0;0;0;0;0;0;0;0;0;0;0;0;0;0;0;0;19
5;8;2010;1;01/08/2010;04/08/2010;8G;0;40;15;0;0.5;0;0;0;2;0;0;0;0;0;0;0;0;0;0;0;0;0;0;0;0;0.1;0;0;0.5;0.5;0;0.5;0;0;0;0;0;0;0;0.1;0;0;0;0;0;0;0;0;0;0;0.01;0;0;0;0;0;15;0;0;0;0;0;0;0;0;0.5;0;3;0;3;0;0.1;0.1;0;0;0;0;0;0;1;0;0;0;0;0;0;0;0.1;1;0.1;0;2;1;1;0;0;0;0;0;0;0;0;0;0;0;0;0;0;0;0;0;0;0;1;0;0;0;0;0;0;0;0;0;0;0;0;0;0;0;0;0;0;0;0;0;0;0;0;0;0;0;0;0;0;0;0;0;0;0;0;0;0;0;0;0;0;0;0;0;0;0;0;0;0;0;0;0;0;0;0;0;0;0;0;0;0;0;0;0;0;0;0;0;0;0;0;0;0;0;0;0;0;0;0;0;0;0;0;0;0;0;0;0;0;0;0;0;0;0;0;0;0;0;0;0;24
5;8;2010;1;01/08/2010;04/08/2010;8I;0;30;23;0;0;0;0;0;2;0;0;0;0.01;0;0;0;0;0;0;0;0;0;0;0;0.01;0.1;0;0;0.1;1;0;0.5;0;0;0;0;0;0;0;0;0;0;0;0;0;0;0;0;0;0;0.1;0;0;0;0;0;7;0;0;0;0;0;0;0;0.01;1;0;3;0;3;0;0;0;0;0.01;0;0;0;0;1;0;0;0;0;0;0;0;0;0;0.01;0;1;1;3;0;0;0;0;0;0;0;0;0;0;0;0;0;0;0;0;0;0;0;0;0;0;0;0;0;0;0;0;0;0;0;0;0;0;0;0;0;0;0;0;0;0;0;0;0;0;0;0;0;0;0;0;0;0;0;0;0;0;0;0;0;0;0;0;0;0;0;0;0;0;0;0;0;0;0;0;0;0;0;0;0;0;0;0;0;0;0;0;0;0;0;0;0;0;0;0;0;0;0;0;0;0;0;0;0;0;0;0;0;0;0;0;0;0;0;0;0;0;0;0;0;21
6;8;2010;1;01/08/2010;04/08/2010;0A;0;0;15;0;0;0;0;0;2;2;3;0;0.1;0;0;0;0;0;0;0;0;0;5;0;0;0.5;0;0;0;0;0;0;0;0;0;0;0;0;0;0;0;0;0;0;0;0;0;0;0;0;0;0;0;0;0;0;2;0;0;0;0;0;0;0;0;0.5;0;1;0;2;0;3;0;0;0;0;0;0;0;2;0;0;0;0;0;0;0;0;0;0;0;2;0;0.5;0;0;0;0;0;0;0;4;0;0;0;0;0;0.5;0;0.5;0;0;0;1;0;0;0;0;0;0;0;0;0;0;0;0;0;0;0;0;0;0;0;0;0;0;0;0;0;0;0;0;0;0;0;0;0;0;0;0;0;0;0;0;0;0;0;0;0;0;0;0;0;0;0;0;0;0;0;0;0;0;0;0;0;0;0;0;0;0;0;0;0;0;0;0;0;0;0;0;0;0;0;0;0;0;0;0;0;0;0;0;0;0;0;0;0;0;0;0;0;0;0;0;0;19
6;8;2010;1;01/08/2010;04/08/2010;0C;0;0;8;0;0;0;0;0;2;3;0.5;0;0;0;0;0;0;0;0;0;0;0;0.5;0;0.1;1;0;0;0.01;0;0;0;0;0;0;0;0;0;0;0;0;0;0;0;0;0;0;0;0;0;0;0;0;0;0;0;0.5;0;0;0;0;0;0.1;0;0;1;0.1;1;0;3;0;4;0;0;0;0;0;0;0;10;0;0;0;0;0;0;0;0;0.5;0;0;7;0.5;3;0;0;0;0;0;0;0;5;0;0;0;0;0;1;0;0.5;0;0;0;0.5;0;0;0;0;0;0;0;0;0;0;0;0;0;0;0;0;0;0;0;0;0;0;0;0;0;0;0;0;0;0;0;0;0;0;0;0;0;0;0;0;0;0;0;0;0;0;0;0;0;0;0;0;0;0;0;0;0;0;0;0;0;0;0;0;0;0;0;0;0;0;0;0;0;0;0;0;0;0;0;0;0;0;0;0;0;0;0;0;0;0;0;0;0;0;0;0;0;0;0;0;0;24
6;8;2010;1;01/08/2010;04/08/2010;0E;0;0.01;4;0;0;0;0;0;4;0.5;10;0;0;0;0;0;0;0;0;0;0;0;1;0;0.1;0.1;0;0;0.5;0;0;0;0;0;0;0;0;0;0;0;0;0;0;0;0;0;0;0;0;0;0.01;0;0;0;0;0;0;0;0;0;0;0.01;0;0;0;0;0;1;0;5;0;0.5;0;0;0;0;0;0;0;0.5;0;0;0;0;0;0;0;0;0;0;0;0.5;0;2;0;0;0;0;0;0;0;2;0;0;0;0;0;0.5;0;0.5;0;0;0;0;0;0;0;0;0;0;0;0;0;0;0;0;0;0;0;0;0;0;0;0;0;0;0;0;0;0;0;0;0;0.01;0;0;0;0;0;0;0;0;0;0;0;0;0;0;0;0;0;0;0;0;0;0;0;0;0;0;0;0;0;0;0;0;0;0;0;0;0;0;0;0;0;0;0;0;0;0;0;0;0;0;0;0;0;0;0;0;0;0;0;0;0;0;0;0;0;0;0;0;0;0;0;21
6;8;2010;1;01/08/2010;04/08/2010;0G;0;0;2;0;0;0;0;0;2;2;7;0;0;0;0;0;0;0;0;0;0;0;4;0;0.1;0.1;0;0;0;0;0;0;0;0;0;0;0;0;0;0.1;0;0;0;0;0;0;0;0;0;0;0;0;0;0;0;0;0.1;0;0;0;0;0;0;0;0;0.5;0;0;0;0.5;0;3;0;0;0;0;0;0;0;0;0;0;0;0;0;0;0;0;1;0;0;0.1;0;0.1;0;0;0;0;0;0;0;5;0;0;0;0;0;0.1;0;0.5;0;0;0;1;0;0;0;0;0.01;0;0;0;0;0;0;0;0;0;0;0;0;0;0;0;0;0;0;0;0;0;0;0;0;0;0;0;0;0;0;0;0;0;0;0;0;0;0;0;0;0;0;0;0;0;0;0;0;0;0;0;0;0;0;0;0;0;0;0;0;0;0;0;0;0;0;0;0;0;0;0;0;0;0;0;0;0;0;0;0;0;0;0;0;0;0;0;0;0;0;0;0;0;0;0;0;20
6;8;2010;1;01/08/2010;04/08/2010;0I;0;0.01;12;0;1;0;0;0;2;1;1;0.1;0.5;0;0;0.01;0;0;0;0;0;0;2;0;0.01;0.5;0;0;0.1;0;0;0.1;0;0;0;0;0;0;0;0;0;0;0;0;0;0;0;0;0;0;0;0;0;0;0;0;2;0;0;0;0;0;0.1;0;0;2;0;2;0;3;0;1;0;0;0;0;0;0;0;0;0;0;0;0;0;0;0;0;0;0;0;1;0;1;0.5;0;0;0;0;0;0;2;0;0;0;0;0;0.1;0;0.1;0;0;0;0.5;0;0;0;0;0;0;0;0;0;0;0;0;0;0.01;0;0;0;0;0;0;0;0;0;0;0;0;0;0;0;0;0.1;0;0;0;0;0;0;0;0;0;0;0;0;0;0;0;0;0;0;0;0;0;0;0;0;0;0;0;0;0;0;0;0;0;0;0;0;0;0;0;0;0;0;0;0;0;0;0;0;0;0;0;0;0;0;0;0;0;0;0;0;0;0;0;0;0;0;0;0;0;0;29
6;8;2010;1;01/08/2010;04/08/2010;2A;0;0;6;0;0.5;0;0;0;5;1;4;0;0;0;0;0;0;0;0;0;0;0;1;0;0.1;0.1;0;0;0;0;0;0;0;0;0;0;0;0;0;0;0;0;0;0;0;0;0;0;0;0;0;0;0;0;0;0;0;0;0;0;0;0;0.01;0;0;0;0;1;0;3;0;3;0;0;0;0;0;0;0;2;0;0;0;0;0;0;0.01;0.5;1;0;0;1;0;0.5;0;0;0;0;0;0;0;2;0;0;0;0;0;1;0;0.5;0;0;0;0.1;0;0;0;0;0;0;0;0;0;0;0;0;0;0;0;0;0;0;0;0;0;0;0;0;0;0;0;0;0;0;0;0;0;0;0;0;0;0;0;0;0;0;0;0;0;0;0;0;0;0;0;0;0;0;0;0;0;0;0;0;0;0;0;0;0;0;0;0;0;0;0;0;0;0;0;0;0;0;0;0;0;0;0;0;0;0;0;0;0;0;0;0;0;0;0;0;0;0;0;0;0;22
6;8;2010;1;01/08/2010;04/08/2010;2C;0;0;15;0;0.5;0;0;0;3;0.5;0.5;0;0;0;0;0;0;0;0;0;0;0;1;0;0;0.1;0;0;0;0;0;0;0;0;0;0;0;0;0;0;0;0;0;0;0;0;0;0;0;0;0;0;0;0;0;0;0;0;0;0;0;0;0;0;0.1;2;0;0.1;0;1;0;10;0;0;0;0;0;0;0;1;0;0;0;0;0;0;0;0;2;0.1;0;1;0;0.5;0;0;0;0;0;0;0;0;0;0;0;0;0;0.5;0;0.1;0;0;0;0.5;0;0;0;0;0;0;0;0;0;0;0;0;0;0;0;0;0;0;0;0;0;0;0;0;0;0;0;0;0;0;0;0;0;0;0;0;0;0;0;0;0;0;0;0;0;0;0;0;0;0;0;0;0;0;0;0;0;0;0;0;0;0;0;0;0;0;0;0;0;0;0;0;0;0;0;0;0;0;0;0;0;0;0;0;0;0;0;0;0;0;0;0;0;0;0;0;0;0;0;0;0;20
6;8;2010;1;01/08/2010;04/08/2010;2E;0;0;8;0;1;0;0;0;4;0;6;0;0;0;0;0;0;0;0;0;0;0;1;0;0.1;0.1;0;0.01;0;0;0;0;0;0;0;0;0;0;0;0;0;0;0;0;0;0;0;0;0;0;0;0;0;0;0;0;1;0;0;0;0;0;0.01;0;0;0;0;1;0;3;0;1;0;0;0;0;0;0;0;3;0;0;0;0;0;0;0;0;0.5;0;0;1;0;1;0;0;0;0;0;0;0;0.5;0;0;0;0;0;0.5;0;0.5;0;0;0;0.5;0;0;0;0;0;0.01;0;0;0;0;0;0;0;0.01;0;0;0.01;0;0;0;0;0;0;0;0;0.01;0;0;0;0;0;0;0;0;0;0;0;0;0;0;0;0;0;0;0;0;0;0;0;0;0;0;0;0;0;0;0;0;0;0;0;0;0;0;0;0;0;0;0;0;0;0;0;0;0;0;0;0;0;0;0;0;0;0;0;0;0;0;0;0;0;0;0;0;0;0;0;0;0;0;0;25
6;8;2010;1;01/08/2010;04/08/2010;2G;0;0;15;0;1;0;0;0;3;0.5;1;0;0.1;0;0;0;0;0;0;0;0;0;0;0;0.5;0.5;0;0;0;0;0;0;0;0;0;0;0;0;0;0;0;0;0;0;0;0;0;0;0;0;0;0;0;0;0;0;2;0;0;0;0;0;0;0;0;2;0;3;0;2;0;4;0;0;0;0;0;0;0;2;0;0;0;0;0;0;0;0.5;1;0.5;0;3;0;1;0;0;0;0;0;0;0;2;0;0;0;0;0;0.5;0;0.5;0;0;0;0;0;0;0;0;0;0;0;0;0;0;0;0;0;0.01;0;0;0;0;0;0;0;0;0;0;0;0;0;0;0;0;0;0;0;0;0;0;0;0;0;0;0;0;0;0;0;0;0;0;0;0;0;0;0;0;0;0;0;0;0;0;0;0;0;0;0;0;0;0;0;0;0;0;0;0;0;0;0;0;0;0;0;0;0;0;0;0;0;0;0;0;0;0;0;0;0;0;0;0;0;0;0;23
6;8;2010;1;01/08/2010;04/08/2010;2I;0;0.01;4;0;1;0;0;0;3;0;2;0;0;0;0;0;0;0;0;0;0;0;4;0;0.5;0.1;0;0;0.01;0;0;0.1;0;0;0;0;0;0;0;0;0;0;0.01;0;0;0;0;0;0;0;0;0;0;0;0;0;0.5;0;0;0;0;0;0;0;0;3;0;1;0;3;0;2;0;0;0;0;0;0;0;2;0;0;0;0;0;0;0.01;0;0;0;0;2;0;2;0.5;0;0;0;0.1;0;0;4;0;0;0;0;0;0.1;0;0.1;0;0;0;1;0;0;0;0;0;0;0;0;0;0;0;0;0.01;0;0;0;0;0;0;0;0;0;0;0;0;0;0;0;0;0;0.1;0;0;0;0;0;0;0;0;0;0;0;0;0;0;0;0;0;0;0;0;0;0;0;0;0;0;0;0;0;0;0;0;0;0;0;0;0;0;0;0;0;0;0;0;0;0;0;0;0;0;0;0;0;0;0;0;0;0;0;0;0;0;0;0;0;0;0;0;0;0;28
6;8;2010;1;01/08/2010;04/08/2010;4A;0;0.005;8.5;0;0;0;0;0;2.5;0.25;0.5;0;0;0;0;0;0;0;0;0;0;0;1;0;0;0.05;0;0;0;0;0;0;0;0;0;0;0;0;0;0;0;0;0;0;0;0;0;0;0;0;0;0;0;0;0;0;0.25;0;0;0;0;0;1;0;0;1;0;0.25;0;1.5;0;2.5;0;0;0;0;0;0;0;1;0;0;0;0;0;0;0;0;0.5;0.25;0;2;0;0.5;0;0;0;0;0;0;0;1;0;0;0;0;0;0.25;0;0.05;0;0;0;0.25;0;0;0;0;0.005;0;0;0;0;0;0;0;0;0;0;0;0;0;0;0;0;0;0;0;0;0;0;0;0;0;0;0;0;0;0;0;0;0;0;0;0;0;0;0;0;0;0;0;0;0;0;0;0;0;0;0;0;0;0;0;0;0;0;0;0;0;0;0;0;0;0;0;0;0;0;0;0;0;0;0;0;0;0;0;0;0;0;0;0;0;0;0;0;0;0;0;0;0;0;0;0;23
6;8;2010;1;01/08/2010;04/08/2010;4C;0;0;5;0;0;0;0;0;1;0.5;3.5;0;0;0;0;0;0;0;0;0;0;0;0.5;0;0.05;0.05;0;0;0;0;0;0;0;0;0;0;0;0;0;0;0;0;0;0;0;0;0;0;0;0;0.05;0;0;0;0;0;0.5;0;0;0;0;0;0.5;0;0;2;0.05;0.25;0;1.5;0;1.5;0;0;0;0;0;0;0;2.5;0;0;0;0;0;0;0;0;1.5;0;0;1.5;0.05;1;0;0;0;0;0;0;0;0;0;0;0;0;0;0.25;0;0.05;0;0;0;0;0;0;0;0;0.25;0;0;0;0;0;0;0;0;0.005;0;0;0;0;0;0;0;0;0;0;0;0;0;0;0;0;0.05;0;0;0;0;0;0;0;0;0;0;0;0;0;0;0;0;0;0;0;0;0;0;0;0;0;0;0;0;0;0;0;0;0;0;0;0;0;0;0;0;0;0;0;0;0;0;0;0;0;0;0;0;0;0;0;0;0;0;0;0;0;0;0;0;0;0;0;0;0;0;25
6;8;2010;1;01/08/2010;04/08/2010;4E;0;0;7.5;0;0;0;0;0;2;0.25;1.5;0;0;0;0;0;0;0;0;0;0;0;0.25;0;0.05;0.05;0;0;0.05;0;0;0;0;0;0;0;0;0;0;0;0;0;0;0;0;0;0;0;0;0;0;0;0;0;0;0;0.5;0;0;0;0;0;0;0;0;0.25;0;1;0;2;0;0.25;0;0;0;0;0;0;0;1;0;0;0;0;0;0;0.005;0;0;0;0;1;0;1;0;0;0;0;0;0;0;0.5;0;0;0;0;0;0.5;0;0.05;0;0;0;0.5;0;0;0;0;0;0;0;0;0;0;0;0;0;0;0;0;0;0;0;0;0;0;0;0;0;0;0;0;0;0;0;0;0;0;0;0;0;0;0;0;0;0;0;0;0;0;0;0;0;0;0;0;0;0;0;0;0;0;0;0;0;0;0;0;0;0;0;0;0;0;0;0;0;0;0;0;0;0;0;0;0;0;0;0;0;0;0;0;0;0;0;0;0;0;0;0;0;0;0;0;0;21
6;8;2010;1;01/08/2010;04/08/2010;4G;0.05;0.005;6;0;0.25;0;0;0;1;0.5;2;0;0;0;0;0;0;0;0;0;0;0;1;0;0.05;0.25;0;0;0.25;0;0;0;0;0;0;0;0;0;0;0;0;0;0;0;0;0;0;0;0;0;0;0;0;0;0;0;0.05;0;0;0;0;0;0.005;0;0;0.25;0;1;0;2;0;0.25;0;0;0;0;0;0;0;1;0;0;0;0;0;0;0;0.005;0;0;0;1.5;0;0.5;0;0;0;0;0;0;0;2.5;0;0;0;0;0;0.25;0;0.25;0;0;0;0.05;0;0;0;0;0;0;0;0;0;0;0;0;0;0;0;0;0;0;0;0;0;0;0;0;0;0;0.005;0;0;0;0;2;0;0;0;0;0;0;0;0;0;0;0;0;0;0;0;0;0;0;0;0;0;0;0;0;0;0;0;0;0;0;0;0;0;0;0;0;0;0;0;0;0;0;0;0;0;0;0;0;0;0;0;0;0;0;0;0;0;0;0;0;0;0;0;0;0;0;0;0;0;27
6;8;2010;1;01/08/2010;04/08/2010;4I;0;0.05;5.5;0;0;0;0;0;4;0.25;1.5;0;0;0;0;0;0;0;0;0;0;0;1.5;0;0.005;0.05;0;0;0.25;0;0;0;0;0;0;0;0;0;0;0;0;0;0;0;0;0;0;0;0;0;0;0;0;0;0;0;1.5;0;0;0;0;0;0;0;0;0;0;3;0;5;0;0.5;0;0;0;0;0;0;0;1.5;0;0;0;0;0;0;0;0.05;0;0;0;0.5;0;1;0;0;0;0;0;0;0;0.5;0;0;0;0;0;0.25;0;0.05;0;0;0;0;0;0;0;0;0;0;0;0;0;0;0;0;0;0;0;0;0;0;0;0;0;0;0;0;0;0;0;0;0;0;0;0;0;0;0;0;0;0;0;0;0;0;0;0;0;0;0;0;0;0;0;0;0;0;0;0;0;0;0;0;0;0;0;0;0;0;0;0;0;0;0;0;0;0;0;0;0;0;0;0;0;0;0;0;0;0;0;0;0;0;0;0;0;0;0;0;0;0;0;0;0;20
6;8;2010;1;01/08/2010;04/08/2010;6A;0;0;40;0;0;0;0;0;6;0.5;2;0;0;0;0;0;0;0;0;0;0;0;2;0;0;0.1;0;0;0;0;0;0;0;0;0;0;0;0;0;0;0;0;0;0;0;0;0;0;0;0;0;0;0;0;0;0;0.5;0;0;0;0;0;0;0;0;2;0;2;0;5;0;1;0;0;0;0;0;0;0;3;0;0;0;0;0;0;0;0;1;0;0;5;0;2;0;0;0;0;0;0;0;0;0;0;0;0;0;0.1;0;0.1;0;0;0;1;0;0;0;0;0;0;0;0;0;0;0;0;0;0;0;0;0;0;0;0;0;0;0;0;0;0;0;0;0;0;0;0;0;0;0;0;0;0;0;0;0;0;0;0;0;0;0;0;0;0;0;0;0;0;0;0;0;0;0;0;0;0;0;0;0;0;0;0;0;0;0;0;0;0;0;0;0;0;0;0;0;0;0;0;0;0;0;0;0;0;0;0;0;0;0;0;0;0;0;0;0;18
6;8;2010;1;01/08/2010;04/08/2010;6C;0.1;0;10;0;0;0;0;0;2;0.1;9;0;0;0;0;0;0;0;0;0;0;0;0.5;0;1;0.5;0;0;0.5;0;0;0;0;0;0;0;0;0;0;0;0;0;0;0;0;0;0;0;0;0;0;0;0;0;0;0;0.1;0;0;0;0;0;0;0;0;0;0;0.5;0;2;0;1;0;0;0;0;0;0;0;2;0;0;0;0;0;0;0;0.01;0;0;0;0.1;0.1;3;0;0;0;0;0;0;0;0;0;0;0;0;0;0.1;0;0.1;0;0;0;0;0;0;0;0;0;0;0;0;0;0;0;0;0;0;0;0;0;0;0;0;0;0;0;0;0;0;0;0;0;0;0.1;0;0;0;0;0;0;0;0;0;0;0;0;0;0;0;0;0;0;0;0;0;0;0;0;0;0;0;0;0;0;0;0;0;0;0;0;0;0;0;0;0;0;0;0;0;0;0;0;0;0;0;0;0;0;0;0;0;0;0;0;0;0;0;0;0;0;0;0;0;0;21
6;8;2010;1;01/08/2010;04/08/2010;6E;0;0;3;0;0;0;0;0;2;0.1;10;0;0;0;0;0;0;0;0;0;0;0;1;0;0.5;0.5;0;0;0;0;0;0;0.01;0;0;0;0;0;0;0;0;0;0;0;0;0;0;0;0;0;0;0;0;0;0;0;0;0;0;0;0;0;0;0;0;0;0;0.1;0;3;0;2;0;0;0;0;0;0;0;2;0;0;0;0;0;0.01;0;0;0;0;0;1;0;2;0;0;0;0;0;0;0;3;0;0;0;0;0;0.1;0;0.5;0;0;0;0;0;0;0;0;0;0;0;0;0;0;0;0;0;0.1;0;0;0;0.1;0;0;0;0;0;0;0;0;0;0;0;0;0.1;3;0;0;0;0;0;0;0;0;0;0;0;0;0;0;0;0;0;0;0;0;0;0;0;0;0;0;0;0;0;0;0;0;0;0;0;0;0;0;0;0;0;0;0;0;0;0;0;0;0;0;0;0;0;0;0;0;0;0;0;0;0;0;0;0;0;0;0;0;0;22
6;8;2010;1;01/08/2010;04/08/2010;6G;0;0.1;3;0;0;0;0;0;4;0.1;5;2;0;0;0;0.01;0;0;0;0;0;0;2;0;0.01;0.1;0;0;0.1;0;0;0;0;0;0;0;0;0;0;0;0;0;0;0;0;0;0;0;0;0;0;0;0;0;0;0;0;0;0;0;0;0;0;0;0;1;0;0.5;0;4;0;0.1;0;0;0;0;0;0;0;2;0;0;0;0;0;0;0.01;0;0;0;0;0.1;0;0.5;0;0;0;0;0;0;0;7;0;0;0;0;0;0.5;0;0.1;0;0;0;0.1;0;0;0;0;0;0;0;0;0;0;0;0;0;0;0;0;0;0.01;0;0;0;0;0;0;0;0;0;0;0;0;0;0;0;0;0;0;0;0;0;0;0;0;0;0;0;0;0;0;0;0;0;0;0;0;0;0;0;0;0;0;0;0;0;0;0;0;0;0;0;0;0;0;0;0;0;0;0;0;0;0;0;0;0;0;0;0;0;0;0;0;0;0;0;0;0;0;0;0;0;0;0;24
6;8;2010;1;01/08/2010;04/08/2010;6I;0.1;0.1;3;0;0;0;0;0;3;0.5;3;0;0;0;0;0;0;0;0;0;0;0;1;0;0.5;0.1;0;0;0.01;0;0;0;0;0;0;0;0;0;0;0;0;0;0;0;0;0;0;0;0;0;0;0;0;0;0;0;0.5;0;0;0;0;0;0.01;0;0;0.1;0;0.1;0;3;0;0.1;0;0;0;0;0;0;0;2;0;0;0;0;0;0;0.01;0.01;0;0;0;0.5;0;0.5;0;0;0;0;0;0;0;4;0;0;0;0;0;0.5;0;0.01;0;0;0;0;0;0;0;0;0;0;0;0;0;0;0;0;0;0;0;0;0;0;0;0;0;0;0;0;0;0;0;0;0;0;0.01;0;0;0;0;0;0;0;0;0;0;0;0;0;0;0;0;0;0;0;0;0;0;0;0;0;0;0;0;0;0;0;0;0;0;0;0;0;0;0;0;0;0;0;0;0;0;0;0;0;0;0;0;0;0;0;0;0;0;0;0;0;0;0;0;0;0;0;0;0;0;25
6;8;2010;1;01/08/2010;04/08/2010;8A;0;0;11;0;0;0;0;0;3;0.5;5;0;0;0;0;0;0;0;0;0;0;0;1;0;0.1;0.1;0;0;0.5;0;0;0;0;0;0;0;0;0;0;0;0;0;0;0;0;0;0;0;0;0;0;0;0;0;0;0;0;0.01;0;0;0;0;0;0;0.1;3;0;0.5;0;4;0;2;0;0;0;0;0;0;0;3;0;0;0;0;0;0;0;0;0;0.1;0;1;0;3;0;0;0;0;0;0;0;2;0;0;0;0;0;0.5;0;1;0;0;0;2;0;0;0;0;0.01;0;0;0;0;0;0;0;0;0;0;0;0;0;0;0;0;0;0;0;0;0;0;0;0;0;0;0;0;0;0;0;0;0;0;0;0;0;0;0;0;0;0;0;0;0;0;0;0;0;0;0;0;0;0;0;0;0;0;0;0;0;0;0;0;0;0;0;0;0;0;0;0;0;0;0;0;0;0;0;0;0;0;0;0;0;0;0;0;0;0;0;0;0;0;0;0;23
6;8;2010;1;01/08/2010;04/08/2010;8C;0;0;20;0;0;0;0;0;2;1;6;0;0;0;0;0;0;0;0;0;0;0;0;0;0.1;0.5;0;0;0.1;0;0;0;0;0;0;0;0;0;0;0;0;0;0;0;0;0;0;0;0;0;0;0;0;0;0;0;0;0.01;0;0;0;0;0;0;0.1;0;0;1;0;4;0;1;0;0;0;0;0;0;0;2;0;0;0;0;0;0;0.01;0.5;3;0;0;3;0.1;4;0;0;0;0;0;0;0;0.01;0;0;0;0;0;0.5;0;0.5;0;0;0;0;0;0;0;0;0;0;0;0;0;0;0;0;0;0.1;0;0;0;0;0;0;0;0;0;0;0;0;0;0;0;0;0.1;0;0;0;0;0;0;0;0;0;0;0;0;0;0;0;0;0;0;0;0;0;0;0;0;0;0;0;0;0;0;0;0;0;0;0;0;0;0;0;0;0;0;0;0;0;0;0;0;0;0;0;0;0;0;0;0;0;0;0;0;0;0;0;0;0;0;0;0;0;0;24
6;8;2010;1;01/08/2010;04/08/2010;8E;0;0;7;0;0;0;0;0;4;0.5;6;0;0;0;0;0;0;0;0;0;0;0;1;0;1;0.1;0;0;0.1;0;0;0;0;0;0;0;0;0;0;0;0;0;0;0;0;0;0;0;0;0;0;0;0;0;0;0;0;0.01;0;0;0;0;0;0;0;2;0;0.5;0;3;0;4;0;0;0;0;0;0;0;2;0;0;0;0;0;0.01;0;0;0.5;1;0;1;0.1;0.5;0;0;0;0;0;0;0;2;0;0.5;0;0;0;0.5;0;0;0;0;0;0;0;0;0;0;0.1;0;0;0;0;0;0;0;0;0.01;0;0;0;0;0;0;0;0;0;0;0;0;0;0;0;0;0.01;0;0;0;0;0;0;0;0;0;0;0;0;0;0;0;0;0;0;0;0;0;0;0;0;0;0;0;0;0;0;0;0;0;0;0;0;0;0;0;0;0;0;0;0;0;0;0;0;0;0;0;0;0;0;0;0;0;0;0;0;0;0;0;0;0;0;0;0;0;0;26
6;8;2010;1;01/08/2010;04/08/2010;8G;0;0;12;0;0;0;0;0;2;1;4;0;0;0;0;0;0;0;0;0;0;0;1;0;0.5;0.1;0;0;0;0.5;0;0.1;0;0;0;0;0;0;0;0;0;0;0;0;0;0;0;0;0;0;0;0;0;0;0;0;1;0;0;0;0;0;0.1;0;0;1;0;1;0;4;0;3;0;0;0;0;0;0;0;3;0;0;0;0;0;0.1;0.01;0;0.5;0;0;2;0.5;2;0;0;0;0;0;0;0;0;0;0;0;0;0;0.5;0;0.5;0;0;0;0;0;0;0;0;0;0;0;0;0;0;0;0;0;0;0;0;0;0;0;0;0;0;0;0;0;0;0;0;0;0;0;0;0;0;0;0;0;0;0;0;0;0;0;0;0;0;0;0;0;0;0;0;0;0;0;0;0;0;0;0;0;0;0;0;0;0;0;0;0;0;0;0;0;0;0;0;0;0;0;0;0;0;0;0;0;0;0;0;0;0;0;0;0;0;0;0;0;0;0;0;0;24
6;8;2010;1;01/08/2010;04/08/2010;8I;0;0;20;0;0;0;0;0;4;1;1;0;0;0;0;0;0;0;0;0;0;0;1;0;0.1;0.5;0;0;0.5;0;0;0.1;0;0;0;0;0;0;0;0;0;0;0;0;0;0;0;0;0;0;0.01;0;0;0;0;0;2;0;0;0;0;0;0.01;0;0.5;1;0;2;0;3;0;1;0;0;0;0;0;0;0;2;0;0;0;0.01;0;0;0;0;0;0;0;3;0.01;2;0;0;0;0;0;0;0;1;0;0;0;0;0;1;0;0.1;0;0;0;0;0;0;0;0;0;0;0;0;0;0;0;0;0;0;0;0;0;0;0;0;0;0;0;0;0;0;0;0;0;0;0;0;0;0;0;0;0;0;0;0;0;0;0;0;0;0;0;0;0;0;0;0;0;0;0;0;0;0;0;0;0;0;0;0;0;0;0;0;0;0;0;0;0;0;0;0;0;0;0;0;0;0;0;0;0;0;0;0;0;0;0;0;0;0;0;0;0;0;0;0;0;25
7;8;2010;1;01/08/2010;03/08/2010;0A;0;0;0;0;0;0;0;0;0;0;0;0;0;0;0;0;0;0;0;0;0;0;0;0;0;0;0;0;0;0;0;0;0.1;0;0;0;0;0;0;0;0;0;0;0;0;0;0;0;0;0;0;0;0;0;30;0;0;0;0;0;0;0;0;2;0;0;0;0;0;0;0;0;0;0;0;0;0;0;0;0;0;0;0;0;0;0;0;0;0;0;0;0;0;0;0;0;0;0;0;0;0;0;0;0;0;0;0;0;0;0;0;0;0;0;0;0;0;0;0;0;0;0;0;0;0;0;0;0;0;0;0;0;0;0;0;0;0;0;0;0;0;0;0;12;0;0;0.1;0;0;0;0;0.1;2;0.01;0;0.5;0;0;0.1;6;1;0;0.5;0;4;0;0;0;1;0;0;0;0.5;0.01;0;0;0;0;0;0;0;2;0;0;0;0;0;0;0;0;0;0;0;0;0;0;0;0;0;0;0;0;0;0;0;0;0;0;0;0;0;0;0;0;0;18
7;8;2010;1;01/08/2010;03/08/2010;0C;0;0;0;0;0;0;0;0;0;0;0;0;0;0;0.1;0;0;0;0;0;0;0.01;0;0;0;0;0;0;0;0;0;0;0.1;0;0;0;0;0;0;0;0;0;0;0;0;0;0;0;0;0;0;0;0;0;12;0;0;0;0;0;0;0;0;3;0;0;0;0;0;0;0;0;0;0;0;0;0;0;0;0;0;0;0;0;0;0;0;0;0;0;0;0;0;0;0;0;0;0;0;0;0;0;0;0;0;0;0;0;0;0;0;0;0;0;0;0;0;0;0;0;0;0;0;0.5;0;0;0;0;0;0;0;0;0;0;0;0;0;0;0;0;0;0;0;9;0;0;0.1;0;0.1;0;0;0.1;2;0.01;0;0.5;0.01;0;0.01;2;1;0;0.1;0;3;0;0;0;0.1;0;0;0;0.1;0.01;0.01;0;0;0;0;0;0;2;0;0;0;0;0;0;0;0;0;0;0;0;0;0;0;0;0;0;0;0;0;0;0;0;0;0;0;0;0;0;0;0;0;24
7;8;2010;1;01/08/2010;03/08/2010;0E;0;0;0;0;0;0;0;0;0;0;0.01;0;0;0;0;0;0;0;0;0;0;0;0;0;0;0;0.1;0;0;0;0;0;0.1;0;0;0;0;0;0;0;0;0;0;0;0;0;0;0;0;0;0;0;0;0;20;0;0;0;0;0;0;0;0;7;0;0;0;0;0;0;0;0;0;0;0;0;0;0;0;0;0;0;0;0;0;0;0;0;0;0;0;0;0;0;0;0;0;0;0;0;0;0;0;0;0;0;0;0;0;0;0;0;0;0;0;0;0;0;0;0;0;0;0;0;0;0;0;0;0;0;0;0;0;0;0;0;0;0;0;0;0;0;0;0.5;0;0;0.01;0;1;0;0;0.1;1;0.01;0;0;0;0;0.01;3;0.5;0;0;0;1;0;0;0;0.5;0;0;0;0.1;0.01;0.1;0;0;0;0;0;0;2;0;0;0;0;0;0;0;0;0;0;0;0;0;0;0;0;0;0;0;0;0;0;0;0;0;0;0;0;0;0;0;0;0;20
7;8;2010;1;01/08/2010;03/08/2010;0G;0;0;0;0;0;0;0;0;0;0;0;0;0;0;0.1;0;0;0;0;0;0;0;0;0;0;0;0.01;0;0;0;0;0;0.01;0;0;0;0;0;0;0;0;0;0;0;0;0;0;0;0;0;0;0;0;0;24;0;0;0;0;0;0;0;0;3;0;0;0;0;0;0;0;0;0;0;0;0;0;0;0;0;0;0;0;0;0;0;0;0;0;0;0;0;0;0;0;0;0;0;0;0;0;0;0;0;0;0;0;0;0;0;0;0;0;0;0;0;0;0;0;0;0;0;0;0;0;0;0;0;0;0;0;0;0;0;0;0;0;0;0;0;0;0;0;0.1;0;0;0;0;1;0;0;0.1;0.5;0.1;0;0.1;0.01;0;0;3;0.5;0;0;0;2;0;0;0;0.5;0;0;0;0.1;0.01;0.1;0;0;0;0;0;0;2;0;0;0;0;0;0;0;0;0;0;0;0;0;0;0;0;0;0;0;0;0;0;0;0;0;0;0;0;0;0;0;0;0;20
7;8;2010;1;01/08/2010;03/08/2010;0I;0;0;0;0;0;0;0;0;0;0;0;0;0;0;0.01;0;0;0;0;0;0;0;0;0;0;0;0;0;0;0;0;0;0.01;0;0;0;0;0;0;0;0;0;0;0;0;0;0;0;0;0;0;0;0;0;20;0;0;0;0;0;0;0;0;7;0;0;0;0;0;0;0;0;0;0;0;0;0;0;0;0;0;0;0;0;0;0;0;0;0;0;0;0;0;0;0;0;0;0;0;0;0;0;0;0;0;0;0;0;0;0;0;0;0;0;0;0;0;0;0;0;0;0;0;0.1;0;0;0;0;0;0;0;0;0;0;0;0;0;0;0;0;0;0;0;0.01;0;0;0.01;0;1;0;0;0.1;0.1;0.01;0;0;0;0.01;0;0.01;0.1;0;0;0;0.5;0;0;0;0.1;0;0;0;0;0.01;0.1;0;0;0;0;0;0;1;0;0;0;0;0;0;0;0;0;0;0;0;0;0;0;0;0;0;0;0;0;0;0;0;0;0;0;0;0;0;0;0;0;19
7;8;2010;1;01/08/2010;03/08/2010;2A;0;0;0;0;0;0;0;0;0;0;0;0;0;0;0.1;0;0;0;0;0;0;0.01;0;0;0;0;0;0;0;0;0;0;0.01;0;0;0;0;0;0;0;0;0;0;0;0;0;0;0;0;0;0;0;0;0;30;0;0;0;0;0;0;0;0;8;0;0;0;0;0;0;0;0;0;0;0;0;0;0;0;0;0;0;0;0;0;0;0;0;0;0;0;0;0.01;0;0;0;0;0;0;0;0;0;0;0;0;0;0;0;0;0;0;0;0;0;0;0;0;0;0;0;0;0;0;0;0;0;0;0;0;0;0;0;0.01;0;0;0;0;0;0;0;0;0;0;0;0;0;0;0;2;0;0;0.01;0.1;0.01;0;0.1;0;0;0;1;0;0;0;0;1;0;0;0;0.5;0;0;0;0.1;0.01;0.1;0;0;0;0.01;0;0;0.5;0;0;0;0;0;0;0;0;0;0;0;0;0;0;0;0;0;0;0;0;0;0;0;0;0;0;0;0;0;0;0;0;0;20
7;8;2010;1;01/08/2010;03/08/2010;2C;0;0;0;0;0;0;0;0;0;0;0;0;0;0;0.5;0;0;0;0;0;0;0;0;0;0;0;0;0;0;0.1;0;0;0.01;0;0;0;0;0;0;0;0;0;0;0;0;0;0;0;0;0;0;0;0;0;18;0;0;0;0;0;0;0;0;7;0;0;0;0;0;0;0;0;0;0;0;0;0;0;0;0;0;0;0;0;0;0;0;0;0;0;0;0;0.01;0;0;0;0;0;0;0;0;0;0;0;0;0;0;0;0;0;0;0;0;0;0;0;0;0;0;0;0;0;0;0;0;0;0;0;0;0;0;0;0;0;0;0;0;0;0;0;0;0;0;3;0;0;0;0;1;0;0;0.1;0.1;0.01;0;0;0;0;0;3;0;0;0;0;1;0;0;0;0.5;0;0;0;0.1;0.01;0.01;0;0;0;0;0;0;1;0;0;0;0;0;0;0;0;0;0;0;0;0;0;0;0;0;0;0;0;0;0;0;0;0;0;0;0;0;0;0;0;0;18
7;8;2010;1;01/08/2010;03/08/2010;2E;0;0;0;0;0;0;0;0;0;0;0;0;0;0;0;0;0;0;0;0;0;0;0;0;0;0;0;0;0;0;0;0;0.01;0;0;0;0;0;0;0;0;0;0;0;0;0;0;0;0;0;0;0;0;0;25;0;0;0;0;0;0;0;0;3;0;0;0;0;0;0;0;0;0;0;0;0;0;0;0;0;0;0;0;0;0;0;0;0;0;0;0;0;0;0;0;0;0;0;0;0;0;0;0;0;0;0;0;0;0;0;0;0;0;0;0;0;0;0;0;0;0;0;0;0;0;0;0;0;0;0;0;0;0;0;0;0;0;0;0;0;0;0;0;0.01;0;0;0.1;0;0;0;0;0.1;1;0.1;0;0.1;0;0.01;0.01;4;0.1;0;0;0;1;0;0;0;1;0;0;0;0.01;0.01;0.1;0;0;0;0;0;0;2;0;0;0;0;0;0;0;0;0;0;0;0;0;0;0;0;0;0;0;0;0;0;0;0;0;0;0;0;0;0;0;0;0;19
7;8;2010;1;01/08/2010;03/08/2010;2G;0;0;0;0;0;0;0;0;0;0;0;0;0;0;0;0;0;0;0;0;0;0;0;0;0;0;0;0;0;0;0;0;0.1;0;0;0;0;0;0;0;0;0;0;0;0;0;0;0;0;0;0;0;0;0;20;0;0;0;0;0;0;0;0;6;0;0;0;0;0;0;0;0;0;0;0;0;0;0;0;0;0;0;0;0;0;0;0;0;0;0;0;0;0;0;0;0;0;0;0;0;0;0;0;0;0;0;0;0;0;0;0;0;0;0;0;0;0;0;0;0;0;0;0;0.5;0;0;0;0;0;0;0;0;0;0;0;0;0;0;0;0;0;0;0;0.01;0;0;0.01;0;1;0;0;0.1;0.5;0.01;0;0.5;0;0.01;0;1;0.1;0;0;0;1;0;0;0.01;0.5;0;0;0;0;0.01;0.01;0;0;0;0;0;0;1;0;0;0;0;0;0;0;0;0;0;0;0;0;0;0;0;0;0;0;0;0;0;0;0;0;0;0;0;0;0;0;0;0;20
7;8;2010;1;01/08/2010;03/08/2010;2I;0;0;0;0;0;0;0;0;0;0;0;0;0;0;0.01;0;0;0;0;0;0;0.01;0;0;0;0;0.01;0;0;0;0;0;0.01;0;0;0;0;0;0;0;0;0;0;0;0;0;0;0;0;0;0;0;0;0;25;0;0;0;0;0;0;0;0;5;0;0;0;0;0;0;0;0;0;0;0;0;0;0;0;0;0;0;0;0;0;0;0;0;0;0;0;0;0;0;0;0;0;0;0;0;0;0;0;0;0;0;0;0;0;0;0;0;0;0;0;0;0;0;0;0;0;0;0;0.01;0;0;0;0;0;0;0;0;0;0;0;0;0;0;0;0;0;0;0;0.01;0;0;0.01;0;1;0;0;0.1;1;0.1;0;0.1;0.01;0.01;0;0.1;0.1;0;0;0;2;0;0;0;1;0;0;0;0.1;0.01;0.01;0;0;0;0;0;0;3;0;0;0;0;0;0;0;0;0;0;0;0;0;0;0;0;0;0;0;0;0;0;0;0;0;0;0;0;0;0;0;0;0;24
7;8;2010;1;01/08/2010;03/08/2010;4A;0;0;0;0;0;0;0;0;0;0;0;0;0;0;0.05;0;0;0;0;0;0;0;0;0;0;0;0.005;0;0;0;0;0;0.005;0;0;0;0;0;0;0;0;0;0;0;0;0;0;0;0;0;0;0;0;0;9;0;0;0;0;0;0;0;0;2;0;0;0;0;0;0;0;0;0;0;0;0;0;0;0;0;0;0;0;0;0;0;0;0;0;0;0;0;0;0;0;0;0;0;0;0;0;0;0;0;0;0;0;0;0;0;0;0;0;0;0;0;0;0;0;0;0;0;0;0;0;0;0;0;0;0;0;0;0;0;0;0;0;0;0;0;0;0;0;1.5;0;0;0;0;0.25;0;0;0.005;0.05;0;0;0;0;0;0;0;0;0;0;0;0.5;0;0;0;0.25;0;0;0;0;0.005;0.005;0;0;0;0;0;0;0.25;0;0;0;0;0;0;0;0;0;0;0;0;0;0;0;0;0;0;0;0;0;0;0;0;0;0;0;0;0;0;0;0;0;14
7;8;2010;1;01/08/2010;03/08/2010;4C;0;0;0;0;0;0;0;0;0;0;0;0;0;0;0.05;0;0;0;0;0;0;0;0;0;0;0;0.005;0;0;0;0;0;0;0;0;0;0;0;0;0;0;0;0;0;0;0;0;0;0;0;0;0;0;0;14;0;0;0;0;0;0;0;0;2;0;0;0;0;0;0;0;0;0;0;0;0;0;0;0;0;0;0;0;0;0;0;0;0;0;0;0;0;0;0;0;0;0;0;0;0;0;0;0;0;0;0;0;0;0;0;0;0;0;0;0;0;0;0;0;0;0;0;0;0.005;0;0;0;0;0;0;0;0;0;0;0;0;0;0;0;0;0;0;0;0.005;0;0;0.005;0;0.5;0;0;0.005;0.25;0.005;0;0;0;0;0.005;1.5;0;0;0;0;1;0;0;0.005;0.25;0;0;0;0.005;0.005;0.005;0;0;0;0;0;0;0.25;0;0;0;0;0;0;0;0;0;0;0;0;0;0;0;0;0;0;0;0;0;0;0;0;0;0;0;0;0;0;0;0;0;20
7;8;2010;1;01/08/2010;03/08/2010;4E;0;0;0;0;0;0;0;0;0;0;0.005;0;0;0;0;0;0;0;0;0;0;0;0;0;0;0;0;0;0;0;0;0;0.005;0;0;0;0;0;0;0;0;0;0;0;0;0;0;0;0;0;0;0;0;0;8;0;0;0;0;0;0;0;0;1;0;0;0;0;0;0;0;0;0;0;0;0;0;0;0;0;0;0;0;0;0;0;0;0;0;0;0;0;0;0;0;0;0;0;0;0;0;0;0;0;0;0;0;0;0;0;0;0;0;0;0;0;0;0;0;0;0;0;0;0;0;0;0;0;0;0;0;0;0;0;0;0;0;0;0;0;0;0;0;0.5;0;0;0.05;0;0;0;0;0.05;0.5;0.05;0;0.05;0;0.005;0.005;1;0.05;0;0;0;0.5;0;0;0;0.05;0;0;0;0;0;0;0;0;0;0;0;0;1;0;0;0;0;0;0;0;0;0;0;0;0;0;0;0;0;0;0;0;0;0;0;0;0;0;0;0;0;0;0;0;0;0;17
7;8;2010;1;01/08/2010;03/08/2010;4G;0;0;0;0;0;0;0;0;0;0;0.05;0;0;0;0.005;0;0;0;0;0;0;0;0;0;0;0;0;0;0;0;0;0;0.05;0;0;0;0;0;0;0;0;0;0;0;0;0;0;0;0;0;0;0;0;0;8.5;0;0;0;0;0;0;0;0;3;0;0;0;0;0;0;0;0;0;0;0;0;0;0;0;0;0;0;0;0;0;0;0;0;0;0;0;0;0;0;0;0;0;0;0;0;0;0;0;0;0;0;0;0;0;0;0;0;0;0;0;0;0;0;0;0;0;0;0;0;0;0;0;0;0;0;0;0;0;0;0;0;0;0;0;0;0;0;0;0.005;0;0;0;0;0.25;0;0;0.05;0.5;0.05;0;0.005;0;0;0;2;0;0;0;0;0.5;0.005;0;0;0.25;0;0;0;0;0.005;0.005;0;0;0;0;0;0;0.25;0;0;0;0;0;0;0;0;0;0;0;0;0;0;0;0;0;0;0;0;0;0;0;0;0;0;0;0;0;0;0;0;0;18
7;8;2010;1;01/08/2010;03/08/2010;4I;0;0;0;0;0;0;0;0;0;0;0;0;0;0;0.005;0;0;0;0;0;0;0;0;0;0;0;0;0;0;0;0;0;0;0;0;0;0;0;0;0;0;0;0;0;0;0;0;0;0;0;0;0;0.005;0;7.5;0;0;0;0;0;0;0;0;2;0;0;0;0;0;0;0;0;0;0;0;0;0;0;0;0;0;0;0;0;0;0;0;0;0;0;0;0;0;0;0.005;0;0;0;0;0;0;0;0;0;0;0;0;0;0;0;0;0;0;0;0;0;0;0;0;0;0;0;0;0;0;0;0;0;0;0;0;0;0;0;0;0;0;0;0;0;0;0;0;0;0;0;0.05;0;0;0;0;0.05;0.5;0.05;0;0.25;0;0.005;0.005;2;0.25;0;0;0;0.5;0;0;0;0.05;0;0;0;0;0.005;0.005;0.005;0;0;0;0;0;0.25;0;0;0;0;0;0;0;0;0;0;0;0;0;0;0;0;0;0;0;0;0;0;0;0;0;0;0;0;0;0;0;0;0;20
7;8;2010;1;01/08/2010;03/08/2010;6A;0;0;0;0;0;0;0;0;0;0;0;0;0;0;0.5;0;0;0;0;0;0;0;0;0;0;0;0.01;0;0;0;0;0;0;0;0;0;0;0;0;0;0;0;0;0;0;0;0;0;0;0;0;0;0;0;20;0;0;0;0;0;0;0;0;7;0;0;0;0;0;0;0;0;0;0;0;0;0;0;0;0;0;0;0;0;0;0;0;0;0;0;0;0;0;0;0;0;0;0;0;0;0;0;0;0;0;0;0;0;0;0;0;0;0;0;0;0;0;0;0;0;0;0;0;0;0;0;0;0;0;0;0;0;0;0;0;0;0;0;0;0;0;0;0;5;0;0;0;0;1;0;0;0.1;0.1;0.1;0;0;0;0;0;4;0;0;0;0.01;3;0;0;0.01;0.1;0;0;0;0;0.01;0.1;0;0;0;0;0;0;0.5;0;0;0;0;0;0;0;0;0;0;0;0;0;0;0;0;0;0;0;0;0;0;0;0;0;0;0;0;0;0;0;0;0;17
7;8;2010;1;01/08/2010;03/08/2010;6C;0;0;0;0;0;0;0;0;0;0;0;0;0;0;0.1;0;0;0;0;0;0;0.01;0;0;0;0;0;0;0;0;0;0;0;0;0;0;0;0;0;0;0;0;0;0;0;0;0;0;0;0;0;0;0;0;29;0;0;0;0;0;0;0;0;4;0;0;0;0;0;0;0;0;0;0;0;0;0;0;0;0;0;0;0;0;0;0;0;0;0;0;0;0;0;0;0;0;0;0;0;0;0;0;0;0;0;0;0;0;0;0;0;0;0;0;0;0;0;0;0;0;0;0;0;0;0;0;0;0;0;0;0;0;0;0;0;0;0;0;0;0;0;0;0;2;0;0;0.1;0;0;0;0;0.1;1;0.01;0;0.01;0;0;0.01;4;0;0;0.01;0;3;0;0;0;0.5;0;0;0;0.1;0.01;0.01;0;0;0;0;0;0;0.5;0;0;0;0;0;0;0;0;0;0;0;0;0;0;0;0;0;0;0;0;0;0;0;0;0;0;0;0;0;0;0;0;0;19
7;8;2010;1;01/08/2010;03/08/2010;6E;0;0;0;0;0;0;0;0;0;0;0.1;0;0;0;0.1;0;0;0;0;0;0;0;0;0;0;0;0;0;0;0;0;0;0.1;0;0;0;0;0;0;0;0;0;0;0;0;0;0;0;0;0;0;0;0;0;26;0;0;0;0;0;0;0;0;4;0;0;0;0;0;0;0;0;0;0;0;0;0;0;0;0;0;0;0;0;0;0;0;0;0;0;0;0;0.1;0;0;0;0;0;0;0;0;0;0;0;0;0;0;0;0;0;0;0;0;0;0;0;0;0;0;0;0;0;0;0;0;0;0;0;0;0;0;0;0;0;0;0;0;0;0;0;0;0;0;6;0;0;0;0;0;0;0;0.01;0.5;0.01;0;0.01;0;0;0;2;0;0;0;0;3;0;0;0;1;0;0;0;0.01;0.01;0.01;0;0;0;0;0;0;0.1;0;0;0;0;0;0;0;0;0;0;0;0;0;0;0;0;0;0;0;0;0;0;0;0;0;0;0;0;0;0;0;0;0;18
7;8;2010;1;01/08/2010;03/08/2010;6G;0;0;0;0;0;0;0;0;0;0;0;0;0;0;0.01;0;0;0;0;0;0;0;0;0;0;0;0.01;0;0;0;0;0;0;0;0;0;0;0;0;0;0;0;0;0;0;0;0;0;0;0;0;0;0.01;0;27;0;0;0;0;0;0;0;0;7;0;0;0;0;0;0;0;0;0;0;0;0;0;0;0;0;0;0;0;0;0;0;0;0;0;0;0;0;0;0;0;0;0;0;0;0;0;0;0;0;0;0;0;0;0;0;0;0;0;0;0;0;0;0;0;0;0;0;0;0;0;0;0;0;0;0;0;0;0;0;0;0;0;0;0;0;0;0;0;0;0;0;0.01;0;0.1;0;0;0.1;0.1;0.01;0;0;0;0.01;0;5;0;0;0;0;1;0;0;0.01;1;0;0;0;0;0.01;0.01;0;0;0;0;0;0;0.5;0;0;0;0;0;0;0;0;0;0;0;0;0;0;0;0;0;0;0;0;0;0;0;0;0;0;0;0;0;0;0;0;0;18
7;8;2010;1;01/08/2010;03/08/2010;6I;0;0;0;0;0;0;0;0;0;0;0.5;0;0;0;0;0;0;0;0;0;0;0.01;0;0;0;0;0;0;0;0;0;0;0.01;0;0;0;0;0;0;0;0;0;0;0;0;0;0;0;0;0;0;0;0;0;18;0;0;0;0;0;0;0;0;7;0;0;0;0;0;0;0;0;0;0;0;0;0;0;0;0;0;0;0;0;0;0;0;0;0;0;0;0;0.01;0;0.01;0;0;0;0;0;0;0;0;0;0;0;0;0;0;0;0;0;0;0;0;0;0;0;0;0;0;0;0;0;0;0;0;0;0;0;0;0;0;0;0;0;0;0;0;0;0;0;0;5;0;0;0.01;0;0;0;0;0.1;0.5;0.1;0;0.1;0;0;0;4;0;0;0;0;0.5;0;0;0;1;0;0;0;0.1;0.01;0.01;0;0;0;0;0;0;0.1;0;0;0;0;0;0;0;0;0;0;0;0;0;0;0;0;0;0;0;0;0;0;0;0;0;0;0;0;0;0;0;0;0;20
7;8;2010;1;01/08/2010;03/08/2010;8A;0;0;0;0;0;0;0;0;0;0;0;0;0;0;0.1;0;0;0;0;0;0;0.01;0;0;0;0;0;0;0;0;0;0;0;0;0;0;0;0;0;0;0;0;0;0;0;0;0;0;0;0;0;0;0;0;16;0;0;0;0;0;0;0;0;2;0;0;0;0;0;0;0;0;0;0;0;0;0;0;0;0;0;0;0;0;0;0;0;0;0;0;0;0;0;0;0;0;0;0;0;0;0;0;0;0;0;0;0;0;0;0;0;0;0;0;0;0;0;0;0;0;0;0;0;0;0;0;0;0;0;0;0;0;0;0;0;0;0;0;0;0;0;0;0;7;0;0;0;0;0;0;0;0.5;0.5;0;0;0;0;0;0.01;10;0.5;0;0.1;0.1;3;0;0;0.1;0.1;0;0;0;0.1;0;0;0;0;0;0;0;0;0.5;0;0;0;0;0;0;0;0;0;0;0;0;0;0;0;0;0;0;0;0;0;0;0;0;0;0;0;0;0;0;0;0;0;17
7;8;2010;1;01/08/2010;03/08/2010;8C;0;0;0;0;0;0;0;0;0;0;0;0;0;0;0.1;0;0;0;0;0;0;0;0;0;0;0;0;0;0;0;0;0;0;0;0;0;0;0;0;0;0;0;0;0;0;0;0;0;0;0;0;0;0;0;13;0;0;0;0;0;0;0;0;1;0;0;0;0;0;0;0;0;0;0;0;0;0;0;0;0;0;0;0;0;0;0;0;0;0;0;0;0;0;0;0;0;0;0;0;0;0;0;0;0;0;0;0;0;0;0;0;0;0;0;0;0;0;0;0;0;0;0;0;0;0;0;0;0;0;0;0;0;0;0;0;0;0;0;0;0;0;0;0;11;0;0;0.5;0;0;0;0;0.5;3;0.1;0;0.5;0.01;0;0.01;6;0;0;0.1;0;2;0;0;0;0.5;0;0;0;0.1;0.1;0;0;0;0;0;0;0;1;0;0;0;0;0;0;0;0;0;0;0;0;0;0;0;0;0;0;0;0;0;0;0;0;0;0;0;0;0;0;0;0;0;18
7;8;2010;1;01/08/2010;03/08/2010;8E;0;0;0;0;0;0;0;0;0;0;0;0;0;0;0;0;0;0;0;0;0;0.01;0;0;0;0;0;0;0;0;0;0;0;0;0;0;0;0;0;0;0;0;0;0;0;0;0;0;0;0;0;0;0;0;17;0;0;0;0;0;0;0;0;3;0;0;0;0;0;0;0;0;0;0;0;0;0;0;0;0;0;0;0;0;0;0;0;0;0;0;0;0;0.1;0;0;0;0;0;0;0;0;0;0;0;0;0;0;0;0;0;0;0;0;0;0;0;0;0;0;0;0;0;0;0;0;0;0;0;0;0;0;0;0;0;0;0;0;0;0;0;0;0;0;7;0;0;0;0;0;0;0;0.5;5;0;0;0.5;0;0;0.01;3;0;0;0.5;0;3;0;0;0;0.5;0;0;0;0.1;0.01;0;0;0;0;0;0;0;1;0;0;0;0;0;0;0;0;0;0;0;0;0;0;0;0;0;0;0;0;0;0;0;0;0;0;0;0;0;0;0;0;0;16
7;8;2010;1;01/08/2010;03/08/2010;8G;0;0;0;0;0;0;0;0;0;0;0.1;0;0;0;0;0;0;0;0;0;0;0;0;0;0;0;0;0;0;0;0;0;0.01;0;0;0;0;0;0;0;0;0;0;0;0;0;0;0;0;0;0;0;0;0;27;0;0;0;0;0;0;0;0;6;0;0;0;0;0;0;0;0;0;0;0;0;0;0;0;0;0;0;0;0;0;0;0;0;0;0;0;0;0;0;0;0;0;0;0;0;0;0;0;0;0;0;0;0;0;0;0;0;0;0;0;0;0;0;0;0;0;0;0;0;0;0;0;0;0;0;0;0;0;0;0;0;0;0;0;0;0;0;0;0.5;0;0;0;0;1;0;0;0.1;1;0.01;0;0;0;0;0;4;0;0;0;0;2;0;0;0;0.5;0;0;0;0;0;0;0;0;0;0.01;0;0;1;0;0;0;0;0;0;0;0;0;0;0;0;0;0;0;0;0;0;0;0;0;0;0;0;0;0;0;0;0;0;0;0;0;14
7;8;2010;1;01/08/2010;03/08/2010;8I;0;0;0;0;0;0;0;0;0;0;2;0;0;0;0.01;0;0;0;0;0;0;0.01;0;0;0;0;0;0;0;0;0;0;0;0;0;0;0;0;0;0;0;0;0;0;0;0;0;0;0;0;0;0;0;0;30;0;0;0;0;0;0;0;0;5;0;0;0;0;0;0;0;0;0;0;0;0;0;0;0;0;0;0;0;0;0;0;0;0;0;0;0;0;0;0;0;0;0;0;0;0;0;0;0;0;0;0;0;0;0;0;0;0;0;0;0;0;0;0;0;0;0;0;0;0;0;0;0;0;0;0;0;0;0;0;0;0;0;0;0;0;0;0;0;0.01;0;0;0.1;0;1;0;0;0.1;1;0.01;0;0;0;0;0;4;0;0;0;0;2;0;0;0;1;0;0;0;0.1;0.01;0.01;0;0;0;0;0;0;0.5;0;0;0;0;0;0;0;0;0;0;0;0;0;0;0;0;0;0;0;0;0;0;0;0;0;0;0;0;0;0;0;0;0;18
8;8;2010;1;01/08/2010;05/08/2010;0A;0.5;0;0.1;0;0;0;0;0;0.5;0.1;4;0;0;0.5;0;0;0;0;0;0;0;0.01;1;0;0;0.1;0;0;0.01;0.5;0;0;0;0;0;0;0;0;0;1;0;0;0;0;0;0;0;0;0;0;0;0;0;0;2;0;0;0.1;0;0;0;0;0;4;0;0;0;0;0;0;0;0;0;0;0;0;0;0;0;0.1;0;0;0;0;0;0;0;0;1;0;0;0;0;0.5;0;0;0;0;0;0;0;0.1;0;0;0;0;0;0;0;0;0;0;0;0;0;0;0;0;0.01;0;0;0;0;0;0;0;0;0;0;0;0;0;0;0;0;0;0;0;0;0;0;0;0;0;0;0;0;0;0.5;0;0;0;0;0;0;0.01;0.01;0;0;0;0;0;0;0;0;0;0;0;0;0;0;0;0;0;0;0;0;0;0;0;0;0;0;0;0;0;0;0;0;0;0;0;0;0;0;0;0;0;0;0;0;0;0;0;0;0;0;0;0;0;0;0;0;0;0;23
8;8;2010;1;01/08/2010;05/08/2010;0C;0;0;1;0;0;0;0;0;0;0;10;0.1;0;0;0;0;0;0;0;0;0;0;1;0;0;0;0;0;0;0;0;0;0;0;0;0;0;0;0;0;0;0;0;0;0;0;0;0;0;0;0;0;0;0;5;0;0;1;0;0;0;0;0.01;0.5;0;0;0;0;0;0;0;0;0;0;0;0;0;0;0;0;0;0;0;0;0;0;0;0;0;0;0;0;0;0.01;0;0;0;0;0;0;0;1;0;0;0;0;0;0;0;0;0;0;0;0;1;0;0;0;0;0;0;0;0;0;0;0;0;0;0;0;0;0;0;0;0;0;0;0;0;0;0.01;0;0;0;0;0;0;0;0.1;0;0;0;0;0;0;0;0;0;0;0;0;0;0;0;0.1;0;0;0;0;0;0;0;0;0;0.01;0;0;0;0;0;0;0;0;0;0;0;0;0;0;0;0;0;0;0;0;0;0;0;0;0.1;0;0;0;0;0;0;0;0;0;0;0;0;0;0;0;16
8;8;2010;1;01/08/2010;05/08/2010;0E;0;0;1;0;0;0;0;0;0;0;7;0;0;0;0;0;0;0;0;0;0;0;0.1;0;0;0;0;0;0;0;0;0;0;0;0;0;0;0;0;0;0;0;0;0;0;0;0;0;0;0;0;0;0;0;6;0;0;6;0;0;0;0;0;5;0;0;0;0;0;0;0;0;0;0;0;0;0;0;0;0;0;0;0;0;0;0;0;0;0;0;0;0;0;0.5;0;0;0;0;0;0;0;4;0;0;0;0;0;0;0;0;0;0;0;0;0.1;0;0;0;0;0;0;0;0;0;0;0;0;0;0;0;0;0;0;0;0;0;0;0;0;0;4;0.01;0;0;0;0;0;0;3;0;0;0;0;0;0;0;0;0;0;0;0;0.01;0;0;0.5;0;0;0;0.5;0;0;0;0;0;0;0;0;0;0;0;0;0;0;0;0;0;0;0;0;0;0;0;0;0;0;0;0;0;0;0.1;0;0;0;0;0;0;0;0;0;0;0;0;0;0;0;16
8;8;2010;1;01/08/2010;05/08/2010;0G;0;0;0.1;0;0;0;0;0;0;0;9;0;0;0;0;0;0;0;0;0;0;0;1;0;0;0;0;0;0;0;0;0;0;0;0;0;0;0;0;0;0;0;0;0;0;0;0;0;0;0;0;0;0;0;5;0;0;3;0;0;0;0;0;3;0;0;0;0;0;0;0;0;0;0;0;0;0;0;0;0;0;0;0;0;0;0;0;0;0;0;0;0;0;1;0;0;0;0;0;0;0;5;0;0;0;0;0;0;0;0;0;0;0;0;1;0;0;0;0;0;0;0;0;0;0;0;0;0;0;0;0;0;0;0;0;0;0;0;0;0;1;0;0;0;0;0;0.01;0;2;0;0;0;0;0;0;0;0;0;0;0;0;0;0;0;1;0.01;0;0;0;0;0;0;0;0;0.5;0;0;0;0;0;0;0;0;0;0;0;0;0;0;0;0;0;0;0;0;0;0;0;0;0;0;0;0;0;0;0;0;0;0;0;0;0;0;0;0;15
8;8;2010;1;01/08/2010;05/08/2010;0I;0.5;0;1;0;0;0;0;0;2;0;2;0;0;0;0;0;0;0;0;0;0;0.01;3;0;0;0;0;0;0;3;0;0;0;0;0;0;0;0;0;0.5;0.1;0;0;0;0;0;0;0;0;0;0;0;0;0;2;0;0;1;0;0;0;0;0;12;0;0;0;0;0;0;0;0;0;0;0;0;0;0;0;0;0;0;0;0;0;0;0.1;0;0;0;0;0;0;3;0;0;0;0;0;0;0;0;0;0;0;0;0;0;0;0;0;0;0;0;0;0;0;0;0;0;0;0;0;0;0;0;0;0;0;0;0;0;0.5;0;0;0;0;0;0;0;0;0;0;0;0;0;0;0;2;0;0;0;0;0;0;0;0;0;0;0;0;0;0;1;0.1;0;0;0;0;0;0;0;0;0;1;0;0;0;0;0;0;0;0;0;0;0;0;0;0;0;0;0;0;0;0;0;0;0;0;0;0;0;0;0;0;0;0;0;0;0;0;0;0;0;0;19
8;8;2010;1;01/08/2010;05/08/2010;2A;0;0;0.5;0;0;0;0;0;0;0.01;10;0.01;0;0;0;0;0;0;0;0;0;0;1;0;0;0;0;0;0;0;0;0;0;0;0;0;0;0;0;0;0;0;0;0;0;0;0;0;0;0;0;0;0;0;5;0;0;1;0;0;0;0;0.01;0.5;0;0;0;0;0;0;0;0;0;0;0;0;0;0;0;0;0;0;0;0;0;0;0;0;0;0;0;0;0;0.5;0;0;0;0;0;0;0;3;0;0;0;0;0;0;0;0;0;0;0;0;0.5;0;0;0;0;0;0;0;0;0;0;0;0;0;0;0;0;0;0;0;0;0;0;0;0;0;0;0;0;0;0;0;0.01;0;1;0;0;0;0;0;0;0;0;0;0;0;0;0;0;0;0.5;0;0;0;0;0;0;0;0;0;0.1;0;0;0;0;0;0;0;0;0;0;0;0;0;0;0;0;0;0;0;0;0;0;0;0;0.5;0;0;0;0;0;0;0;0;0;0;0;0;0;0;0;17
8;8;2010;1;01/08/2010;05/08/2010;2C;0;0;0.5;0;0;0;0;0;0;0;12;0;0;0;0;0;0;0;0;0;0;0;0;0;0;0;0;0;0;0;0;0;0;0;0;0;0;0;0;0;0;0;0;0;0;0;0;0;0;0;0;0;0;0;5;0;0;3;0;0;0;0;1;0.5;0;0;0;0;0;0;0;0;0;0;0;0;0;0;0;0;0;0;0;0;0;0;0;0;0;0;0;0;0;1;0;0;0;0;0;0;0;4;0;0;0;0;0;0;0;0;0;0;0;0;1;0;0;0;0;0;0;0;0;0;0;0;0;0;0;0;0;0;0;0;0;0;0;0;0;1;0.5;0.01;0;0;0;0;0;0;1;0;0;0;0;0;0;0;0;0;0;0;0;0;0.01;0;1;0;0;0;0;0;0;0;0;0;0;0;0;0;0;0;0;0;0;0;0;0;0;0;0;0;0;0;0;0;0;0;0;0;0;0;0;0;0;0;0;0;0;0;0;0;0;0;0;0;0;15
8;8;2010;1;01/08/2010;05/08/2010;2E;0;0;1;0;0;0;0;0;0;0;11;0;0;0;0.1;0;0;0;0;0;0;0;1;0;0;0;0;0;0;0;0;0;0;0;0;0;0;0;0;0;0;0;0;0;0;0;0;0;0;0;0;0;0;0;3;0;0;1;0;0;0;0;0.01;3;0;0;0;0;0;0;0;0;0;0;0;0;0;0;0;0;0;0;0;0;0;0;0;0.01;0;0;0;0;0;0.1;0;0;0;0;0;0;0;4;0;0;0;0;0;0;0;0;0;0;0.1;0;0.5;0;0;0;0;0;0;0;0;0;0;0;0;0;0;0;0;0;0;0;0;0;0;0;0;0;0;0;0;0;0;0;0;0;1;0;0;0;0;0;0;0.1;0;0;0;0;0;0.1;0;0;0.5;0;0;0;0;0;0;0;0;0;0.5;0;0;0;0;0;0;0;0;0;0;0;0;0;0;0;0;0;0;0;0;0;0;0;0;0.5;0;0;0;0;0;0;0;0;0;0;0;0;0;0;0;19
8;8;2010;1;01/08/2010;05/08/2010;2G;2;0;0.5;0;0;0;0;0;0;0;7;0;0;0;0;0;0;0;0;0;0;0;3;0;0;0.5;0;0;0;1;0;0;0;0;0;0;0;0;0;0.1;2;0;0;0;0;0;0;0;0;0;0;0;0;0;2;0;0;0.5;0;0;0;0;0.1;2;0;0;0;1;0;0;0;0;0;0;0;0;0;0;0;0;0;0;0;0;0;0;0.01;0;0.5;0;0;0;0;0.5;0;0;0;0;0;0;0;0.5;0;0;0;0;0;0;0;0.1;0;0;0;0;0;0;0;0;0;0;0;0;0;0;0;0;0;0;0;0;0;0;0;0;0;0;0;0;0;0;0.1;0.01;0;0;0;0;0;0;1;0;0;0;0;0;0;0;0;0;0;0;0;0.1;0;0;0;0;0;0;0;0;0;0;0;0;0.5;0;0;0;0;0;0;0;0;0;0;0;0;0;0;0;0;0;0;0;0;0;0;0;0;0.5;0;0;0;0;0;0;0;0;0;0;0;0;0;0;0;24
8;8;2010;1;01/08/2010;05/08/2010;2I;0;0;0.1;0;0;0;0;0;2;0.5;6;0.1;0;0;0;0;0;0;0;0;0;0;4;0;0;0.01;0;0;0;0;0;0;0;0;0;0;0;0;0;0;0;0;0;0;0;0;0;0;0;0;0;0;0;0;3;0;0;0;0;0;0;0;0;0;0;0;0;1;0;0;0;0;0;0;0;0;0;0;0;0.1;0;0;0;0;0;0;0.01;0;0;0;0;0;0;2;0;0;0;0;0;0;0;0.5;0;0;0;0;0;0;0;0.5;0;0;0;0;0;0;0;0;0;0;0;0;0;0;0;0;0;0;0;0;0;0;0;0;0;0;0;0;0;0;0;0;0;0;0;0;0;0;1;0;0;0;0;0;0;0;0;0;0;0;0;0.5;0;0;0;0.01;0;0;0;0;0;0;0;0;0.1;0;0;0;0;0;0;0;0;0;0;0;0;0;0;0;0;0;0;0;0;0;0;0;0;0.5;0;0;0;0;0;0;0;0;0;0;0;0;0;0;0;19
8;8;2010;1;01/08/2010;05/08/2010;4A;0;0;0.5;0;0;0;0;0;0;0.005;2.5;0;0;0;0;0.005;0;0;0;0;0;0;1;0;0;0;0;0;0;0;0;0;0;0;0;0;0;0;0;0;0;0;0;0;0;0;0;0;0;0;0;0;0;0;6;0;0;2.5;0;0;0;0;1.5;2;0;0;0;0;0;0;0;0.25;0;0;0;0;0;0;0;0;0;0;0;0;0;0;0;0;0;0;0;0;0;0.5;0;0;0;0;0;0;0;1;0;0;0;0;0;0;0;0;0;0;0;0;2;0;0;0;0;0;0;0;0;0;0;0;0;0;0;0;0;0;0;0;0;0;0;0;0;0;0;0.005;0;0;0;0;0.005;0;2;0;0;0;0;0;0;0;0.005;0;0;0;0;0;0;0;0.5;0.005;0;0;0;0;0;0;0;0;0.25;0;0;0;0;0;0;0;0;0;0;0;0;0.05;0;0;0;0;0;0;0;0;0;0;0;0;0;0;0;0;0;0;0;0;0;0;0;0;0;0;0;21
8;8;2010;1;01/08/2010;05/08/2010;4C;0;0;0.5;0;0;0;0;0;0;0;2.5;0;0;0;0;0;0;0;0;0;0;0;0.25;0;0;0;0;0;0;0;0;0;0;0;0;0;0;0;0;0;0;0;0;0;0;0;0;0;0;0;0;0;0;0;3.5;0;0;1;0;0;0;0;0.5;2;0;0;0;0;0;0;0;0;0;0;0;0;0;0;0;0;0;0;0;0;0;0;0;0;0;0;0;0;0;0.5;0;0;0;0;0;0;0;1.5;0;0;0;0;0;0;0;0;0;0;0;0;1;0;0;0;0;0;0;0;0;0;0;0;0;0;0;0;0;0;0;0;0;0;0;0;0;0;0.5;0.005;0;0;0;0;0;0;2;0;0;0;0;0;0;0;0;0;0;0;0;0;0;0;0;0;0;0;0;0;0;0;0;0;0.25;0;0;0;0;0;0;0;0;0;0;0;0;0.25;0;0;0;0;0;0;0;0;0;0;0;0.5;0;0;0;0;0;0;0;0;0;0;0;0;0;0;0;16
8;8;2010;1;01/08/2010;05/08/2010;4E;0.25;0;0.5;0;0;0;0;0;1.5;0;2;0;0;0.25;0;0;0;0;0;0;0;0.005;1.5;0;0;0.05;0;0;0;0.5;0;0;0;0;0;0;0;0;0;0.5;0;0;0;0;0;0;0;0;0;0;0;0;0;0;1.5;0;0;0.5;0;0;0;0;0.25;4;0;0;0;0;0;0;0;0;0;0;0;0;0;0;0;0.25;0;0;0;0;0;0;0.05;0;0;0;0;0;0;1;0;0;0;0;0;0;0;1.5;0;0;0;0;0;0;0;0;0;0;0;0;0;0;0;0;0;0;0;0;0;0;0;0;0;0;0;0;0;0;0;0;0;0;0;0;0;0;0;0;0;0;0;0;0;0;0.5;0;0;0;0;0;0;0;0;0;0;0;0;0.05;0;0;0;0;0;0;0;0;0;0;0;0;0.25;0;0;0;0;0;0;0;0;0;0;0;0;0;0;0;0;0;0;0;0;0;0;0;0;0.25;0.05;0;0;0;0;0;0;0;0;0;0;0;0;0;0;23
8;8;2010;1;01/08/2010;05/08/2010;4G;0;0;1;0;0;0;0;0;0;0.005;4.5;0;0;0;0;0;0;0;0;0;0;0;1;0;0;0;0;0;0;0;0;0;0;0;0;0;0;0;0;0;0;0;0;0;0;0;0;0;0;0;0;0;0;0;2;0;0;0.5;0;0;0;0;0.5;0;0;0;0;0;0;0;0;0;0;0;0;0;0;0;0;0;0;0;0;0;0;0;0.05;0;0;0;0;0;0;1.5;0;0;0;0;0;0;0;1.5;0;0;0;0;0;0;0;0.05;0;0;0.25;0;0;0;0;0;0;0;0;0;0;0;0;0;0;0;0;0;0;0;0;0;0;0;0;0;0;0;0.5;0;0;0;0;0;0;0;1;0;0;0;0;0;0;0;0.005;0;0;0;0;0.05;0;0;0.05;0.005;0;0;0;0;0;0;0;0;0.05;0;0;0;0;0;0;0;0;0;0;0;0;0;0;0;0;0;0;0;0;0;0;0;0;0.5;0;0;0;0;0;0;0;0;0;0;0;0;0;0;0;20
8;8;2010;1;01/08/2010;05/08/2010;4I;0;0;0.5;0;0;0;0;0;0;0.25;3;0;0;0;0;0;0;0;0;0;0;0;1.5;0;0;0.5;0;0;0.25;0;0;0;0;0;0;0;0;0;0;0;0;0;0;0;0;0;0;0;0;0;0;0;0;0;1.5;0;0;0.5;0;0;0;0;0;0;0;0;0;0.25;0;0;0;0;0;0;0;0;0;0;0;0;0;0;0;0;0;0;0.05;0;0;0;0;0;0;0.5;0;0;0;0;0;0;0;1;0;0;0;0;0;0;0;0.05;0;0;1;0;0.25;0;0;0;0.05;0;0;0;0;0;0;0;0;0;0;0;0;0;0;0;0;0;0;0;0;0;0;0;0;0;0;0.5;0.25;0;0.25;0;0;0;0;0;0;0;0;0;0;0;0;0.05;0;0;0;0;0;0;0;0;0;0;0;0;0;0;0;0;0;0;0;0;0;0;0;0;0;0;0;0;0;0;0;0;0;0;0;0;0;0.5;0;0;0;0;0;0;0;0;0;0;0;0;0;0;0;21
8;8;2010;1;01/08/2010;05/08/2010;6A;0.5;0;0;0;0;0;0;0;0;0;1;0;0;0;0;0;0;0;0;0;0;0;0;0;0;0;0;0;0;0;0;0;0;0;0;0;0;0;0;0;0;0;0;0;0;0;0;0;0;0;0;0;1;0;9;0;0;4;0;0;0;0;3;3;0;0;0;0;0;0;0;0;0;0;0;0;0;0;0;0;0;0;0;0;0;0;0;0;0;0;0;0;0;0;0;0;0;0;0;0;0;0;0;0;0;0;0;0;0;0;0;0;0;0;0;0;0;0;0;0;0;0;0;0;0;0;0;0;0;0;0;0;0;0;0;0;0;0;0;0;2;0;0;0.5;0;0;0.1;0;3;0;0;0;0;0;0;0;0.1;0;0;0;0.1;0;0;0.1;3;0;0;0;0;0;0;4;0;0;0;0;0;0;0;0;0;0;0;0;0;0;0;3;0;0;0;0;0;0;0;0;0;0;0;0;0;0;0;0;0;0;0;0;0;0;0;0;0;0;0;17
8;8;2010;1;01/08/2010;05/08/2010;6C;0;0;2;0;0;0;0;0;0;0;4;0;0;0;0;0;0;0;0;0;0;0;0;0;0;0;0;0;0;0;0;0;0;0;0;0;0;0;0;0;0;0;0;0;0;0;0;0;0;0;0;0;0;0;8;0;0;5;0;0;0;0;3;4;0;0;0;0;0;0;0;0;0;0;0;0;0;0;0;0;0;0;0;0;0;0;0;0;0;0;0;0;0;3;0;0;0;0;0;0;0;1;0;0;0;0;0;0;0;0;0;0;0.1;0;4;0;0;0;0;0;0;0;0;0;0;0;0;0;0;0;0;0;0;0;0;0;0;0;0;0;0.1;0.01;0;0;0;0;0;0;3;0;0;0;0;0;0;0;0.01;0;0;0;0;0;0.1;0;0;0.01;0;0;0;0;0;0;0;0;0.5;0;0;0;0.01;0;0;0;0;0;0;0;0;4;0;0;0;0;0;0;0;0;0;0;0;0;0;0;0;0;0;0;0;0;0;0;0;0;0;0;0;19
8;8;2010;1;01/08/2010;05/08/2010;6E;0;0;2;0;0;0;0;0;0;0.01;15;0;0;0;0;0;0;0;0;0;0;0;2;0;0;0;0;0;0;0;0;0;0;0;0;0;0;0;0;0;0;0;0;0;0;0;0;0;0;0;0;0;0;0;5;0;0;4;0;0;0;0;2;0.1;0;0;0;0;0;0;0;0;0;0;0;0;0;0;0;0;0;0;0;0;0;0;0;0;0;0;0;0;0;0.1;0;0;0;0;0;0;0;4;0;0;0;0;0;0;0;0;0;0;0;0;3;0;0;0;0;0;0;0;0;0;0;0;0;0;0;0;0;0;0;0;0;0;0;0;0;0;0;0;0;0;0;0;0;0;1;0;0;0;0;0;0;0;0;0;0;0;0;0;0;0;0.5;0;0;0;0;0;0;0;0;0;0.5;0;0;0;0;0;0;0;0;0;0;0;0;0;0;0;0;0;0;0;0;0;0;0;0;0;0;0.1;0;0;0;0;0;0;0;0;0;0;0;0;0;15
8;8;2010;1;01/08/2010;05/08/2010;6G;0;0;3;0;0;0;0;0;0;0;9;0.5;0;0;0;0;0;0;0;0;0;0;5;0;0;0;0;0;0;0;0;0;0;0;0;0;0;0;0;0.1;0;0;0;0;0;0;0;0;0;0;0;0;0;0;4;0;0;0.5;0;0;0;0;0.5;0;0;0;0;0;0;0;0;0;0;0;0;0;0;0;0;0;0;0;0;0;0;0;0.01;0;0;0;0;0;0;1;0;0;0;0;0;0;0;3;0;0;0;0;0;0;0;0.5;0;0;0;0;0.5;0;0;0;0;0;0;0;0;0;0;0;0;0;0;0;0;0;0;0;0;0;0;0;0;0;1;0;0;0;0;0;0.01;0;1;0;0;0;0;0;0;0;0;0;0;0;0;0;0;0;0;0;0;0;0;0;0;0;0;0;0;0;0;0;0;0;0;0;0;0;0;0;0;0;0;0;0;0;0;0;0;0;0;0;0;0.5;0;0;0;0;0;0;0;0;0;0;0;0;0;0;0;17
8;8;2010;1;01/08/2010;05/08/2010;6I;0;0;1;0;0;0;0;0;0;0.1;8;0.01;0;0;0;0;0;0;0;0;0;0;4;0;0;0;0;0;0;0;0;0;0;0;0;0;0;0;0;0;0;0;0;0;0;0;0;0;0;0;0;0;0;0;5;0;0;0.5;0;0;0;0;0;1;0;0;0;0;0;0;0;0;0;0;0;0;0;0;0;0;0;0;0;0;0;0;0.01;0;0;0;0;0;0;2;0;0;0;0;0;0;0;2;0;0;0;0;0;0;0;0.1;0;0;0;0;0;0;0;0;0;0;0;0;0;0;0;0;0;0;0;0;0;0;0;0;0;0;0;0;0;0;0;0;0;0;0;0;0;0;2;0;0;0;0;0;0;0;0;0;0;0;0;0.1;0;0;0.1;0;0;0;0;0;0;0;0;0;0.01;0;0;0;0;0;0;0;0;0;0;0;0;0;0;0;0;0;0;0;0;0;0;0;0;3;0;0;0;0;0;0;0;0;0;0;0;0;0;0;0;17
8;8;2010;1;01/08/2010;05/08/2010;8A;0;0;0;0;0;0;0;0;0;0;0.5;0;0;0;0.1;0;0;0;0;0;0;0;0;0;0;0;0;0;0;0;0;0;0;0;0;0;0;0;0;0;0;0;0;0;0;0;0;0;0;0;0;0;0.5;0;7;0;0;4;0;0;0;0;0.5;4;0;0;0;0;0;0;0;0;0;0;0;0;0;0;0;0;0;0;0;0;0;0;0;0;0;0;0;0;1;0;0;0;0;0;0;0;0;0;0;0;0;0;0;0;0;0;0;0;0;0;0;0;0;0;0;0;0;0;0;0;0;0;0;0;0;0;0;0;0;0;0;0;0;0;0;0;5;0.1;0;0;0;0;0;0;2;0;0;0;0;0;0;0;0;0;0;0;0;0;0.5;0.5;0.5;0;0;0;0.5;0;0;9;0;0;0.1;0;0;0;0;0;0;0;0;0;0;0;0;0;0;0;0;0;0;0;0;0;0;0;0;0;0;0;0;0;0;0;0;0;0;0;0;0;0;0;0;17
8;8;2010;1;01/08/2010;05/08/2010;8C;0;0;0;0;0;0;0;0;0;0;3;0;0;0;0;0;0;0;0;0;0;0;0;0;0;0;0;0;0;0;0;0;0;0;0;0;0;0;0;0;0;0;0;0;0;0;0;0;0;0;0;0;0.5;0;5;0;0;12;0;0;0;0;2;5;0;0;0;0;0;0;0;0;0;0;0;0;0;0;0;0;0;0;0;0;0;0;0;0.5;0;0;0;0;0;0;0;0;0;0;0;0;0;0;0;0;0;0;0;0;0;0;0;0;0;0;1;0;0;0;0;0;0;0;0;0;0;0;0;0;0;0.01;0;0;0;0;0;0;0;0;0;0;3;0.01;0;0;0;0;0;0;3;0;0;0;0;0;0;0;0.5;0;0;0;0;0.01;0;0;0;0;0;0;0;0;0;2;0;0;0;0;0;0;0.1;0;0;0;0;0;0;0;0;0;0;0;0;0;0;0;0;0;0;0;0;0;2;2;0;0;0;0;0;0;0;0;0;0;0;0;0;18
8;8;2010;1;01/08/2010;05/08/2010;8E;0;0;0;0;0;0;0;0;0;0;6;0;0;0;0;0;0;0;0;0;0;0;0;0;0;0;0;0;0;0;0;0;0;0;0;0;0;0;0;0;0;0;0;0;0;0;0;0;0;0;0;0;0.1;0;3;0;0;4;0;0;0;0;1;2;0;0;0;0;0;0;0;0;0;0;0;0;0;0;0;0;0;0;0;0;0;0;0;0;0;0;0;0;0;0;0;0;0;0;0.1;0;0;3;0;0;0;0;0;0;0;0;0;0;0;0;1;0;0;0;0;0;0;0;0;0;0;0;0;0;0;0;0;0;0;0;0;0;0;0;0;0;4;0.01;0;0;0;0;0;0;3;0;0;0;0;0;3;0;0;0;0;0;0;0.1;0;0.1;0.5;0;0;0;0;0;0;3;0;0.1;0;0;0;0;0;0;0;0;0;0;0;0;0;0;0;0;0;0;0;0;0;0;0;0;0;0;0;0;0;0;0;0;0;0;0;0;0;0;0;0;0;18
8;8;2010;1;01/08/2010;05/08/2010;8G;0;0;2;0;0;0;0;0;0;0;9;0;0;0;0;0;0;0;0;0;0;0;1;0;0;0;0;0;0;0;0;0;0;0;0;0;0;0;0;0;0;0;0;0;0;0;0;0;0;0;0;0;0;0;5;0;0;6;0;0;0;0;3;1;0;0;0;0;0;0;0;0;0;0;0;0;0;0;0;0;0;0;0;0;0;0;0;0;0;0;0;0;0;0;0;0;0;0;0;0;0;5;0;0;0;0;0;0;0;0;0;0;0;0;2;0;0;0;0;0;0;0;0;0;0;0;0;0;0;0;0;0;0;0;0;0;0;0;0;0;4;0;0;0;0;0;0;0;0.5;0;0;0;0;0;0;0;0;0;0;0;0;0;0;0;0;0;0;0;0.5;0;0;0;0;0;0.1;0;0;0;0;0;0;0;0;0;0;0;0;0;0;0;0;0;0;0;0;0;0;0;2;0;0;1;0;0;0;0;0;0;0;0;0;0;0;0;0;15
8;8;2010;1;01/08/2010;05/08/2010;8I;1;0;3;0;0;0;0;0;0;0;6;0;0;0.1;0;0;0;0;0;0;0;0;3;0;0;0;0;0;0;0;0;0;0;0;0;0;0;0;0;0;0;0;0;0;0;0;0;0;0;0;0;0;0.1;0;8;0;0;6;0;0;0;0;2;4;0;0;0;0;0;0;0;0.5;0;0;0;0;0;0;0;0;0;0;0;0;0;0;0;0;0;0;0;0;0;0;0;0;0;0;0;0;0;3;0;0;0;0;0;0;0;0;0;0;0;0;2;0;0;0;0;0;0;0;0;0;0;0;0;0;0;0;0;0;0;0;0;0;0;0;0;1;0.5;0;0;0;0;0;0;0;0.5;0;0;0;0;0;0;0;0.1;0;0;0;0;0;0;0;0;0.01;0;0;0;0;0;0;0;0;0;0;0;0;0;0;0;0;0;0;0;0;0;0;0;0;0;0;0;0;0;0;0;0;0;0;0;0;0;0;0;0;0;0;0;0;0;0;0;0;0;18