band_number,year,sex,colour,wing_chord,wing_flat,tail,p_9,weight,date,nest_box,clutch_size,clutch_number,no_of_young_fledged,number_hatch,location
1671.49929,2010,M,BLU,116,117,55,89,20,2015-06-01,PT16I,6,1,6,6,PT
1671.51227,2010,F,BLU,120,121,47,92,22.5,2015-06-01,PT16I,6,1,6,6,PT
1671.51366,2010,F,BLU,118,119,53,93,23.8,2017-06-01,PT19F,5,1,4,4,PT
1771.40297,2010,F,BLU,120,121,52,95,19.7,2017-06-01,PT09F,6,1,4,4,PT
1771.41084,2010,F,BLU,116,118,54,91,19.5,2010-06-06,SL76,4,1,4,4,SL
1771.41084,2011,F,BLU,115,117,55,95,20.4,2011-06-05,SL76,3,1,1,2,SL
1771.41146,2011,F,BLU,114,116,58,88,20.5,2011-06-13,SL01,6,1,4,6,SL
1771.41146,2012,F,BLU,109,111,60,88,21.8,2012-06-10,SL63,6,1,6,6,SL
1771.412,2010,F,BLU,112,114,46,92,21.79,2010-06-10,MC33,4,1,4,4,MC
1771.41229,2011,F,BLU,115,119,56,91,21,2011-06-12,MC26,5,1,5,5,MC
1771.42069,2010,F,BLU,112,113,59,89,21.1,2010-06-10,MC66,6,1,4,5,MC
1771.42178,2011,F,BLU,114,117,55,88,19.8,2011-06-17,PT15J,6,1,4,4,PT
1771.42178,2012,F,BLU,117,120,57,98,22.77,2012-06-02,PT07F,6,1,6,6,PT
1771.42257,2010,M,BLU,119,122,57,96,20.5,2010-06-07,SL26,5,1,5,5,SL
1771.42264,2011,F,BLU,113,114,51,89,20.3,2011-06-09,SL06,6,1,6,6,SL
1771.42382,2010,F,BLU,114,115,56,90,21.6,2010-06-11,SL06,6,1,6,6,SL
1771.42387,2012,F,BLU,115,118,55,91,19.1,2012-06-09,SL22,6,1,5,6,SL
1771.42388,2010,F,BLU,110,112,51,89,18,2010-06-11,SL60,6,1,3,3,SL
1771.42388,2011,F,BLU,109,111,54,89,17.3,2011-06-15,SL59,8,1,0,7,SL
1771.43059,2010,M,BLU,124,125,47,99,21,2015-06-01,PT12H,6,1,4,4,PT
1771.43085,2010,F,BLU,100,101,56,85,21.5,2018-06-01,PT19E,5,1,5,5,PT
1771.43207,2010,M,BLU,112,114,53,88,22,2017-06-01,PT09F,6,1,4,4,PT
1771.43207,2012,M,BLU,113,116,52,89,21.34,2012-06-04,PT09F,7,1,6,6,PT
1771.43242,2010,M,BLU,118,119,57,95,18,2017-06-01,PT07F,6,1,4,4,PT
1771.4326,2010,F,BLU,115,119,56,93,21.5,2020-06-01,PT12G,4,1,3,3,PT
1771.43291,2011,M,BLU,113,116,56,91,19.9,2011-06-13,MC58,6,1,6,6,MC
1771.43292,2011,F,INT,111,117,57,89,19.47,2011-06-05,MC27,3,1,1,2,MC
1771.43292,2012,F,BLU,114,116,53,90,19.4,2012-06-08,MC27,4,1,1,2,MC
1771.43309,2011,F,BLU,115,117,56,88,22.2,2011-06-11,SL20,5,1,3,3,SL
1771.43399,2011,M,BLU,117,119.5,56,96,20.4,2011-06-14,MC23,5,1,5,4,MC
1771.43399,2012,M,BLU,118,120,59,91,20.5,2012-06-02,MC23,6,1,5,6,MC
1771.43417,2010,M,BLU,119,121,54,97,21.8,2010-06-07,MC55,4,1,3,3,MC
1771.43719,2011,M,BLU,118,120,57,94,21.2,2011-06-13,SL70,6,1,6,6,SL
1771.43727,2010,F,BLU,111,114,53,87,20.2,2012-06-01,PT11I,6,1,5,5,PT
1771.43727,2010,F,BLU,112,113,54,86,18.5,2018-06-01,PT11I,6,1,5,5,PT
1771.43886,2010,F,BLU,118,121,57,96,21.4,2010-06-11,SL11,6,1,3,6,SL
1771.43976,2010,F,BLU,115,118,59,97,20,2010-06-11,SL52,5,1,5,5,SL
1771.43976,2011,F,BLU,113,115,59,90,20.1,2011-06-19,SL26,5,1,4,5,SL
1831.38403,2010,M,BLU,125,127,58,98,21,2017-06-01,PT14H,6,1,0,6,PT
1831.38403,2011,M,BLU,124,127,58,98,21.2,2011-06-20,PT13H,6,1,5,5,PT
1831.38403,2012,M,BLU,126,129,60,104,21.96,2012-06-02,PT14H,6,1,6,6,PT
1831.38412,2012,M,BLU,125,128,59,102,21.22,2012-06-05,PT13H,6,1,5,5,PT
1831.38421,2010,F,BLU,121,122,52,93,21.25,2013-06-01,PT11K,2,1,0,2,PT
1831.38421,2011,F,BLU,120,122,60,96,20.85,2011-06-14,PT18E,6,1,6,6,PT
1831.38421,2012,F,BLU,122,124,60,97,20.6,2012-06-02,PT18E,6,1,6,6,PT
1831.38462,2010,F,BLU,113,115,53,88,20.4,2017-06-01,PT17G,5,1,4,5,PT
1831.3848,2010,F,BLU,113,115,54,89,19.8,2012-06-01,PT04F,5,1,5,5,PT
1831.38503,2012,F,BLU,111,116,56,89,19.1,2012-06-02,PT01J,6,1,6,6,PT
1831.38508,2011,F,BLU,111,113,56,85,20.58,2011-06-13,PT01J,6,1,4,5,PT
1831.38508,2011,F,BLU,109,111,54,85,18.1,2011-06-19,PT01J,6,1,4,5,PT
1831.3852,2010,F,BLU,114,115,53,90,23.5,2015-06-01,PT12H,6,1,4,4,PT
1831.38564,2010,F,BLU,110,113,52,88,20,2012-06-01,PT16H,4,1,4,4,PT
1831.38571,2010,F,BLU,116,120,56,93,22.6,2018-06-01,PT14G,6,1,6,6,PT
1831.38571,2011,F,BLU,114,118,58,88,21,2011-06-16,PT14H,6,1,0,5,PT
1831.38581,2010,F,BLU,116,119,58,89,22,2010-06-01,PT04G,5,1,5,5,PT
1831.38581,2011,F,BLU,114,117,58,88,22.4,2011-06-21,PT16F,6,1,1,6,PT
1831.38581,2012,F,BLU,115,118,59,94,21.68,2012-06-06,PT15F,6,1,5,5,PT
1831.38635,2011,M,BLU,119,123,56,92,21.05,2011-06-05,MC63,4,1,4,4,MC
1831.38635,2012,M,BLU,117,121,60,95,21.6,2012-06-04,MC63,3,1,3,3,MC
1831.3864,2010,M,BLU,115,118.5,54,93,20.8,2010-06-12,MC06,4,1,2,2,MC
1831.3864,2011,M,BLU,113,118,54,95,20.3,2011-06-12,MC06,4,1,3,3,MC
1831.3866,2012,M,BLU,119,121,61,95,20.9,2012-06-04,MC39,5,1,5,5,MC
1831.38676,2010,F,BLU,114,116,52,91,20.56,2010-06-10,MC21,5,1,0,4,MC
1831.38676,2011,F,BLU,115,118,53,91,19.7,2011-06-12,MC20,5,1,1,3,MC
1831.38676,2012,F,BLU,115,117,57,88,20.7,2012-06-06,MC79,6,1,5,5,MC
1831.38713,2012,F,BLU,110,112,54,87,20.1,2012-06-05,SL76,5,1,3,3,SL
1831.38797,2011,M,BLU,112,115,56,91,22.5,2011-06-12,MC47,7,1,5,5,MC
1831.388,2010,F,BLU,115,117,55,90,21.8,2010-06-06,SL54,5,1,5,5,SL
1831.3904,2011,F,BLU,114,115,53,90,20.3,2011-06-11,SL39,7,1,5,5,SL
1831.39051,2010,F,BLU,118,120,55,87,19.75,2021-06-01,PT15I,5,1,5,5,PT
1831.39074,2010,M,BLU,124,125,48,98,21.75,2013-06-01,PT06J,6,1,5,6,PT
1831.39074,2011,M,BLU,118,122,55,92,20.2,2011-06-17,PT05J,4,1,2,2,PT
1831.39074,2012,M,BLU,121,124,68,102,20.72,2012-06-04,PT05J,5,1,4,5,PT
1831.39084,2011,F,BLU,115,117,56,92,22.55,2011-06-14,PT11G,6,1,2,2,PT
1881.04234,2010,M,BLU,123,125,56,97,20.5,2010-06-01,PT02F,5,1,5,5,PT
1881.04234,2012,M,BLU,121,125,56,98,22,2012-05-31,PT02F,6,1,0,6,PT
1881.06033,2010,M,BLU,115,117,56,95,21.5,2010-06-06,SL76,4,1,4,4,SL
1881.06033,2011,M,BLU,115,117,55,90,22.1,2011-06-06,SL76,3,1,1,2,SL
1881.06034,2010,F,BLU,114,116,55,92,19.7,2010-06-11,SL19,6,1,6,6,SL
1881.06034,2011,F,BLU,114,116,55,97,20.6,2011-06-05,SL19,4,1,3,3,SL
1881.06071,2010,F,BLU,112,114,53,89,20,2010-06-11,SL43,6,1,0,6,SL
1881.06072,2012,F,BLU,113,114,54,88,19.2,2012-06-03,SL41,5,1,5,5,SL
1881.06089,2010,F,BLU,113,114,54,89,20.4,2010-06-12,SL02,4,1,4,4,SL
1881.06107,2010,M,BLU,118,120.5,56,96,21.2,2010-06-10,MC66,6,1,4,5,MC
1881.0616,2011,M,BLU,114,117,55,90,20.4,2011-06-12,MC79,5,1,5,5,MC
1881.06238,2010,M,BLU,129,130,51,102,22.5,2015-06-01,PT12J,6,1,2,6,PT
1881.06295,2010,M,BLU,119,121,57,90,21,2018-06-01,PT11G,5,1,5,5,PT
1881.06295,2011,M,BLU,123,125,57,98,21.34,2011-06-14,PT11G,6,1,2,2,PT
1881.06295,2012,M,BLU,121,125,56,99,21.63,2012-06-04,PT11G,6,1,6,6,PT
1881.06307,2010,F,BLU,112,115,56,89,20.75,2017-06-01,PT07F,6,1,4,4,PT
1881.06307,2011,F,BLU,109,115,55,85,19.8,2011-06-19,PT01I,7,1,5,5,PT
1881.06307,2012,F,BLU,113,116,56,91,22.64,2012-06-04,PT01I,6,1,6,6,PT
1881.06321,2010,F,BLU,116,117,44,95,19.75,2015-06-01,PT16J,6,1,5,6,PT
1881.06321,2012,F,BLU,113,116,55,91,20.24,2012-06-04,PT10G,7,1,6,6,PT
1881.06333,2010,M,BLU,115,116,56,92,20.72,2010-06-10,MC54,6,1,4,5,MC
1881.06362,2011,F,BLU,110,112,53,88,21.3,2011-06-09,SL71,6,1,4,4,SL
1881.06368,2010,F,BLU,112,116,55,88,18.66,2010-06-10,MC54,6,1,4,5,MC
1881.06378,2011,F,BLU,115,118,54,91,20,2011-06-11,MC38,6,1,5,5,MC
1881.06378,2012,F,BLU,116,117,54,92,20.7,2012-05-31,MC74,6,1,3,6,MC
1881.06382,2011,F,BLU,115,117,57,95,19.7,2011-06-12,MC02,6,1,5,5,MC
1881.06387,2010,M,BLU,121,123,57,97,20.2,2010-06-10,MC43,6,1,3,6,MC
1881.06389,2010,F,BLU,112.5,115,53,89,21.32,2010-06-10,MC46,5,1,4,4,MC
1881.06389,2011,F,BLU,113,116,53,88,19.3,2011-06-13,MC46,5,1,4,4,MC
1881.06389,2011,F,BLU,113,115,52,90,21.1,2011-06-12,MC46,5,1,4,4,MC
1881.06389,2012,F,BLU,112,114,53,89,20.7,2012-06-02,MC25,5,1,5,5,MC
1881.06392,2010,M,BLU,121,122,58,98,22.1,2010-06-10,MC46,5,1,4,4,MC
1881.06392,2011,M,BLU,124,126,56,99,22.2,2011-06-12,MC46,5,1,4,4,MC
1881.06427,2011,F,BLU,110,112,54,83,21.88,2011-06-12,PT07K,5,1,5,5,PT
1881.06427,2012,F,BLU,112,114,53,86,20.53,2012-06-02,PT08J,6,1,5,5,PT
1881.06429,2010,M,BLU,125,126,48,95,22.75,2013-06-01,PT11K,2,1,0,2,PT
1881.06429,2011,M,BLU,118,120,56,92,22.48,2011-06-13,PT11K,5,1,5,5,PT
1881.06429,2012,M,BLU,120,123,56,97,22.37,2012-06-06,PT11K,7,1,5,5,PT
1881.06436,2010,F,BLU,115,116,56,90,21,2017-06-01,PT11G,5,1,5,5,PT
1881.06436,2011,F,BLU,111,115,55,89,23.6,2011-06-19,PT11H,6,1,5,6,PT
1881.06436,2012,F,BLU,116,119,56,94,22.87,2012-06-02,PT11H,6,1,6,6,PT
1881.06441,2010,M,BLU,123,124,60,96,21.1,2010-06-01,PT04G,5,1,5,5,PT
1881.06441,2011,M,BLU,122,124,60,98,22.14,2011-06-15,PT04F,6,1,0,6,PT
1881.06449,2010,F,BLU,118,119,46,90,23,2013-06-01,PT06J,6,1,5,6,PT
1881.06489,2010,M,BLU,124,126,61,96,21,2012-06-01,PT04F,5,1,5,5,PT
1881.0652,2010,F,BLU,115,119,54,90,19.6,2010-06-01,PT02F,5,1,5,5,PT
1881.0652,2011,F,BLU,116,118,55,93,19.92,2011-06-15,PT04F,6,1,0,6,PT
1881.0654,2010,M,BLU,123,125,54,99,21.5,2018-06-01,PT04I,5,1,5,5,PT
1881.0654,2011,M,BLU,119,124,50,95,20.8,2011-06-19,PT04I,6,1,5,5,PT
1881.0654,2012,M,BLU,122,126,56,98,21.29,2012-06-05,PT04I,6,1,5,6,PT
1881.06771,2011,M,BLU,117,120,56,92,20,2011-06-13,SL72,6,1,6,6,SL
1881.06771,2012,M,BLU,121,123,56,93,21,2012-05-30,SL72,6,1,6,6,SL
1881.06779,2011,F,BLU,110,114,54,87,18.8,2011-06-15,SL29,5,1,3,3,SL
1881.06779,2012,F,BLU,112,115,55,91,20.75,2012-05-28,SL39,5,1,2,5,SL
1881.06793,2010,M,BLU,111.5,112.5,55,88,19.57,2010-06-08,SL77,6,1,6,6,SL
1881.06802,2011,M,BLU,118,120,56,91,20.5,2011-06-13,MC70,6,1,5,5,MC
1881.0684,2010,M,BLU,112,114.5,54,92,21,2010-06-12,MC11,5,1,3,5,MC
1881.0684,2011,M,BLU,115,118,54,90,20.4,2011-06-11,MC11,6,1,6,6,MC
1881.0684,2012,M,BLU,119,122,58,94,20.6,2012-06-02,MC11,5,1,5,5,MC
1881.0692,2010,M,BLU,119,121,53,95,21.5,2010-06-11,SL33,6,1,6,6,SL
1881.0692,2011,M,BLU,122,124,56,93,22.3,2011-06-11,SL20,5,1,3,3,SL
1881.06924,2010,M,BLU,120.5,123,54,99,21.5,2010-06-08,SL13,6,1,6,6,SL
1881.06924,2011,M,BLU,119,124,54,98,21.9,2011-06-05,SL13,6,1,5,6,SL
1881.06924,2012,M,BLU,123,125,60,96,22.1,2012-05-30,SL13,7,1,7,7,SL
1881.06925,2011,M,BLU,118,120,56,94,21.4,2011-06-19,SL42,7,1,0,4,SL
1881.06925,2012,M,BLU,114,117,55,95,21.7,2012-06-08,SL38,6,1,5,5,SL
1881.06926,2011,F,BLU,109,111,53,87,18.7,2011-06-15,SL50,6,1,2,4,SL
1881.06926,2012,F,BLU,110,111,56,85,19,2012-06-04,SL56,5,1,4,4,SL
1881.06932,2011,M,BLU,120,122,56,95,20.5,2011-06-15,SL34,6,1,5,6,SL
1881.06933,2011,M,BLU,118,120,57,96,18.9,2011-06-17,SL38,6,1,3,4,SL
1881.06936,2010,M,BLU,120,123.5,56.5,96,21.7,2010-06-11,SL17,6,1,6,6,SL
1881.06936,2011,M,BLU,120,123,57,96,21.1,2011-06-08,SL17,6,1,6,6,SL
1881.06936,2012,M,BLU,120,122,54,96,20.7,2012-06-07,SL17,5,1,0,4,SL
1881.06953,2010,F,BLU,118,120,60,92,20.5,2010-06-12,SL04,6,1,4,4,SL
1881.06959,2010,F,BLU,116,118,54,92,20.2,2010-06-06,SL39,6,1,6,6,SL
1881.06966,2010,M,BLU,118,120,54,94,21.5,2010-06-11,SL19,6,1,6,6,SL
1881.06966,2011,M,BLU,118,121,57,93,22,2011-06-05,SL19,4,1,3,3,SL
1881.06966,2012,M,BLU,118,119,58,92,21.3,2012-06-05,SL19,6,1,5,6,SL
1881.06968,2011,M,BLU,121,123,57,97,21.8,2011-06-09,SL06,6,1,6,6,SL
1881.06969,2011,M,BLU,116,118,53,94,20.5,2011-06-10,SL22,6,1,6,6,SL
1881.06969,2012,M,BLU,116,117,55,93,20.3,2012-06-09,SL22,6,1,5,6,SL
1881.06971,2010,M,BLU,115,116,53,91,19.5,2010-06-11,SL51,5,1,3,5,SL
1881.06971,2011,M,BLU,117,119,55,91,19.1,2011-06-10,SL61,6,1,6,6,SL
1881.06971,2012,M,BLU,111,119,57,93,20.3,2012-06-03,SL61,7,1,0,7,SL
1881.06986,2011,F,INT,106,108,49,88,20.3,2011-06-17,SL42,7,1,0,4,SL
1881.06986,2012,F,BLU,109,112,50,84,20.5,2012-06-03,SL25,6,1,4,4,SL
1881.06987,2012,F,BLU,120,121,56,95,20.8,2012-05-30,SL60,6,1,5,5,SL
1881.0699,2011,F,BLU,112,114,55,89,19.5,2011-06-13,MC76,5,1,4,4,MC
1921.85074,2010,F,BLU,114,117,54,91,20,2010-06-06,SL72,8,2,7,8,SL
2171.20004,2010,M,BLU,120,121,55,94,18.9,2017-06-01,PT03J,6,1,6,5,PT
2171.20008,2010,M,BLU,124,125,56,97,20.8,2017-06-01,PT08K,5,1,3,3,PT
2171.20008,2010,M,BLU,124,125,56,97,20.8,2017-06-01,PT07K,6,1,4,5,PT
2171.20008,2010,M,BLU,121,123,57,95,21.5,2017-06-01,PT08K,5,1,3,3,PT
2171.20008,2010,M,BLU,121,123,57,95,21.5,2017-06-01,PT07K,6,1,4,5,PT
2171.20008,2011,M,BLU,121,123,57,97,21.84,2011-06-14,PT07K,5,1,5,5,PT
2171.20008,2012,M,BLU,121,125,57,98,21.2,2012-06-02,PT08K,7,1,7,7,PT
2171.2001,2010,F,BLU,112,114,55,88,21.5,2010-06-01,PT15G,5,1,5,5,PT
2171.20012,2010,M,BLU,117,120,55,93,18.5,2019-06-01,PT19E,5,1,5,5,PT
2171.20012,2011,M,BLU,125,127,56,91,19.7,2011-06-20,PT19E,12,1,3,10,PT
2171.20014,2010,M,BLU,118,120,55,93,20.3,2012-06-01,PT16H,4,1,4,4,PT
2171.20014,2011,M,BLU,118,121,53,95,19.8,2011-06-17,PT16H,6,1,3,3,PT
2171.20014,2012,M,BLU,120,122,58,96,21.4,2012-06-02,PT16H,6,1,5,6,PT
2171.20022,2010,M,BLU,114,116,55,90,21.5,2018-06-01,PT14G,6,1,6,6,PT
2171.20024,2010,M,BLU,117,119,58,93,21.5,2017-06-01,PT18E,6,1,4,4,PT
2171.20031,2011,M,BLU,116,118,56,90,20.26,2011-06-14,PT09J,7,1,7,7,PT
2171.20032,2010,M,BLU,119,120,56,93,21.5,2018-06-01,PT19F,5,1,4,4,PT
2171.20032,2012,M,BLU,120,122,55,97,20.88,2012-06-06,PT16I,6,1,5,6,PT
2171.20038,2010,M,BLU,119,121,55,94,21.2,2012-06-01,PT10G,6,1,6,6,PT
2171.20051,2010,M,BLU,120,121,55,95,20.3,2017-06-01,PT14J,6,1,6,5,PT
2171.20052,2010,F,BLU,115,116,52,88,18.5,2013-06-01,PT03J,6,1,6,5,PT
2171.20052,2011,F,BLU,111,113,56,88,16.5,2011-06-16,PT13I,7,1,6,6,PT
2171.20052,2012,F,BLU,112,115,54,90,20.96,2012-06-04,PT13I,8,1,8,8,PT
2171.20057,2011,M,BLU,117,119,56,93,19.5,2011-06-20,PT14J,6,1,6,6,PT
2171.20058,2010,M,BLU,115,116,54,95,19.8,2015-06-01,PT13H,6,1,5,5,PT
2171.20058,2011,M,BLU,116,118,55,91,19,2011-06-16,PT13I,7,1,6,6,PT
2171.20058,2012,M,BLU,116,121,56,95,19.24,2012-06-04,PT13I,8,1,8,8,PT
2171.20058,2012,M,BLU,116,121,56,95,19.24,2012-06-04,PT12I,7,1,5,6,PT
2171.20058,2012,M,BLU,118,121,56,96,19.46,2012-06-04,PT13I,8,1,8,8,PT
2171.20058,2012,M,BLU,118,121,56,96,19.46,2012-06-04,PT12I,7,1,5,6,PT
2171.2006,2010,F,BLU,114,116,46,86,20.5,2013-06-01,PT09J,6,1,6,6,PT
2171.2006,2011,F,INT,106,109,55,83,19.9,2011-06-19,PT07G,6,1,5,6,PT
2171.2006,2012,F,BLU,112,115,53,86,20.3,2012-06-18,PT03F,6,1,2,4,PT
2171.20065,2010,F,BLU,112,112,55,86,19.75,2017-06-01,PT07G,5,1,5,5,PT
2171.20068,2010,F,BLU,117,117,46,91,18.75,2015-06-01,PT14J,6,1,6,5,PT
2171.2007,2012,F,BLU,109,111,52,86,21.41,2012-06-04,PT11G,6,1,6,6,PT
2171.20075,2010,F,BLU,116,118,55,93,19.4,2015-06-01,PT13J,6,1,1,3,PT
2171.20075,2012,F,BLU,116,120,55,91,20.4,2012-05-31,PT03J,5,1,4,4,PT
2171.20076,2010,F,BLU,110,112,55,86,19.75,2020-06-01,PT11J,6,1,4,6,PT
2171.20083,2010,F,BLU,111,114,51,92,20.5,2010-06-11,SL59,6,1,5,6,SL
2171.20084,2010,M,BLU,116,119,56,92,20.4,2010-06-12,SL07,7,1,4,4,SL
2171.20084,2011,M,BLU,115,117,52,94,20,2011-06-13,SL07,7,1,6,7,SL
2171.20084,2012,M,BLU,115,118,56,93,19.7,2012-06-04,SL03,6,1,5,5,SL
2171.20086,2011,F,BLU,111,113,53,89,19.1,2011-06-17,SL05,7,1,6,6,SL
2171.20091,2010,M,BLU,123,124,55,98,20.1,2010-06-12,SL58,5,1,5,5,SL
2171.20092,2010,F,BLU,112,115,61,89,21.8,2010-06-12,SL57,5,1,4,5,SL
2171.20093,2012,F,BLU,112,115,55,93,16.8,2012-05-30,SL40,4,1,0,4,SL
2171.20095,2011,M,BLU,116,121,60,95,20.7,2011-06-17,SL43,4,1,0,1,SL
2171.20098,2010,F,BLU,118,120,56,94,22,2010-06-11,SL23,7,1,6,6,SL
2171.20098,2011,F,BLU,116,118,57,94,20.6,2011-06-17,SL23,6,1,2,2,SL
2171.20098,2012,F,BLU,115,116,59,92,19.7,2012-06-04,SL33,6,1,5,6,SL
2181.58453,2010,F,BLU,110.5,112,55,89,20.53,2010-06-08,SL77,6,1,6,6,SL
2181.58453,2011,F,BLU,109,112,55,87,19.5,2011-06-05,SL77,5,1,5,5,SL
2181.58453,2012,F,BLU,110,112,52,89,21,2012-06-08,SL77,6,1,6,6,SL
2181.78083,2010,M,BLU,121,123,58,94,22.25,2018-06-01,PT07J,5,1,5,5,PT
2181.78083,2011,M,BLU,118,122,58,91,22.2,2011-06-21,PT07J,6,1,5,6,PT
2181.78083,2012,M,BLU,118,124,55,95,21.4,2012-06-02,PT07J,6,1,6,6,PT
2181.78203,2011,M,BLU,121,125,58,96,20.9,2011-06-19,PT06J,6,1,5,5,PT
2181.78261,2010,M,BLU,129,130,45,98,22,2015-06-01,PT13J,6,1,1,3,PT
2181.78261,2011,M,BLU,122,124,57,97,22.31,2011-06-14,PT13J,6,1,3,4,PT
2181.78261,2011,M,BLU,121,124,57,94,19.7,2011-06-17,PT13J,6,1,3,4,PT
2181.78261,2012,M,BLU,123,126,58,98,21.77,2012-06-04,PT13J,7,1,6,6,PT
2181.7829,2010,F,BLU,117,119,56,95,19.5,2024-06-01,PT02J,6,1,6,5,PT
2221.31605,2010,F,BLU,111,114,52,91,20,2010-06-08,SL21,5,1,4,4,SL
2221.31605,2011,M,BLU,120,122,53,96,21.6,2011-06-17,SL21,5,1,2,2,SL
2221.31605,2012,M,BLU,119,121,53,96,22.3,2012-05-30,SL80,5,1,0,5,SL
2221.31611,2010,M,BLU,119,121,57,94,21,2010-06-06,SL39,6,1,6,6,SL
2221.31612,2010,F,BLU,114.5,116,52,92,19.5,2010-06-07,SL21,5,1,4,4,SL
2221.31619,2010,M,BLU,122,124,61,98,20,2010-06-11,SL30,5,1,4,4,SL
2221.317,2011,M,BLU,119,122,60,95,19.9,2011-06-12,MC72,6,1,5,6,MC
2221.31734,2011,M,BLU,115,118,55,91,20.4,2011-06-17,MC35,7,1,5,7,MC
2221.31734,2011,M,BLU,116,120,54,92,20.4,2011-06-13,MC35,7,1,5,7,MC
2221.31738,2010,M,BLU,115,117,60,94,20,2010-06-08,SL10,6,1,6,6,SL
2221.31738,2011,M,BLU,117,120,57,93,20.3,2011-06-10,SL12,9,1,7,9,SL
2221.31738,2012,M,BLU,119,121,51,95,20.9,2012-05-31,SL12,7,1,6,6,SL
2221.31743,2010,M,BLU,121,122,52,96,19.54,2010-06-10,MC04,5,1,5,5,MC
2221.31763,2011,M,BLU,120,123,55,97,20.9,2011-06-10,MC69,5,1,4,4,MC
2221.31763,2012,M,BLU,117,120,59,93,20.7,2012-06-02,MC25,5,1,5,5,MC
2221.31802,2010,M,BLU,119,122,59,96,18.9,2010-06-10,MC57,6,2,5,5,MC
2221.31802,2011,M,BLU,119,120,59,94,19.2,2011-06-13,MC57,6,1,1,1,MC
2221.31802,2012,M,BLU,122,122,60,94,20,2012-05-31,MC43,6,1,6,6,MC
2221.31804,2010,F,BLU,114,115,52,90,18.8,2010-06-12,SL03,6,1,5,5,SL
2221.31831,2011,F,BLU,112,114,54,91,21.8,2011-06-05,SL18,6,1,5,5,SL
2221.31831,2012,F,BLU,113,115,53,91,21.5,2012-05-28,SL18,5,1,0,5,SL
2221.31845,2011,M,BLU,116,120,55,95,21.8,2011-06-17,MC74,3,1,2,3,MC
2221.31901,2010,M,BLU,112,114,51,89,21,2010-06-07,MC40,6,1,4,6,MC
2221.3191,2011,M,BLU,117,119,55,94,21.4,2011-06-09,MC50,5,1,5,5,MC
2221.3194,2010,F,BLU,110,113,54,90,20,2010-06-12,MC37,4,1,3,4,MC
2221.31946,2011,F,BLU,113,115,55,92,21.1,2011-06-12,MC18,7,1,4,4,MC
2221.31946,2012,F,BLU,117,119,60,91,18.7,2012-06-08,MC76,6,1,5,5,MC
2221.31952,2010,F,BLU,112.5,133.5,54,91,23.5,2010-06-07,SL26,5,1,5,5,SL
2221.31954,2010,F,BLU,115,116,53,88,20.3,2010-06-10,MC74,5,1,3,5,MC
2221.31954,2010,F,BLU,115,116,53,88,20.3,2010-06-10,MC74,5,1,3,5,MC
2221.31954,2010,F,INT,113,116,56,92,20.2,2010-06-10,MC74,5,1,3,5,MC
2221.31954,2010,F,INT,113,116,56,92,20.2,2010-06-10,MC74,5,1,3,5,MC
2221.31965,2011,F,BLU,114,116,54,88,20.5,2011-06-11,MC14,6,1,4,5,MC
2221.31965,2012,F,INT,114,116,51,87,17.2,2012-06-02,MC63,3,1,3,3,MC
2221.31976,2011,F,BLU,111,114,56,85,19,2011-06-07,MC05,5,1,5,5,MC
2221.72068,2011,M,BLU,118,120,56,92,21.16,2011-06-14,PT18E,6,1,6,6,PT
2311.91242,2012,F,BLU,114,115,46,87,21.1,2012-05-31,SL70,5,1,4,4,SL
2311.93046,2011,M,BLU,119,121,56,95,21,2011-06-07,MC68,4,1,3,3,MC
2311.93046,2012,M,BLU,119,120,51,95,20.6,2012-06-17,MC27,4,1,1,2,MC
2311.93049,2010,M,BLU,115,118,56,97,18.6,2010-06-08,SL80,5,1,4,4,SL
2311.93049,2011,M,BLU,118,119,56,93,18.9,2011-06-09,SL80,5,1,3,5,SL
2311.93056,2011,F,BLU,115,116,58,94,18.2,2011-06-13,MC57,6,1,1,1,MC
2311.93057,2012,M,BLU,120,124,59,99,20.1,2012-06-05,SL79,6,1,5,6,SL
2311.9308,2011,F,BLU,115,117,56,91,19.8,2011-06-12,MC64,5,1,4,4,MC
2311.93108,2010,M,BLU,117,120,58,96,20,2010-06-12,MC53,3,1,3,3,MC
2311.93145,2011,F,BLU,113,116,55,92,20.4,2011-06-14,MC74,3,1,2,3,MC
2311.93145,2012,F,BLU,113,115,55,90,17.7,2012-06-06,MC49,5,1,3,3,MC
2311.93234,2010,F,BLU,112,114.5,56.5,90,19.1,2010-06-10,MC39,6,1,4,4,MC
2311.93234,2011,F,BLU,115,118,57,88,19.5,2011-06-13,MC70,6,1,5,5,MC
2311.93257,2011,M,BLU,116,118,57,89,21.1,2011-06-11,MC16,6,1,5,5,MC
2311.93288,2010,F,BLU,115.5,116,53,90,21.35,2010-06-08,SL80,5,1,4,4,SL
2311.93288,2011,F,BLU,117,119,54,93,21.7,2011-06-13,SL53,6,1,4,4,SL
2311.93288,2012,F,BLU,118,122,56,93,22.4,2012-06-03,SL26,6,1,6,6,SL
2311.93292,2010,F,INT,116,119,57,93,20.4,2012-06-01,PT13G,5,1,4,4,PT
2311.93292,2012,F,BLU,115,120,57,92,19.5,2012-06-02,PT07J,6,1,6,6,PT
2311.933,2011,M,BLU,117,121,55,94,19.9,2011-06-09,SL35,8,1,8,8,SL
2311.93336,2010,M,BLU,114,116,56,93,21.5,2010-06-12,MC70,6,1,3,5,MC
2311.93384,2010,F,BLU,114,115,52,91,23,2010-06-06,SL63,4,1,4,4,SL
2311.93384,2011,F,INT,115,117,55,91,21,2011-06-13,SL63,6,1,3,6,SL
2311.93466,2011,F,BLU,114,116,55,91,21.3,2011-06-04,MC63,4,1,4,4,MC
2311.93467,2010,F,BLU,113,115,53,95,18.5,2010-06-10,MC57,6,2,5,5,MC
2311.93468,2010,F,BLU,111,112,54,90,18.5,2010-06-10,MC04,5,1,5,5,MC
2311.9347,2010,M,BLU,120,122,52,97,20.9,2010-06-10,MC21,5,1,0,4,MC
2311.93471,2012,F,BLU,112,115,58,89,18.9,2012-06-14,MC65,6,1,5,5,MC
2311.93472,2010,F,BLU,112,114,53,89,20,2010-06-07,MC40,6,1,4,6,MC
2311.93473,2011,F,BLU,111,114,57,92,20.7,2011-06-14,MC29,5,1,4,5,MC
2311.93475,2011,M,BLU,114,117,54,92,21.2,2011-06-12,MC18,7,1,4,4,MC
2311.93478,2010,F,BLU,118,121,57,92,20.25,2010-06-12,MC62,5,1,1,1,MC
2311.93479,2010,M,BLU,120,122,56,97,20.5,2010-06-12,MC13,6,1,0,4,MC
2311.93482,2010,F,BLU,108,110,59,85,19.5,2010-06-10,MC16,5,1,3,5,MC
2311.93484,2012,M,BLU,119,121,58,95,20.5,2012-06-04,MC60,6,1,3,4,MC
2311.93485,2010,M,BLU,122,125,59,97,21.4,2010-06-11,SL52,5,1,5,5,SL
2311.93485,2011,M,BLU,121,123,58,96,22.5,2011-06-05,SL52,4,1,3,4,SL
2311.93485,2012,M,BLU,122,125,57,98,22.4,2012-06-08,SL52,5,1,4,4,SL
2311.93486,2010,F,BLU,120,121.5,60,96,19.7,2010-06-06,SL61,6,1,5,5,SL
2311.9349,2011,M,BLU,119,121,59,95,19.3,2011-06-10,SL64,6,1,6,6,SL
2311.9349,2012,M,BLU,118,119,57,93,21.8,2012-06-05,SL46,6,1,4,4,SL
2311.93492,2010,F,BLU,106,108,51,87,19.2,2010-06-10,MC43,6,1,3,6,MC
2311.93492,2011,F,BLU,107,109,51,88,20.4,2011-06-12,MC47,7,1,5,5,MC
2311.93495,2011,F,BLU,113,115,53,93,22.1,2011-06-12,MC06,4,1,3,3,MC
2311.93497,2011,F,BLU,112,114,52,92,20.4,2011-06-17,MC19,6,2,5,5,MC
2311.93498,2011,M,BLU,115,117,54,90,18.9,2011-06-12,MC26,5,1,5,5,MC
2311.93498,2012,M,BLU,115,117,54,89,19.1,2012-06-02,MC33,6,1,4,4,MC
2311.93613,2010,F,BRO,115,117,54,91,20.2,2012-06-01,PT10G,6,1,6,6,PT
2311.93613,2011,F,INT,116,118,54,91,19.88,2011-06-13,PT09H,6,1,6,6,PT
2311.9362,2010,M,BLU,117,118,54,91,20,2012-06-01,PT13G,5,1,4,4,PT
2311.9362,2011,M,BLU,117,119,56,92,19.1,2011-06-17,PT13G,6,1,4,4,PT
2311.9362,2011,M,BLU,117,119,56,92,19.1,2011-06-17,PT12G,6,1,0,6,PT
2311.9362,2011,M,BLU,117,119,55,91,20,2011-06-20,PT13G,6,1,4,4,PT
2311.9362,2011,M,BLU,117,119,55,91,20,2011-06-20,PT12G,6,1,0,6,PT
2311.9362,2012,M,BLU,117,120,55,95,20.74,2012-06-05,PT13G,5,1,5,5,PT
2311.9364,2012,F,BLU,115,118,54,88,22.1,2012-06-09,PT14J,6,1,6,6,PT
2311.93644,2010,F,BLU,112,115,54,90,22,2021-06-01,PT14I,6,1,4,6,PT
2311.93646,2010,M,BLU,122,123,58,95,22.5,2012-06-01,PT04J,6,1,0,0,PT
2311.9366,2010,F,BLU,115,118,53,89,20.5,2015-06-01,PT13H,6,1,5,5,PT
2311.9366,2010,F,BLU,116,117,53,90,21.3,2012-06-01,PT13H,6,1,5,5,PT
2311.9366,2011,F,BLU,112,115,53,86,19.3,2011-06-17,PT14G,7,1,7,7,PT
2311.9366,2011,F,BLU,114,116,55,87,21.22,2011-06-14,PT14G,7,1,7,7,PT
2311.9367,2011,F,INT,114,118,57,89,21.3,2011-06-20,PT14I,7,1,6,7,PT
2311.9367,2012,F,INT,119,122,56,93,22.2,2012-06-07,PT14I,7,1,6,6,PT
2311.93693,2010,F,BLU,115,116,55,91,20.6,2018-06-01,PT07J,5,1,5,5,PT
2311.93693,2011,F,BLU,113,115,56,90,21.43,2011-06-14,PT08K,6,1,5,6,PT
2311.93708,2010,M,BLU,115,117,55,96,20,2021-06-01,PT18G,6,1,2,2,PT
2311.9371,2011,F,BLU,112,115,54,89,20.2,2011-06-19,PT04J,9,1,6,6,PT
2311.9371,2012,F,BLU,117,120,57,93,20.6,2012-06-08,PT04F,7,1,6,6,PT
2311.93711,2010,F,BLU,100,102,55,92,19,2017-06-01,PT03F,6,1,6,6,PT
2311.93741,2011,M,BLU,122,124,57,96,22.12,2011-06-14,PT08K,6,1,5,6,PT
2311.9375,2010,F,BLU,115,119,58,91,19.75,2020-06-01,PT12I,6,1,4,6,PT
2311.9375,2011,F,BLU,115,117,57,93,19.2,2011-06-16,PT15I,7,1,7,7,PT
2311.93751,2011,F,BLU,111,116,56,78,19.3,2011-06-19,PT13G,6,1,4,4,PT
2311.93761,2010,M,BLU,116,118,56,89,20.5,2017-06-01,PT01I,5,1,5,4,PT
2311.93804,2011,M,BLU,122,125,57,96,22.4,2011-06-13,PT19F,6,1,1,5,PT
2311.93804,2012,M,BLU,120,124,56,96,21.71,2012-06-04,PT12H,6,1,6,6,PT
2311.93805,2011,F,BLU,113,116,56,88,22.85,2011-06-14,PT09J,7,1,7,7,PT
2311.93818,2010,M,BLU,120,123,57,98,19,2019-06-01,PT17G,5,1,4,5,PT
2311.93818,2011,M,BLU,121,123,60,96,21.19,2011-06-13,PT17G,7,1,0,7,PT
2311.93844,2011,F,BLU,114,116,55,89,22.3,2011-06-21,PT10J,6,1,5,5,PT
2311.93844,2012,F,BLU,119,123,55,93,20.8,2012-06-07,PT09J,7,1,6,6,PT
2311.93852,2012,F,BLU,114,117,55,89,20.8,2012-06-02,PT19F,7,1,7,7,PT
2311.93868,2010,M,BLU,116,118,54,93,21,2020-06-01,PT15I,5,1,5,5,PT
2311.93868,2011,M,BLU,115,120,52,90,19.4,2011-06-16,PT15I,7,1,7,7,PT
2311.93868,2012,M,BLU,116,120,55,95,20.26,2012-06-04,PT15I,6,1,4,6,PT
2311.9387,2010,F,BLU,115,118,61,93,21.7,2010-06-12,SL55,7,1,6,6,SL
2311.9387,2011,F,BLU,116,118,54,94,20.8,2011-06-13,SL55,6,1,4,6,SL
2311.9387,2012,F,BLU,114,115,56,89,20.8,2012-06-07,SL55,7,1,6,6,SL
2311.93871,2011,F,INT,110,113,51,90,20.1,2011-06-17,SL21,5,1,2,2,SL
2311.93871,2012,F,BLU,114,115,57,91,19.8,2012-06-02,SL19,6,1,5,6,SL
2311.93872,2010,F,BLU,117,119,54,93,19.73,2010-06-08,SL13,6,1,6,6,SL
2311.93872,2011,F,BLU,115,118,55,93,21.8,2011-06-03,SL13,6,1,5,6,SL
2311.93872,2012,F,BLU,117,118,54,91,20.8,2012-06-05,SL51,6,1,3,3,SL
2311.93908,2011,M,BLU,119,121,57,93,21.6,2011-06-13,SL63,6,1,3,6,SL
2311.93908,2012,M,BLU,122,124,57,95,22.1,2012-06-12,SL63,6,1,6,6,SL
2311.93943,2011,F,BLU,115,117,55,96,20.2,2011-06-15,SL31,6,1,3,6,SL
2311.93943,2012,F,BLU,117,117,51,93,20.8,2012-05-31,SL67,6,1,3,4,SL
2311.93955,2011,M,BLU,114,117,56,89,18,2011-06-07,MC44,5,1,4,4,MC
2311.93958,2010,F,BLU,113,115,54,89,19.7,2010-06-12,SL05,5,1,5,5,SL
2311.93972,2010,F,BLU,115,118,54,92,19.7,2010-06-11,SL51,5,1,3,5,SL
2311.93972,2011,F,BLU,115,118,55,94,18.9,2011-06-15,SL34,6,1,5,6,SL
2311.93972,2012,F,BLU,114,115,56,90,20.5,2012-06-05,SL53,5,1,4,4,SL
2321.0519,2010,F,BLU,112,114,53,91,21.8,2010-06-07,MC30,3,1,3,3,MC
2321.0519,2012,F,BLU,110,112,55,90,21.3,2012-06-06,MC48,3,1,0,1,MC
2321.08252,2010,F,BLU,111,113,52,87,21.6,2012-06-01,PT04J,6,1,0,0,PT
2321.2374,2012,F,BLU,116,118,47,92,21.8,2012-05-31,SL05,6,1,5,5,SL
2351.30152,2012,M,BLU,119,121,57,96,20.6,2012-06-07,SL51,6,1,3,3,SL
2351.33716,2012,F,BLU,112,118,53,90,20.3,2012-05-31,PT17D,6,1,6,6,PT
2351.3545,2010,M,BLU,114,115,51,89,20,2010-06-11,SL11,6,1,3,6,SL
2351.37002,2012,M,BLU,115,117,54,90,21.16,2012-06-04,PT15G,7,1,6,6,PT
2351.37003,2010,M,BLU,120,121,55,91,20,2015-06-01,PT15H,5,1,5,5,PT
2351.37003,2011,M,BLU,118,120,56,92,20.99,2011-06-13,PT15H,5,1,4,4,PT
2351.37003,2011,M,BLU,118,120,56,92,20.99,2011-06-13,PT15H,5,1,4,4,PT
2351.37003,2011,F,BLU,116,118,56,91,23.46,2011-06-13,PT15H,5,1,4,4,PT
2351.37003,2011,F,BLU,116,118,56,91,23.46,2011-06-13,PT15H,5,1,4,4,PT
2351.37003,2012,M,BLU,118,121,56,94,20.57,2012-06-05,PT15H,6,1,5,5,PT
2351.37004,2011,F,BLU,110,112,55,86,18.7,2011-06-19,PT06J,6,1,5,5,PT
2351.37007,2010,M,BLU,119,120,56,92,21,2017-06-01,PT09G,6,1,6,6,PT
2351.37007,2012,M,BLU,117,120,58,95,21.55,2012-06-06,PT09G,5,1,4,4,PT
2351.37008,2010,F,BLU,116,118,58,91,21,2017-06-01,PT09G,6,1,6,6,PT
2351.37008,2012,F,BLU,117,119,56,94,23.07,2012-06-04,PT09G,5,1,4,4,PT
2351.37011,2010,F,BLU,114,116,53,89,18.75,2017-06-01,PT07K,6,1,4,5,PT
2351.37012,2010,F,BLU,114,116,58,91,21.5,2017-06-01,PT18F,5,1,4,5,PT
2351.37012,2011,F,BLU,113,116,54,91,20.5,2011-06-17,PT15F,6,1,6,6,PT
2351.37012,2012,F,BLU,112,115,54,92,22.25,2012-06-06,PT16I,6,1,5,6,PT
2351.37013,2010,F,BLU,115,116,56,91,22.25,2021-06-01,PT18G,6,1,2,2,PT
2351.37014,2010,F,BLU,111,113,55,89,20,2015-06-01,PT12J,6,1,2,6,PT
2351.37015,2010,F,BLU,118,120,58,95,19.5,2017-06-01,PT09K,5,1,5,5,PT
2351.37015,2011,F,BLU,117,119,55,92,19.4,2011-06-17,PT09K,5,1,4,5,PT
2351.37018,2010,M,BLU,117,119,56,92,21.25,2020-06-01,PT14I,6,1,4,6,PT
2351.37019,2010,M,BLU,119,120,56,93,21,2017-06-01,PT11H,6,1,6,6,PT
2351.37019,2011,M,BLU,115,118,60,93,21.3,2011-06-19,PT11H,6,1,5,6,PT
2351.37022,2010,F,BLU,114,115,55,86,20.8,2017-06-01,PT17D,7,1,4,5,PT
2351.37022,2011,F,INT,115,118,55,89,21.1,2011-06-22,PT17D,7,1,5,5,PT
2351.37025,2010,M,BLU,119,120,54,93,20.2,2017-06-01,PT17D,7,1,4,5,PT
2351.37025,2011,M,BLU,116,118,56,92,20,2011-06-21,PT17D,7,1,5,5,PT
2351.37082,2010,F,BLU,112,113,52,88,20.9,2010-06-07,MC55,4,1,3,3,MC
2351.37082,2011,F,BLU,109,111,54,90,20.9,2011-06-05,SL52,4,1,3,4,SL
2351.37082,2012,F,BLU,111,113,52,87,20.8,2012-05-30,SL80,5,1,0,5,SL
2351.37083,2010,F,BLU,112,114,55,90,21,2010-06-07,MC75,5,1,4,5,MC
2351.37083,2012,F,BLU,114,118,51,88,20.4,2012-06-02,MC64,6,1,2,6,MC
2351.37084,2010,F,BLU,115,116,54,92,21,2010-06-07,MC34,4,1,1,4,MC
2351.37085,2011,M,BLU,114,116,54,88,20.9,2011-06-12,MC32,7,1,5,5,MC
2351.37086,2010,F,BLU,113,115,55,90,21.4,2010-06-10,MC19,5,1,3,4,MC
2351.37086,2011,F,BLU,111,114,53,89,22,2011-06-12,MC32,7,1,5,5,MC
2351.37086,2012,F,BLU,114,117,54,91,22.7,2012-05-31,MC32,6,1,0,0,MC
2351.37087,2010,M,BLU,110,115,52,88,20.5,2010-06-10,MC19,5,1,3,4,MC
2351.37088,2010,F,BLU,109,110,51,87,18.6,2010-06-10,MC08,5,1,3,3,MC
2351.37088,2011,F,BLU,109,111,55,89,19.4,2011-06-12,MC03,6,1,4,4,MC
2351.37088,2011,F,BLU,109,111,55,86,20.2,2011-06-11,MC03,6,1,4,4,MC
2351.37089,2010,M,BLU,120,122,56,98,20.9,2010-06-10,MC08,5,1,3,3,MC
2351.37089,2012,M,BLU,120,121,57,98,21.2,2012-06-14,MC09,4,1,2,4,MC
2351.3709,2010,F,BLU,113.5,116,55,95,20.1,2010-06-10,MC31,4,1,3,3,MC
2351.3709,2011,F,BLU,114,117,55,91,23.78,2011-06-02,MC31,5,1,0,5,MC
2351.37091,2010,M,BLU,123,126,57,91,20.4,2010-06-10,MC30,3,1,3,3,MC
2351.37091,2012,M,BLU,117,119,59,93,22.5,2012-05-31,MC31,6,1,5,5,MC
2351.37092,2010,F,BLU,113,115.5,56,90,20.5,2010-06-12,MC45,5,1,3,4,MC
2351.37093,2010,M,BLU,114,115,54,91,20.5,2010-06-12,MC45,5,1,3,4,MC
2351.37094,2010,F,BLU,115,117,55,92,20.8,2010-06-12,MC13,6,1,0,4,MC
2351.37095,2010,F,BLU,115,117,55,96,21,2010-06-12,MC12,5,1,4,4,MC
2351.37097,2010,F,BLU,110,111,51,88,19,2010-06-12,MC68,4,1,2,2,MC
2351.37097,2011,F,BLU,109,111,50,88,18.62,2011-06-05,MC68,4,1,3,3,MC
2351.37097,2012,F,BLU,110,114,52,87,19.9,2012-06-02,MC15,6,1,3,3,MC
2351.37098,2011,F,BLU,112,114,54,92,21.6,2011-06-09,MC50,5,1,5,5,MC
2351.37098,2012,F,BLU,112,115,59,90,19.9,2012-06-14,MC05,5,1,2,2,MC
2351.37099,2011,F,BLU,116,118,56,96,20.8,2011-06-11,MC35,7,1,5,7,MC
2351.37099,2011,F,BLU,116,118,56,96,20.8,2011-06-11,MC34,5,1,4,5,MC
2351.37099,2011,F,BLU,116,120,55,89,20.2,2011-06-13,MC35,7,1,5,7,MC
2351.37099,2011,F,BLU,116,120,55,89,20.2,2011-06-13,MC34,5,1,4,5,MC
2351.37099,2011,F,INT,114,116,56,95,20.3,2011-06-17,MC35,7,1,5,7,MC
2351.37099,2011,F,INT,114,116,56,95,20.3,2011-06-17,MC34,5,1,4,5,MC
2351.37099,2011,F,BLU,117,119,54,95,21.6,2011-06-09,MC35,7,1,5,7,MC
2351.37099,2011,F,BLU,117,119,54,95,21.6,2011-06-09,MC34,5,1,4,5,MC
2351.37099,2012,F,BLU,117,119,57,93,19.9,2012-06-02,MC24,6,1,5,6,MC
2351.371,2011,M,BLU,124,126,55,97,21.2,2011-06-12,MC52,7,1,5,5,MC
2351.37106,2010,M,BLU,123,124,50,96,20.5,2015-06-01,PT10I,5,1,5,5,PT
2351.37106,2011,M,BLU,122,124,61,95,20.71,2011-06-14,PT10I,6,1,5,5,PT
2351.37106,2011,M,BLU,122,124,61,95,20.71,2011-06-14,PT11I,6,1,5,5,PT
2351.37106,2011,M,BLU,118,121,60,92,18.9,2011-06-16,PT10I,6,1,5,5,PT
2351.37106,2011,M,BLU,118,121,60,92,18.9,2011-06-16,PT11I,6,1,5,5,PT
2351.37108,2010,F,BRO,114,115,53,88,19.8,2018-06-01,PT15F,5,1,5,5,PT
2351.37123,2011,M,BLU,117,120,56,92,20.2,2011-06-19,PT01I,7,1,5,5,PT
2351.37123,2012,M,BLU,115,119,57,95,21.15,2012-06-04,PT01I,6,1,6,6,PT
2351.37128,2012,M,BLU,120,124,58,97,21.2,2012-05-31,PT02J,6,1,6,6,PT
2351.37179,2012,F,BLU,110,112,52,88,18.2,2012-06-08,PT14G,6,1,5,5,PT
2351.37187,2012,F,BLU,111,114,54,98,21.46,2012-06-06,PT10J,6,1,6,6,PT
2351.37214,2012,M,BLU,117,121,58,94,20.6,2012-05-31,PT17D,6,1,6,6,PT
2351.37231,2010,M,BLU,116,118,56,93,19.5,2017-06-01,PT15F,5,1,5,5,PT
2351.37231,2011,M,BLU,118,121,60,94,19.8,2011-06-17,PT15F,6,1,6,6,PT
2351.37231,2012,M,BLU,121,123,58,92,19.4,2012-06-08,PT14G,6,1,5,5,PT
2351.37244,2012,F,BLU,115,117,55,89,20.6,2012-06-10,PT04G,6,1,5,5,PT
2351.37245,2011,F,BLU,115,117,53,91,21.01,2011-06-13,PT10I,6,1,5,5,PT
2351.37245,2011,F,BLU,115,117,53,91,21.01,2011-06-13,PT10H,6,1,5,5,PT
2351.37245,2012,F,BLU,114,116,54,93,20.6,2012-06-02,PT10I,6,1,6,6,PT
2351.37262,2012,M,BLU,124,126,58,93,20.9,2012-06-12,PT10J,6,1,6,6,PT
2351.37278,2012,F,BLU,117,120,56,93,21.99,2012-06-04,PT11K,7,1,5,5,PT
2351.37285,2011,M,BLU,119,121,57,94,20.78,2011-06-14,PT04G,6,1,5,5,PT
2351.37285,2012,M,BLU,122,124,57,95,20.7,2012-06-10,PT04G,6,1,5,5,PT
2351.37302,2011,F,BLU,114,115,54,90,22.2,2011-06-11,MC16,6,1,5,5,MC
2351.37306,2010,F,BLU,115,116,56,91,21.5,2010-06-12,MC70,6,1,3,5,MC
2351.37309,2011,M,BLU,117,119,53,98,21.3,2011-06-11,SL74,5,1,4,4,SL
2351.37309,2012,M,BLU,116,118,57,89,21.2,2012-06-04,SL74,6,1,6,6,SL
2351.37324,2011,F,INT,111,114,55,88,19.9,2011-06-13,MC54,5,1,5,5,MC
2351.37402,2011,M,BLU,117,118,57,94,21.1,2011-06-11,SL39,7,1,5,5,SL
2351.37406,2010,M,BLU,115,118,62,94,19.3,2010-06-12,SL02,4,1,4,4,SL
2351.37406,2011,M,BLU,116,119,56,96,19.8,2011-06-11,SL02,5,1,5,5,SL
2351.37406,2012,M,BLU,119,120,60,93,18.8,2012-06-07,SL02,7,1,7,7,SL
2351.37419,2010,F,INT,107,110,52,88,18.3,2010-06-11,SL18,6,1,4,4,SL
2351.37419,2011,F,INT,110,112,55,91,20.9,2011-06-11,SL73,6,1,6,6,SL
2351.37427,2010,F,BLU,113,116,52,90,19.4,2010-06-11,SL53,6,1,6,6,SL
2351.37427,2011,F,BLU,116,118,55,89,17.6,2011-06-15,SL49,6,1,5,6,SL
2351.37427,2012,F,BLU,115,117,56,93,19.6,2012-06-05,SL38,6,1,5,5,SL
2351.37428,2010,M,BLU,115,116,52,89,20.5,2010-06-06,SL54,5,1,5,5,SL
2351.37429,2010,M,BLU,120,122,55,94,21.5,2010-06-06,SL61,6,1,5,5,SL
2351.3743,2011,F,BLU,115,117,56,93,21.4,2011-06-05,SL68,3,1,2,2,SL
2351.37431,2010,M,BLU,116,118,55,92,19.5,2010-06-06,SL72,8,2,7,8,SL
2351.37432,2010,M,BLU,117,118,55,90,21,2010-06-06,SL63,4,1,4,4,SL
2351.37432,2011,F,BLU,109,111,50,87,20.2,2011-06-13,SL62,6,1,5,5,SL
2351.37433,2012,M,BLU,116,119,47,91,20.6,2012-05-31,SL09,5,1,4,4,SL
2351.37434,2010,F,BRO,109,110.5,52,88,18,2010-06-08,SL09,5,1,5,5,SL
2351.37434,2012,M,BLU,109,111,53,86,21.7,2012-06-03,SL61,7,1,0,7,SL
2351.37435,2011,M,BLU,120,122,55,96,21,2011-06-09,SL08,6,1,6,6,SL
2351.37435,2012,M,BLU,123,125,56,95,21,2012-05-30,SL57,5,1,0,5,SL
2351.37435,2012,M,BLU,123,125,56,95,21,2012-05-30,SL57,3,2,3,3,SL
2351.37436,2010,M,BLU,116,118,53,91,20.3,2010-06-08,SL09,5,1,5,5,SL
2351.37436,2011,M,BLU,115,117,54,95,21,2011-06-10,SL09,6,1,6,6,SL
2351.37436,2012,M,BLU,119,121,59,92,20.9,2012-06-07,SL06,5,1,5,5,SL
2351.37437,2011,F,BLU,108,111,53,89,19.9,2011-06-03,SL57,4,1,1,3,SL
2351.37437,2012,F,BLU,111,115,51,89,20.1,2012-05-29,MC29,5,1,3,3,MC
2351.37438,2010,F,BRO,110.5,113,50,91,21,2010-06-08,SL65,5,1,5,5,SL
2351.37439,2010,F,INT,116,118,55,92,18.9,2010-06-11,SL71,7,1,7,7,SL
2351.37439,2011,F,BLU,112,116,56,86,19.5,2011-06-10,SL12,9,1,7,9,SL
2351.37439,2012,F,BLU,118,120,49,92,20,2012-05-31,SL12,7,1,6,6,SL
2351.3744,2011,F,BLU,113,115,58,91,20.5,2011-06-09,SL80,5,1,3,5,SL
2351.3744,2012,F,BLU,111,113,56,89,19.7,2012-06-02,MC58,5,1,5,5,MC
2351.37441,2010,F,BLU,114,116,59,92,21,2010-06-11,SL17,6,1,6,6,SL
2351.37441,2011,F,BLU,113,115,53,91,22.4,2011-06-11,SL14,6,1,5,5,SL
2351.37441,2012,F,BLU,115,116,59,89,20.7,2012-06-04,SL07,6,1,6,6,SL
2351.37442,2010,M,BLU,116,119,57,96,20.2,2010-06-11,SL20,6,1,4,4,SL
2351.37442,2011,M,BLU,119,121,57,98,21.2,2011-06-05,SL18,6,1,5,5,SL
2351.37442,2012,M,BLU,119,122,58,98,20.8,2012-05-28,SL18,5,1,0,5,SL
2351.37443,2010,M,BLU,122,125,69,99,21,2010-06-11,SL71,7,1,7,7,SL
2351.37444,2010,M,BLU,113,115,55,93,18.9,2010-06-11,SL23,7,1,6,6,SL
2351.37445,2010,F,INT,114,115.5,54,90,20,2010-06-11,SL33,6,1,6,6,SL
2351.37447,2010,M,BLU,114,116,52,89,19,2010-06-11,SL53,6,1,6,6,SL
2351.37448,2010,M,BLU,114,118,54,89,20.5,2010-06-11,SL60,6,1,3,3,SL
2351.37448,2011,M,BLU,118,119,55,98,20.9,2011-06-15,SL59,8,1,0,7,SL
2351.37449,2010,F,BLU,110,114,54,91,22.5,2010-06-11,SL30,5,1,4,4,SL
2351.37449,2011,F,BLU,110,112,53,88,23.4,2011-06-11,SL02,5,1,5,5,SL
2351.37449,2012,F,BLU,113,115,53,91,24,2012-06-03,SL45,5,1,5,5,SL
2351.3745,2011,M,BLU,112,115,53,89,20.1,2011-06-10,SL11,5,1,4,5,SL
2351.3745,2012,M,BLU,116,117,55,88,20.3,2012-06-07,SL11,6,1,6,6,SL
2351.37451,2010,M,BLU,122,125,62,99,21.5,2010-06-12,SL57,5,1,4,5,SL
2351.37451,2011,M,BLU,121,123,56,96,20.4,2011-06-17,SL57,4,1,1,3,SL
2351.37452,2010,F,BLU,111,113,55,89,21,2010-06-12,SL58,5,1,5,5,SL
2351.37453,2010,F,BLU,112,114,58,89,19.2,2010-06-12,SL07,7,1,4,4,SL
2351.37454,2010,M,BLU,119,120,57,95,21.4,2010-06-12,SL68,6,1,5,6,SL
2351.37454,2011,M,BLU,120,122,58,98,21.7,2011-06-17,SL68,3,1,2,2,SL
2351.37454,2012,M,BLU,122,123,59,97,22,2012-05-28,SL68,6,1,6,6,SL
2351.37455,2010,M,BLU,115,116,55,96,21.3,2010-06-12,SL03,6,1,5,5,SL
2351.37456,2010,M,BLU,115,117,55,94,21.3,2010-06-12,SL05,5,1,5,5,SL
2351.37456,2011,M,BLU,115,117,53,89,21.5,2011-06-17,SL05,7,1,6,6,SL
2351.37456,2012,M,BLU,116,116,54,91,21.8,2012-05-31,SL05,6,1,5,5,SL
2351.37457,2010,M,BLU,117,120,56,92,20.6,2010-06-12,SL55,7,1,6,6,SL
2351.37457,2011,M,BLU,116,121,57,96,20.5,2011-06-15,SL50,6,1,2,4,SL
2351.37457,2012,M,BLU,118,120,56,92,20.7,2012-06-07,SL62,6,1,6,6,SL
2351.37458,2010,M,BLU,125,127,64,100,20.4,2010-06-12,SL04,6,1,4,4,SL
2351.37459,2011,M,BLU,118,120,58,94,20.7,2011-06-19,SL58,5,1,2,3,SL
2351.37459,2012,M,BLU,119,121,60,93,21.6,2012-06-04,SL56,5,1,4,4,SL
2351.37466,2011,F,INT,114,116,55,91,18.9,2011-06-17,SL38,6,1,3,4,SL
2351.37466,2012,F,BLU,115,116,57,93,20.2,2012-06-08,SL78,6,1,6,6,SL
2351.37468,2011,M,BLU,116,119,53,91,24.3,2011-06-13,SL01,6,1,4,6,SL
2351.37468,2012,M,BLU,122,123,56,97,23.9,2012-05-30,SL01,6,1,0,5,SL
2351.37469,2011,F,BLU,109,112,52,83,20.3,2011-06-13,SL70,6,1,6,6,SL
2351.37472,2011,F,BLU,113,116,56,89,20.1,2011-06-11,MC11,6,1,6,6,MC
2351.37472,2011,F,INT,112,114,54,91,19,2011-06-09,MC11,6,1,6,6,MC
2351.37472,2012,F,BLU,116,119,55,92,19.1,2012-06-02,MC11,5,1,5,5,MC
2351.37474,2011,F,BLU,111,116,55,92,22.8,2011-06-03,SL27,6,1,6,6,SL
2351.37474,2012,F,BLU,113,118,56,90,22.2,2012-06-03,SL27,6,1,5,5,SL
2351.37475,2011,M,BLU,119,125,56,97,21.7,2011-06-03,SL27,6,1,6,6,SL
2351.37476,2011,M,BLU,114,116,54,92,21,2011-06-05,SL77,5,1,5,5,SL
2351.37477,2011,F,BLU,111,114,55,88,22.2,2011-06-05,SL30,5,1,4,4,SL
2351.37477,2011,F,BLU,111,114,55,88,22.2,2011-06-05,SL30,5,1,4,4,SL
2351.37478,2011,F,BLU,116,120,56,92,19.6,2011-06-06,SL25,5,1,3,3,SL
2351.37478,2012,F,BLU,116,119,57,92,20,2012-05-30,SL57,3,2,3,3,SL
2351.37478,2012,F,BLU,116,119,57,92,20,2012-05-30,SL57,5,1,0,5,SL
2351.37479,2011,M,BLU,125,127,59,96,22,2011-06-06,SL25,5,1,3,3,SL
2351.3748,2011,F,BLU,115,117,56,91,20.5,2011-06-08,SL41,6,1,6,6,SL
2351.3748,2012,F,BLU,114,115,56,88,19,2012-06-07,SL50,6,1,5,5,SL
2351.37481,2011,M,BLU,116,120,54,91,21.3,2011-06-08,SL41,6,1,6,6,SL
2351.37482,2011,F,BLU,116,119,55,94,20.4,2011-06-09,SL08,6,1,6,6,SL
2351.37482,2012,F,BLU,118,119,57,93,18.1,2012-06-02,SL15,6,1,4,6,SL
2351.37483,2011,F,BLU,111,113,55,92,20.6,2011-06-09,SL35,8,1,8,8,SL
2351.37483,2012,F,BLU,114,115,54,90,20.2,2012-06-03,SL79,6,1,5,6,SL
2351.37484,2011,F,BLU,112,115,55,86,18.9,2011-06-10,SL44,4,1,4,4,SL
2351.37485,2011,F,BLU,107,110,56,88,20.5,2011-06-10,SL61,6,1,6,6,SL
2351.37485,2012,F,BLU,112,115,55,90,21.8,2012-05-31,SL23,6,1,6,6,SL
2351.37486,2011,M,BLU,118,121,58,93,20.2,2011-06-10,SL44,4,1,4,4,SL
2351.37486,2012,M,BLU,121,122,58,95,21,2012-06-03,SL45,5,1,5,5,SL
2351.37487,2011,F,BLU,110,112,53,85,20,2011-06-10,SL11,5,1,4,5,SL
2351.37487,2012,F,BLU,110,111,55,87,21.3,2012-05-31,SL69,6,1,6,6,SL
2351.37488,2011,F,BLU,116,120,60,91,21.1,2011-06-10,SL69,6,1,4,5,SL
2351.37488,2012,F,BLU,115,117,60,88,19.9,2012-06-07,SL10,5,1,4,4,SL
2351.37489,2011,F,BLU,111,112,55,58,21.8,2011-06-10,SL09,6,1,6,6,SL
2351.37489,2012,M,BLU,110,111,54,86,19.4,2012-06-07,SL11,6,1,6,6,SL
2351.3749,2011,M,BLU,113,117,55,92,20.8,2011-06-11,SL14,6,1,5,5,SL
2351.37491,2011,F,BLU,110,113,52,89,19.3,2011-06-11,SL58,5,1,2,3,SL
2351.37491,2012,F,BLU,113,114,54,86,18.7,2012-06-05,SL47,6,1,5,5,SL
2351.37492,2011,M,BLU,113,114,52,87,19.7,2011-06-11,SL73,6,1,6,6,SL
2351.37492,2012,M,BLU,115,116,52,88,20.1,2012-05-30,SL73,6,1,6,6,SL
2351.37493,2011,M,BLU,118,121,55,95,20.7,2011-06-11,SL24,5,1,2,3,SL
2351.37493,2012,M,BLU,119,121,57,94,19.8,2012-06-05,SL23,6,1,6,6,SL
2351.37494,2011,F,BLU,115,118,55,92,20.1,2011-06-13,SL54,5,1,2,4,SL
2351.37494,2012,F,BLU,115,117,57,94,21.3,2012-06-04,SL06,5,1,5,5,SL
2351.37495,2011,M,BLU,111,113,54,90,20.3,2011-06-13,SL69,6,1,4,5,SL
2351.37495,2012,M,BLU,112,117,45,89,19.5,2012-05-31,SL69,6,1,6,6,SL
2351.37496,2011,M,BLU,110,112,53,90,22.3,2011-06-13,SL54,5,1,2,4,SL
2351.37496,2012,M,BLU,112,114,52,92,22,2012-06-05,SL34,6,1,6,6,SL
2351.37497,2011,M,BLU,118,121,51,93,20,2011-06-13,SL45,6,1,3,4,SL
2351.37498,2011,F,BLU,112,115,53,89,19.1,2011-06-13,SL60,5,1,0,4,SL
2351.37499,2011,F,BLU,111,114,52,90,21.1,2011-06-13,SL72,6,1,6,6,SL
2351.375,2011,F,INT,112,115,54,92,18.8,2011-06-13,SL16,5,1,4,5,SL
2351.375,2012,F,BLU,114,116,52,89,19.1,2012-06-02,SL17,5,1,0,4,SL
2351.37502,2010,F,BLU,114,115,54,91,18.4,2010-06-12,SL68,6,1,5,6,SL
2351.37503,2011,F,BLU,113,115,52,86,21.4,2011-06-10,SL64,6,1,6,6,SL
2351.37503,2012,F,BLU,113,115,52,90,23.2,2012-06-05,SL46,6,1,4,4,SL
2351.37508,2011,F,BLU,113,116,54,92,22.2,2011-06-08,SL17,6,1,6,6,SL
2351.37508,2012,F,BLU,114,116,54,89,21.4,2012-05-31,SL65,6,1,6,6,SL
2351.37538,2011,F,BLU,110,112,52,90,19.1,2011-06-10,SL22,6,1,6,6,SL
2351.37538,2012,F,BLU,108,110,55,86,18.6,2012-06-08,SL52,5,1,4,4,SL
2351.37563,2012,M,BLU,121,123,54,96,19.9,2012-05-29,MC56,5,1,5,5,MC
2351.37565,2010,M,BLU,116,119,56,90,21,2010-06-12,SL65,5,1,5,5,SL
2351.37565,2011,M,BLU,112,115,57,93,21.1,2011-06-15,SL31,6,1,3,6,SL
2351.37574,2012,F,BLU,110,112,54,89,20.2,2012-06-04,SL58,6,1,0,6,SL
2351.37581,2012,F,BLU,110,117,56,89,20,2012-06-03,SL62,6,1,6,6,SL
2351.37594,2011,F,INT,108,110,53,87,21.2,2011-06-10,MC28,6,1,5,5,MC
2351.37594,2011,F,INT,108,110,53,88,20.9,2011-06-10,MC28,6,1,5,5,MC
2351.37597,2011,F,BLU,114,115.5,51.5,89,21.6,2011-06-11,SL74,5,1,4,4,SL
2351.37597,2012,F,BLU,112,114,56,89,20.9,2012-06-04,SL74,6,1,6,6,SL
2351.37603,2011,M,BLU,118,121,57,91,21.1,2011-06-13,MC25,5,1,5,5,MC
2351.37606,2011,M,BLU,121,123,50,96,19.9,2011-06-17,MC19,6,2,5,5,MC
2351.37606,2011,M,BLU,121,123,50,96,19.9,2011-06-17,MC34,5,1,4,5,MC
2351.37606,2012,M,BLU,118,119,56,92,20.8,2012-06-06,MC47,5,1,0,4,MC
2351.3763,2012,M,BLU,115,119,58,94,22,2012-06-06,MC38,4,1,3,3,MC
2351.3766,2011,M,BLU,118,122,58,92,20.2,2011-06-05,MC45,6,1,4,4,MC
2351.37691,2010,M,BLU,116,118.5,54,95,19.8,2010-06-12,MC36,5,1,3,5,MC
2351.37691,2011,M,BLU,120,124,56,96,20,2011-06-10,MC36,4,1,4,4,MC
2351.37691,2012,M,BLU,119,121,59,97,20.3,2012-06-04,MC24,6,1,5,6,MC
2351.37696,2011,M,BLU,115,119,57,94,20.5,2011-06-12,MC15,6,1,6,6,MC
2351.37714,2011,F,BLU,113,114,55,90,19.3,2011-06-13,SL15,7,1,1,6,SL
2351.37714,2012,F,BLU,111,112,54,88,21.9,2012-06-08,SL16,6,1,5,5,SL
2351.37766,2012,F,BLU,115,118,57,93,20.2,2012-06-21,MC68,5,1,3,3,MC
2351.3777,2011,F,BLU,109.5,110,51,84,20.5,2011-06-11,SL24,5,1,2,3,SL
2351.37814,2011,M,BLU,113,116,56,94,20.1,2011-06-17,MC56,5,1,3,4,MC
2351.37814,2011,M,BLU,115,118,54,91,20.97,2011-06-11,MC56,5,1,3,4,MC
2351.37828,2011,M,BLU,113,116,55,89,21,2011-06-14,MC37,4,1,3,3,MC
2351.37828,2012,M,BLU,113,118,55,90,21.8,2012-06-14,MC73,4,1,3,3,MC
2351.37846,2010,F,BRW,110,111.5,49,89,20.3,2010-06-12,MC11,5,1,3,5,MC
2351.37864,2011,M,BLU,121,123,54,96,19.85,2011-06-02,MC40,5,1,4,4,MC
2351.3787,2010,F,INT,109.5,112,51,88,20.8,2010-06-12,MC53,3,1,3,3,MC
2351.3787,2011,F,BLU,110,112,55,90,21.5,2011-06-12,MC79,5,1,5,5,MC
2351.3787,2011,F,BLU,113,116,52,89,21.6,2011-06-12,MC79,5,1,5,5,MC
2351.37884,2012,M,BLU,119,122,59,93,20.9,2012-06-02,MC77,6,1,5,5,MC
2351.37902,2011,M,BLU,112,113,56,90,19.1,2011-06-18,MC75,4,1,2,2,MC
2351.37903,2011,M,BLU,113,115,52,93,20.3,2011-06-13,SL10,6,1,0,5,SL
2351.37903,2012,M,BLU,114,117,57,91,20.3,2012-06-05,SL71,6,1,6,6,SL
2351.3793,2012,M,BLU,117,119,56,95,20.7,2012-06-04,SL33,6,1,5,6,SL
2351.37931,2012,M,BLU,116,119,56,92,20.5,2012-06-08,SL16,6,1,5,5,SL
2351.37937,2011,F,INT,108,110,52,84,19,2011-06-12,MC78,5,1,4,3,MC
2351.37937,2012,F,BLU,108,110,52,84,17.1,2012-06-06,MC38,4,1,3,3,MC
2351.37942,2011,F,BLU,115,119,57,91,18.7,2011-06-05,MC44,5,1,4,4,MC
2351.37955,2011,M,BLU,119,120,53,92,21.3,2011-06-09,SL71,6,1,4,4,SL
2351.37955,2012,M,BLU,120,123,49,93,20.9,2012-05-31,SL70,5,1,4,4,SL
2351.39701,2010,M,BLU,118,119,58,92,22.1,2010-06-01,PT15G,5,1,5,5,PT
2351.39701,2011,M,BLU,117,120,58,91,19.2,2011-06-19,PT15G,5,1,4,5,PT
2351.39702,2010,F,INT,112,114,55,90,19.8,2012-06-01,PT08K,5,1,3,3,PT
2351.39702,2010,F,INT,112,114,55,90,19.8,2012-06-01,PT01J,5,1,5,5,PT
2351.39702,2010,F,BLU,110,112,55,89,20,2012-06-01,PT08K,5,1,3,3,PT
2351.39702,2010,F,BLU,110,112,55,89,20,2012-06-01,PT01J,5,1,5,5,PT
2351.39702,2012,F,BLU,112,117,56,91,20.9,2012-05-31,PT16F,7,1,6,6,PT
2351.39702,2012,F,BLU,112,117,56,91,20.9,2012-05-31,PT02F,6,1,0,6,PT
2351.39702,2012,F,BLU,115,118,56,90,18.5,2012-06-08,PT16F,7,1,6,6,PT
2351.39702,2012,F,BLU,115,118,56,90,18.5,2012-06-08,PT02F,6,1,0,6,PT
2351.39704,2010,M,BLU,117,118,54,92,20.5,2012-06-01,PT01J,5,1,5,5,PT
2351.39704,2012,M,BLU,121,126,57,96,20.5,2012-06-02,PT01J,6,1,6,6,PT
2351.39705,2010,F,BLU,117,118,44,93,21.5,2013-06-01,PT05J,4,1,4,4,PT
2351.39705,2011,F,BLU,113,116,54,90,19.8,2011-06-20,PT14J,6,1,6,6,PT
2351.39705,2012,F,BLU,118,120,54,91,22,2012-06-07,PT15J,6,1,5,6,PT
2351.39707,2010,F,BLU,111,112,54,88,18.5,2015-06-01,PT10I,5,1,5,5,PT
2351.39707,2011,F,BLU,112,115,56,89,18.1,2011-06-19,PT08J,7,1,4,5,PT
2351.39707,2012,F,BLU,116,119,52,91,19.6,2012-06-07,PT11I,7,1,3,3,PT
2351.39708,2011,F,BLU,111,114,54,88,20.9,2011-06-17,PT16H,6,1,3,3,PT
2351.39708,2012,F,BLU,113,116,54,92,22.08,2012-06-04,PT15I,6,1,4,6,PT
2351.39709,2010,F,BLU,118,120,55,93,22,2015-06-01,PT11H,6,1,6,6,PT
2351.3971,2010,M,BLU,120,121,55,94,21.25,2015-06-01,PT16J,6,1,5,6,PT
2351.3971,2011,M,BLU,117,120,58,91,21.2,2011-06-20,PT16J,7,1,6,6,PT
2351.39711,2010,F,BLU,111,112,56,88,21.2,2017-06-01,PT01I,5,1,5,4,PT
2351.39712,2010,M,BLU,119,120,56,97,23.2,2017-06-01,PT07G,5,1,5,5,PT
2351.39712,2012,M,BLU,121,123,57,98,22.61,2012-06-02,PT07F,6,1,6,6,PT
2351.39713,2010,M,BLU,121,122,58,97,21,2017-06-01,PT09J,6,1,6,6,PT
2351.39713,2011,M,BLU,121,123,59,96,20.6,2011-06-19,PT08J,7,1,4,5,PT
2351.39713,2012,M,BLU,122,126,58,99,19.69,2012-06-04,PT08J,6,1,5,5,PT
2351.39714,2010,M,BLU,117,120,60,93,20,2017-06-01,PT09K,5,1,5,5,PT
2351.39714,2011,M,BLU,119,122,57,95,20,2011-06-17,PT09K,5,1,4,5,PT
2351.39714,2012,M,BLU,121,124,59,98,21,2012-06-02,PT09K,7,1,7,7,PT
2351.39715,2010,F,BLU,110,112,54,86,22.5,2017-06-01,PT14H,6,1,0,6,PT
2351.39716,2010,F,BLU,114,115,52,88,18.9,2017-06-01,PT18E,6,1,4,4,PT
2351.39716,2011,F,BLU,112,114,55,90,20.07,2011-06-14,PT08G,4,1,7,4,PT
2351.39717,2010,F,BLU,117,118,55,92,21.5,2018-06-01,PT04I,5,1,5,5,PT
2351.39717,2011,F,BLU,116,118,56,90,21.5,2011-06-19,PT04I,6,1,5,5,PT
2351.39717,2012,F,BLU,117,119,57,93,21.79,2012-06-05,PT04I,6,1,5,6,PT
2351.39728,2010,F,BRO,116,117,54,90,21,2020-06-01,PT14F,6,1,6,6,PT
2351.39738,2011,M,BLU,118,121,55,93,20.5,2011-06-20,PT14I,7,1,6,7,PT
2351.39752,2012,M,BLU,122,124,55,100,22.73,2012-06-02,PT05G,6,1,5,5,PT
2351.39761,2011,M,BLU,113,115,52,88,19.3,2011-06-20,PT10K,6,1,6,6,PT
2351.39761,2012,M,BLU,119,121,53,91,19.7,2012-06-12,PT09J,7,1,6,6,PT
2351.39764,2011,M,BLU,115,116,53,88,21,2011-06-22,PT10J,6,1,5,5,PT
2351.39766,2011,M,BLU,115,117,56,90,20.37,2011-06-13,PT05G,6,1,4,4,PT
2351.39766,2012,M,BLU,118,122,59,103,21.38,2012-06-02,PT08G,6,1,5,5,PT
2351.39808,2012,F,BLU,112,115,53,90,22.21,2012-06-04,PT13G,5,1,5,5,PT
2351.39809,2012,M,BLU,116,123,55,94,20.7,2012-06-02,PT04J,7,1,7,7,PT
2351.39829,2012,F,INT,117,119,53,89,18.3,2012-06-14,PT17G,6,1,5,6,PT
2351.39829,2012,F,INT,117,119,53,89,18.3,2012-06-14,PT17G,6,1,5,6,PT
2351.39829,2012,F,BLU,112,116,54,91,19.67,2012-06-04,PT17G,6,1,5,6,PT
2351.39829,2012,F,BLU,112,116,54,91,19.67,2012-06-04,PT17G,6,1,5,6,PT
2351.39846,2012,M,BLU,115,118,57,92,21,2012-06-05,PT10H,6,1,6,6,PT
2351.39899,2011,M,BLU,114,117,56,91,17,2011-06-17,PT08G,4,1,7,4,PT
2351.39935,2012,F,BLU,116,119,55,91,21.3,2012-06-09,PT07K,6,1,6,6,PT
2351.93958,2011,F,BLU,116,117,55,95,19.3,2011-06-15,SL67,5,1,3,3,SL
2401.73078,2012,M,BLU,118,122,54,94,19.61,2012-06-04,PT10K,6,1,6,6,PT
2401.77101,2011,F,BLU,111,114,54,89,19.1,2011-06-09,MC17,7,1,5,6,MC
2401.77104,2011,F,BLU,112,116,55,91,21.2,2011-06-11,MC59,6,1,6,6,MC
2401.77104,2012,F,BLU,111,115,57,86,20.4,2012-06-07,SL49,5,1,5,5,SL
2401.77107,2011,M,BLU,114,116,55,96,20.9,2011-06-12,MC02,6,1,5,5,MC
2401.77107,2012,M,BLU,115,116,58,95,19.3,2012-06-14,MC65,6,1,5,5,MC
2401.77108,2011,M,BLU,118,121,56,93,20.5,2011-06-07,MC05,5,1,5,5,MC
2401.77109,2011,M,BLU,115,116,52,88,21.5,2011-06-11,MC59,6,1,6,6,MC
2401.77109,2012,M,BLU,113,115,56,90,21.8,2012-07-02,MC80,4,2,0,4,MC
2401.77112,2012,F,BLU,109,111,54,84,20,2012-06-02,MC39,5,1,5,5,MC
2401.77114,2011,M,BLU,112,114,55,88,19.6,2011-06-12,MC64,5,1,4,4,MC
2401.77114,2012,M,BLU,114,118,60,92,20.3,2012-06-06,MC79,6,1,5,5,MC
2401.77116,2011,M,BLU,116,119,56,91,20.9,2011-06-13,MC76,5,1,4,4,MC
2401.77119,2011,F,INT,114,116,56,89,18.84,2011-06-02,MC40,5,1,4,4,MC
2401.7712,2011,M,BLU,117,121,57,94,21.87,2011-06-02,MC31,5,1,0,5,MC
2401.7712,2012,M,BLU,115,117,55,93,20.4,2012-06-06,MC26,6,1,5,5,MC
2401.77121,2011,F,BLU,112,115,52,89,21.7,2011-06-04,MC62,4,1,2,3,MC
2401.77121,2012,F,BLU,115,119,57,89,19.7,2012-06-06,MC67,3,1,0,0,MC
2401.77122,2011,F,BLU,112,115,54,87,22.5,2011-06-05,MC45,6,1,4,4,MC
2401.77122,2012,F,BLU,114,117,53,97,22.7,2012-05-30,MC55,6,1,6,6,MC
2401.77123,2011,M,BLU,114,119,56,88,20.7,2011-06-07,MC62,4,1,2,3,MC
2401.77123,2012,M,BLU,119,122,55,93,21.7,2012-06-06,MC02,6,1,3,6,MC
2401.77124,2011,M,BLU,118,121,56,91,21,2011-06-07,MC27,3,1,1,2,MC
2401.77124,2012,M,BLU,118,121,57,96,19.1,2012-06-21,MC68,5,1,3,3,MC
2401.77125,2011,F,BLU,112,114,53,90,22,2011-06-07,MC04,5,1,4,5,MC
2401.77126,2011,F,BLU,113,115,53,92,22,2011-06-09,MC36,4,1,4,4,MC
2401.77127,2011,F,BRO,109,112,53,89,22.4,2011-06-09,MC69,5,1,4,4,MC
2401.77127,2012,F,BLU,112,114,52,88,22.5,2012-05-31,MC31,6,1,5,5,MC
2401.77128,2011,F,INT,111,113,52,90,19.3,2011-06-10,MC80,6,1,3,5,MC
2401.77128,2011,F,BLU,110,114,54,86,18.5,2011-06-11,MC80,6,1,3,5,MC
2401.77128,2012,F,BLU,113,116,54,90,18.7,2012-06-06,MC54,6,1,5,5,MC
2401.77129,2011,M,BLU,114,118,53,90,20.3,2011-06-10,MC17,7,1,5,6,MC
2401.77129,2012,M,BLU,116,118,58,91,20.5,2012-06-06,MC54,6,1,5,5,MC
2401.7713,2012,M,BLU,120,122,58,97,21.9,2012-06-06,MC28,4,1,2,4,MC
2401.77131,2011,M,BLU,117,119,55,93,20.7,2011-06-10,MC24,5,1,4,4,MC
2401.77131,2012,M,BLU,121,124,55,96,21.3,2012-06-06,MC19,6,1,3,6,MC
2401.77132,2011,F,BLU,108,110,52,84,20.2,2011-06-11,MC75,4,1,2,2,MC
2401.77132,2012,F,BLU,115,117,53,87,21.5,2012-06-02,MC75,5,1,3,3,MC
2401.77133,2011,F,BLU,115,117,58,88,22.9,2011-06-11,MC65,5,1,5,5,MC
2401.77134,2011,M,BLU,114,116,54,89,18.7,2011-06-11,MC80,6,1,3,5,MC
2401.77135,2011,M,BLU,118,121,57,90,22.2,2011-06-11,MC38,6,1,5,5,MC
2401.77135,2012,M,BLU,118,124,49,98,24,2012-05-30,MC42,3,1,3,3,MC
2401.77136,2011,M,BLU,119,121,55,95,20.2,2011-06-12,MC03,6,1,4,4,MC
2401.77136,2011,M,BLU,118,120,55,92,20.2,2011-06-11,MC03,6,1,4,4,MC
2401.77136,2012,M,BLU,119,120,57,92,19.2,2012-06-14,MC03,6,1,4,4,MC
2401.77137,2011,M,BLU,118,120,51,92,20.6,2011-06-11,MC65,5,1,5,5,MC
2401.77138,2011,F,BLU,114,115.5,54,91,19,2011-06-12,MC56,5,1,3,4,MC
2401.77138,2011,F,BLU,112,114,54,93,19,2011-06-17,MC56,5,1,3,4,MC
2401.77138,2011,F,BLU,112,113,56,88,19.4,2011-06-11,MC56,5,1,3,4,MC
2401.77138,2012,F,BLU,111,115,51,93,21.1,2012-05-30,MC43,6,1,6,6,MC
2401.77139,2011,M,BLU,119,122,57,93,22.5,2011-06-11,MC14,6,1,4,5,MC
2401.7714,2011,M,BLU,121,122,56,97,21.3,2011-06-12,MC77,4,1,1,1,MC
2401.7714,2012,M,BLU,120,125,57,97,20.5,2012-06-06,MC16,6,1,2,5,MC
2401.77141,2011,F,INT,116,117,60,94,20.8,2011-06-12,MC77,4,1,1,1,MC
2401.77141,2012,F,BLU,117,120,56,90,18.9,2012-06-06,MC47,5,1,0,4,MC
2401.77142,2011,F,BLU,114,116,56,89,19.5,2011-06-12,MC52,7,1,5,5,MC
2401.77143,2011,F,BLU,115,119,56,93,20,2011-06-12,MC58,6,1,6,6,MC
2401.77144,2011,F,BLU,112,115,55,90,20.9,2011-06-12,MC72,6,1,5,6,MC
2401.77144,2012,F,BLU,112,114,56,90,19.8,2012-06-02,MC33,6,1,4,4,MC
2401.77145,2011,F,BLU,112,115,55,89,19.5,2011-06-12,MC21,6,1,6,6,MC
2401.77146,2011,F,BLU,114,116,58,90,20.5,2011-06-12,MC23,5,1,5,4,MC
2401.77147,2011,M,BLU,118,120,55,91,20.8,2011-06-12,MC78,5,1,4,3,MC
2401.77147,2012,M,BLU,117,119,59,94,20.5,2012-06-08,MC36,6,1,3,5,MC
2401.77148,2011,M,BLU,122,125,51,97,19.9,2011-06-12,MC20,5,1,1,3,MC
2401.77149,2011,M,BLU,118,119,55,90,20.2,2011-06-12,MC21,6,1,6,6,MC
2401.77149,2012,M,BLU,118,121,55,95,20.5,2012-06-06,MC40,6,1,3,3,MC
2401.7715,2011,F,BRO,110,112,52,89,22.8,2011-06-12,MC67,4,2,3,3,MC
2401.77151,2011,F,BLU,112,116,54,90,20.9,2011-06-12,MC15,6,1,6,6,MC
2401.77152,2011,M,BLU,116,118,55,97,20.9,2011-06-12,MC53,4,1,4,4,MC
2401.77153,2011,F,INT,111,113,55,90,18.55,2011-06-12,MC53,4,1,4,4,MC
2401.77153,2012,F,BLU,111,114,54,89,21.4,2012-05-29,MC56,5,1,5,5,MC
2401.77154,2011,M,BLU,115,119,54,91,18.4,2011-06-13,MC22,4,1,2,4,MC
2401.77154,2012,M,BLU,111,117,54,92,19,2012-06-08,MC22,5,1,3,5,MC
2401.77155,2011,F,BLU,110,112,54,88,20.3,2011-06-13,MC25,5,1,5,5,MC
2401.77155,2012,F,BLU,114,116,52,91,19.8,2012-06-06,MC02,6,1,3,6,MC
2401.77156,2011,M,BLU,117,120,56,92,21.2,2011-06-13,MC54,5,1,5,5,MC
2401.77156,2012,M,BLU,118,120,59,95,22.1,2012-05-31,MC52,4,1,4,4,MC
2401.77157,2011,F,INT,111,114,54,90,19.7,2011-06-14,MC48,5,1,3,3,MC
2401.77157,2012,F,BLU,110,112,54,87,18.2,2012-06-08,MC41,6,1,6,6,MC
2401.77158,2011,M,BLU,113,115,48,89,18.5,2011-06-14,MC48,5,1,3,3,MC
2401.77158,2012,M,BLU,115,117,53,91,18.6,2012-06-08,MC41,6,1,6,6,MC
2401.77159,2011,M,BLU,118,120,57,85,21.4,2011-06-14,MC67,4,2,3,3,MC
2401.7716,2011,F,BLU,111,114,52,86,19.2,2011-06-14,MC12,5,1,4,4,MC
2401.7716,2012,F,BLU,109,113,55,89,20.4,2012-06-06,MC06,7,1,5,7,MC
2401.77161,2011,M,BLU,115,118,53,89,21.1,2011-06-17,MC29,5,1,4,5,MC
2401.77161,2012,M,BLU,119,121,57,89,21.7,2012-05-30,MC29,5,1,3,3,MC
2401.77162,2011,F,INT,113,116,49,87,20.5,2011-06-18,MC51,3,2,2,2,MC
2401.77162,2012,F,BLU,117,119,51,92,23.4,2012-05-30,MC42,3,1,3,3,MC
2401.77163,2012,F,BLU,113,115,57,90,20.4,2012-06-16,MC72,5,1,5,5,MC
2401.77164,2012,F,BLU,110,113,53,91,20.3,2012-06-03,SL30,7,1,6,6,SL
2401.77165,2012,F,BLU,112,116,59,93,19.8,2012-06-06,MC19,6,1,3,6,MC
2401.77168,2012,M,BLU,116,120,55,90,19.3,2012-06-08,MC01,2,2,2,2,MC
2401.7717,2012,M,BLU,116,121,48,92,21.1,2012-05-30,MC55,6,1,6,6,MC
2401.77171,2012,M,BLU,121,123,58,97,21.9,2012-05-31,MC74,6,1,3,6,MC
2401.77172,2012,F,BLU,116,120,55,88,22.7,2012-05-31,MC34,3,1,3,3,MC
2401.77173,2012,M,BLU,118,122,54,93,19.5,2012-06-02,MC10,6,1,6,6,MC
2401.77174,2012,F,BLU,120,124,54,94,20.6,2012-06-02,MC10,6,1,6,6,MC
2401.77175,2012,M,BLU,117,118,54,94,19.9,2012-06-02,MC75,5,1,3,3,MC
2401.77176,2012,M,BLU,116,118,59,93,19.5,2012-06-02,MC15,6,1,3,3,MC
2401.77177,2012,F,BLU,114,119,55,92,18.9,2012-06-02,MC77,6,1,5,5,MC
2401.77178,2012,M,BLU,122,125,58,97,21.8,2012-06-03,SL25,6,1,4,4,SL
2401.77179,2012,F,BLU,118,120,52,95,20.9,2012-06-04,MC14,2,1,1,1,MC
2401.77181,2012,F,BLU,114,117,57,90,19.9,2012-06-04,MC60,6,1,3,4,MC
2401.77182,2012,F,BLU,116,118,62,93,19.7,2012-06-06,MC36,6,1,3,5,MC
2401.77183,2012,F,BLU,112,116,53,90,18.7,2012-06-06,MC26,6,1,5,5,MC
2401.77184,2012,F,BLU,108,112,53,88,20.2,2012-06-06,MC16,6,1,2,5,MC
2401.77185,2012,M,BLU,113,119,56,90,20.8,2012-06-06,MC06,7,1,5,7,MC
2401.77186,2012,F,BLU,112,116,56,94,20.2,2012-06-06,MC28,4,1,2,4,MC
2401.77187,2012,F,BLU,112,116,53,88,19.2,2012-06-06,MC40,6,1,3,3,MC
2401.77188,2012,M,BLU,115,119,60,92,21.4,2012-06-06,MC37,5,1,4,5,MC
2401.7719,2012,M,BLU,116,120,56,95,19.9,2012-06-08,MC70,5,1,2,2,MC
2401.77191,2012,F,INT,108,112,53,89,19.1,2012-06-08,MC70,5,1,2,2,MC
2401.77192,2012,F,BRN,114,118,54,92,21.6,2012-06-08,MC22,5,1,3,5,MC
2401.77193,2012,F,BLU,111,113,55,88,18.5,2012-06-09,MC18,5,1,3,3,MC
2401.77194,2012,F,BLU,118,118,58,93,21.5,2012-06-09,MC59,2,1,0,0,MC
2401.77196,2012,F,BLU,111,112,52,87,19.4,2012-06-12,MC07,4,1,3,4,MC
2401.77198,2012,M,BLU,114,116,50,89,21.1,2012-06-14,MC46,6,1,2,6,MC
2401.77199,2012,F,BLU,114,115,54,90,19.1,2012-06-14,MC46,6,1,2,6,MC
2401.772,2012,F,BRN,111,113,54,86,18.8,2012-06-14,MC51,3,1,0,3,MC
2401.77201,2011,F,INT,115,117,53,94,20.2,2011-06-13,SL45,6,1,3,4,SL
2401.77202,2011,F,BLU,110,111,53,89,18.3,2011-06-13,SL10,6,1,0,5,SL
2401.77202,2012,F,BLU,114,114,55,89,19.5,2012-05-30,SL01,6,1,0,5,SL
2401.77203,2011,M,BLU,117,119,57,91,20.9,2011-06-13,SL16,5,1,4,5,SL
2401.77203,2012,M,BLU,119,122,61,95,21.3,2012-06-05,SL14,5,1,5,5,SL
2401.77204,2011,M,BLU,115,117,55,92,21,2011-06-13,SL03,6,1,5,6,SL
2401.77205,2011,F,BLU,114,116,53,91,20.3,2011-06-13,SL07,7,1,6,7,SL
2401.77205,2012,F,BLU,115,117,56,89,20.9,2012-06-04,SL24,6,1,3,5,SL
2401.77206,2011,F,INT,110,112,56,90,20.5,2011-06-13,SL03,6,1,5,6,SL
2401.77206,2012,F,BLU,115,117,61,92,19.4,2012-06-09,SL66,6,1,6,6,SL
2401.77207,2011,F,BLU,121,123,55,95,19.2,2011-06-13,SL65,6,1,5,5,SL
2401.77208,2011,M,BLU,114,116,57,90,19.2,2011-06-13,SL65,6,1,5,5,SL
2401.77209,2011,M,BLU,119,120,57,87,19.8,2011-06-15,SL49,6,1,5,6,SL
2401.77209,2012,M,BLU,114,116,60,93,21.3,2012-06-07,SL49,5,1,5,5,SL
2401.7721,2011,M,BLU,114,117,54,90,20.9,2011-06-15,SL62,6,1,5,5,SL
2401.7721,2012,M,BLU,118,119,53,90,21.8,2012-06-07,SL50,6,1,5,5,SL
2401.77211,2012,M,BLU,116,119,56,94,20.1,2012-06-09,SL53,5,1,4,4,SL
2401.77213,2011,F,INT,116,118,59,91,21,2011-06-17,SL66,6,1,2,5,SL
2401.77213,2012,F,BLU,114,116,56,91,20.6,2012-06-15,SL35,6,1,1,1,SL
2401.77215,2012,M,BLU,122,124,57,94,21.8,2012-05-30,SL40,5,2,5,5,SL
2401.77215,2012,M,BLU,122,124,57,94,21.8,2012-05-30,SL40,5,2,5,5,SL
2401.77215,2012,M,BLU,124,127,59,97,20.7,2012-06-27,SL40,5,2,5,5,SL
2401.77215,2012,M,BLU,124,127,59,97,20.7,2012-06-27,SL40,5,2,5,5,SL
2401.77216,2011,M,BLU,120,122,54,97,20.5,2011-06-17,SL23,6,1,2,2,SL
2401.77217,2011,F,BRO,112,114,55,88,20.5,2011-06-17,SL28,5,1,3,5,SL
2401.77218,2011,F,BRO,110,112,52,89,19.4,2011-06-17,SL43,4,1,0,1,SL
2401.77219,2011,M,BLU,109,111,56,89,21.8,2011-06-19,SL26,5,1,4,5,SL
2401.77219,2012,M,BLU,118,119,58,95,22.2,2012-06-04,SL76,5,1,3,3,SL
2401.7722,2012,F,BLU,113,116,55,87,20.8,2012-06-02,MC23,6,1,5,6,MC
2401.7722,2012,F,BLU,114,118,56,91,19.7,2012-06-06,MC23,6,1,5,6,MC
2401.77221,2012,F,BLU,111,115,53,89,22,2012-05-28,SL68,6,1,6,6,SL
2401.77222,2012,F,BLU,116,118,56,92,22.7,2012-05-30,SL14,5,1,5,5,SL
2401.77223,2012,F,BLU,116,117,59,89,21.8,2012-05-30,SL72,6,1,6,6,SL
2401.77224,2012,F,BLU,119,120,58,94,22,2012-05-30,SL13,7,1,7,7,SL
2401.77225,2012,F,BLU,115,117,57,91,21.3,2012-05-30,SL73,6,1,6,6,SL
2401.77226,2012,M,BLU,116,119,53,88,21.1,2012-05-30,SL39,5,1,2,5,SL
2401.77227,2012,M,BLU,115,117,52,89,20.6,2012-05-30,SL60,6,1,5,5,SL
2401.77228,2012,F,BLU,116,118,52,91,22.2,2012-05-31,SL09,5,1,4,4,SL
2401.77229,2012,M,BLU,118,119,59,104,20.7,2012-06-02,MC53,5,1,5,5,MC
2401.77231,2012,M,BLU,116,118,53,89,21,2012-06-02,MC58,5,1,5,5,MC
2401.77232,2012,M,BLU,117,122,56,93,22.7,2012-06-03,SL48,5,1,3,4,SL
2401.77233,2012,M,BLU,117,120,55,92,21.3,2012-06-03,SL44,7,1,5,6,SL
2401.77234,2012,F,BLU,110,114,51,90,20.2,2012-06-03,SL48,5,1,3,4,SL
2401.77235,2012,M,BLU,112,118,54,94,22,2012-06-03,SL47,6,1,5,5,SL
2401.77236,2012,F,BLU,113,116,53,88,21.7,2012-06-03,SL44,7,1,5,6,SL
2401.77237,2012,F,BLU,108,113,58,87,19.5,2012-06-03,SL42,6,1,6,6,SL
2401.77238,2012,M,BLU,116,119,55,89,20.1,2012-06-03,SL41,5,1,5,5,SL
2401.77239,2012,M,BLU,120,123,57,96,21.8,2012-06-03,SL26,6,1,6,6,SL
2401.77239,2012,M,BLU,120,123,57,96,21.8,2012-06-03,SL26,6,1,6,6,SL
2401.77239,2012,M,BLU,122,125,60,97,20.4,2012-06-09,SL26,6,1,6,6,SL
2401.77239,2012,M,BLU,122,125,60,97,20.4,2012-06-09,SL26,6,1,6,6,SL
2401.7724,2012,M,BLU,118,119,57,90,20.7,2012-06-04,SL58,6,1,0,6,SL
2401.77241,2012,F,BLU,115,116,56,94,19.5,2012-06-04,SL03,6,1,5,5,SL
2401.77242,2012,M,BLU,119,121,55,95,20.8,2012-06-04,SL24,6,1,3,5,SL
2401.77243,2012,M,BLU,117,119,58,95,20.5,2012-06-04,SL07,6,1,6,6,SL
2401.77244,2012,F,BLU,110,111,56,87,18.7,2012-06-05,SL34,6,1,6,6,SL
2401.77245,2012,M,BLU,119,121,56,95,21.5,2012-06-05,SL27,6,1,5,5,SL
2401.77246,2012,F,BLU,115,118,59,95,21.3,2012-06-05,SL71,6,1,6,6,SL
2401.77249,2012,M,BLU,115,117,56,94,20.5,2012-06-07,SL64,4,1,3,4,SL
2401.7725,2012,M,BLU,115,117,55,96,22.5,2012-06-07,SL10,5,1,4,4,SL
2401.77251,2012,F,BLU,111,113,55,89,21.1,2012-06-07,SL02,7,1,7,7,SL
2401.77252,2012,F,BLU,115,117,55,92,20.3,2012-06-07,SL59,7,1,4,4,SL
2401.77253,2012,M,BLU,112,115,55,90,19.3,2012-06-08,SL78,6,1,6,6,SL
2401.77254,2012,M,BLU,117,118,57,95,20.7,2012-06-08,SL77,6,1,6,6,SL
2401.77255,2012,F,BLU,111,114,54,89,19.6,2012-06-09,SL43,5,1,1,1,SL
2401.77256,2012,M,BLU,116,119,54,92,19,2012-06-09,SL59,7,1,4,4,SL
2401.77259,2012,M,BLU,110,116,56,87,19.1,2012-06-15,SL31,6,1,5,5,SL
2401.77261,2012,M,BLU,117,121,56,94,19.9,2012-06-16,MC45,6,1,2,4,MC
2401.77262,2012,F,INT,110,113,54,87,18,2012-06-16,MC45,6,1,2,4,MC
2401.77263,2012,M,BLU,118,121,57,94,20.4,2012-06-16,MC72,5,1,5,5,MC
2401.77264,2012,F,BLU,114,117,57,89,18.7,2012-06-16,MC69,5,1,4,5,MC
2401.77268,2012,F,BLU,109,111,54,84,19.3,2012-06-30,MC50,5,1,5,5,MC
2401.77269,2012,M,BLU,115,118,57,95,20.1,2012-06-30,MC50,5,1,5,5,MC
2401.77523,2011,M,BLU,116,118,53,92,19.2,2011-06-17,SL66,6,1,2,5,SL
2401.77523,2012,M,BLU,118,119,53,93,20.1,2012-06-09,SL66,6,1,6,6,SL
2401.77543,2012,M,BLU,119,122,62,96,19.7,2012-06-14,MC07,4,1,3,4,MC
2401.77578,2012,M,BLU,115,116,53,91,19.9,2012-06-09,MC18,5,1,3,3,MC
2401.77598,2012,M,BLU,117,119,57,94,19.8,2012-06-04,MC34,3,1,3,3,MC
2401.77639,2011,M,BLU,116,119,56,92,19.8,2011-06-14,MC12,5,1,4,4,MC
2401.77639,2012,M,BLU,112,114,57,88,20.5,2012-06-14,MC05,5,1,2,2,MC
2401.77683,2012,M,BLU,127,130,57,100,22.5,2012-06-02,MC64,6,1,2,6,MC
2401.77777,2011,M,BLU,115,117,56,94,18.3,2011-06-15,SL67,5,1,3,3,SL
2401.77777,2012,M,BLU,123,124,51,99,20.2,2012-06-02,SL67,6,1,3,4,SL
2401.77842,2012,M,BLU,120,122,59,92,20,2012-06-14,MC69,5,1,4,5,MC
2401.7785,2011,F,BRO,107,109,53,84,18.7,2011-06-13,MC22,4,1,2,4,MC
2401.77884,2012,M,BLU,119,120,60,95,21.5,2012-06-14,MC14,2,1,1,1,MC
2401.77963,2012,F,BLU,113,115,56,91,19.9,2012-05-31,MC52,4,1,4,4,MC
2401.78048,2011,M,BLU,122,124,58,94,21.51,2011-06-12,PT12J,7,1,3,3,PT
2401.78048,2012,M,BLU,121,126,58,100,20.3,2012-06-02,PT12J,6,1,6,6,PT
2401.78049,2012,F,BLU,123,126,57,93,19.67,2012-06-04,PT13J,7,1,6,6,PT
2401.7805,2011,F,BLU,115,117,57,94,21.51,2011-06-13,PT11J,6,1,5,6,PT
2401.78051,2011,M,BLU,117,120,54,93,20.09,2011-06-13,PT11J,6,1,5,6,PT
2401.78051,2012,M,BLU,119,121,53,94,20.35,2012-06-02,PT11J,6,1,5,5,PT
2401.78052,2011,F,INT,110,112,52,85,19.54,2011-06-13,PT11K,5,1,5,5,PT
2401.78052,2012,F,BLU,112,115,50,89,19.97,2012-06-02,PT11J,6,1,5,5,PT
2401.78053,2011,M,BLU,119,121,54,93,21.92,2011-06-13,PT09H,6,1,6,6,PT
2401.78053,2012,M,BLU,116,119,51,92,22.02,2012-06-02,PT09H,7,1,6,6,PT
2401.78056,2011,F,BLU,110,112,52,86,22.09,2011-06-13,PT05G,6,1,4,4,PT
2401.78056,2012,F,BLU,110,114,53,92,19.2,2012-06-02,PT08G,6,1,5,5,PT
2401.78057,2011,F,BLU,113,115,54,90,20.49,2011-06-13,PT19F,6,1,1,5,PT
2401.78058,2011,F,INT,116,118,59,92,20.92,2011-06-14,PT16I,6,1,0,2,PT
2401.78058,2011,F,INT,116,118,59,92,20.92,2011-06-14,PT03J,5,1,0,3,PT
2401.78058,2011,F,INT,116,118,59,92,21.02,2011-06-14,PT16I,6,1,0,2,PT
2401.78058,2011,F,INT,116,118,59,92,21.02,2011-06-14,PT03J,5,1,0,3,PT
2401.78059,2011,F,BLU,116,118,58,91,20.64,2011-06-14,PT05J,4,1,2,2,PT
2401.7806,2011,M,BLU,116,118,57,95,21.16,2011-06-14,PT03J,5,1,0,3,PT
2401.7806,2012,M,BLU,118,122,59,95,21.1,2012-06-02,PT03J,5,1,4,4,PT
2401.78061,2011,F,BLU,116,118,53,92,24.18,2011-06-14,PT13J,6,1,3,4,PT
2401.78062,2011,F,BLU,110,112,54,88,20.06,2011-06-14,PT11I,6,1,5,5,PT
2401.78062,2012,F,BLU,112,115,52,88,19.9,2012-05-31,PT10K,6,1,6,6,PT
2401.78064,2011,F,BLU,110,112,53,86,20.71,2011-06-14,PT04G,6,1,5,5,PT
2401.78064,2012,F,BLU,112,115,54,89,20.98,2012-06-04,PT09H,7,1,6,6,PT
2401.78065,2011,M,BLU,114,117,54,91,19.2,2011-06-15,PT01J,6,1,4,5,PT
2401.78066,2011,M,BLU,116,119,56,90,18.9,2011-06-16,PT14H,6,1,0,5,PT
2401.78067,2011,M,BLU,114,117,56,90,18.8,2011-06-16,PT10H,6,1,5,5,PT
2401.78068,2011,F,INT,110,113,54,85,18.5,2011-06-17,PT12G,6,1,0,6,PT
2401.78068,2012,F,BLU,115,117,57,89,21.1,2012-06-08,PT12G,7,1,6,6,PT
2401.78069,2011,F,BLU,112,117,56,88,18.5,2011-06-17,PT18G,11,2,11,11,PT
2401.78071,2011,M,BLU,115,117,55,91,19,2011-06-17,PT18G,11,2,11,11,PT
2401.78072,2011,F,INT,112,114,56,89,20.5,2011-06-19,PT15G,5,1,4,5,PT
2401.78072,2012,F,BLU,114,117,57,92,21.99,2012-06-05,PT14F,5,1,4,4,PT
2401.78073,2012,M,BLU,121,123,56,94,20.3,2012-06-09,PT06J,6,1,4,5,PT
2401.78078,2011,M,BLU,116,117,53,90,19.5,2011-06-20,PT12I,5,1,3,3,PT
2401.78079,2011,F,BLU,113,115,57,89,20.1,2011-06-20,PT19E,12,1,3,10,PT
2401.7808,2011,F,BLU,120,124,54,86,20.4,2011-06-20,PT12I,5,1,3,3,PT
2401.7808,2012,F,BLU,112,115,54,89,20.93,2012-06-05,PT13H,6,1,5,5,PT
2401.78081,2011,M,BLU,116,119,57,90,19.5,2011-06-20,PT10G,7,1,5,6,PT
2401.78081,2012,M,BLU,117,119,55,93,20.63,2012-06-04,PT10G,7,1,6,6,PT
2401.78082,2011,F,INT,117,119,58,91,20.6,2011-06-20,PT10G,7,1,5,6,PT
2401.78083,2011,F,BLU,114,117,55,89,20.4,2011-06-20,PT12H,6,1,4,4,PT
2401.78083,2012,F,BLU,116,119,55,94,20.3,2012-06-02,PT08K,7,1,7,7,PT
2401.78084,2011,M,BLU,115,117,55,90,20.9,2011-06-20,PT13H,6,1,5,5,PT
2401.78084,2011,M,BLU,115,117,55,90,20.9,2011-06-20,PT12H,6,1,4,4,PT
2401.78085,2011,F,BLU,112,116,56,87,20.8,2011-06-20,PT16J,7,1,6,6,PT
2401.78085,2012,F,BLU,118,120,55,92,21,2012-06-07,PT16J,6,1,5,5,PT
2401.78086,2011,M,BLU,120,124,54,95,22.2,2011-06-21,PT16F,6,1,1,6,PT
2401.78086,2012,M,BLU,123,126,59,99,21.85,2012-06-06,PT15F,6,1,5,5,PT
2401.78088,2012,F,BLU,114,117,51,92,21.4,2012-05-31,PT02J,6,1,6,6,PT
2401.78089,2012,F,BLU,113,117,55,90,21.2,2012-06-02,PT04J,7,1,7,7,PT
2401.7809,2012,F,BLU,113,115,51,92,25.62,2012-06-02,PT12J,6,1,6,6,PT
2401.78091,2012,M,BLU,122,127,58,102,19.94,2012-06-02,PT10I,6,1,6,6,PT
2401.78092,2012,M,BLU,120,121,56,97,21.96,2012-06-02,PT19F,7,1,7,7,PT
2401.78093,2012,F,BLU,116,119,55,94,23.02,2012-06-02,PT14H,6,1,6,6,PT
2401.78094,2012,F,BLU,111,114,50,88,21.28,2012-06-02,PT16H,6,1,5,6,PT
2401.78095,2012,M,BLU,117,119,54,90,20.1,2012-06-14,PT18E,6,1,6,6,PT
2401.78095,2012,M,BLU,114,119,55,92,21.5,2012-06-02,PT18E,6,1,6,6,PT
2401.78096,2012,F,BLU,119,121,57,97,22.1,2012-06-02,PT05G,6,1,5,5,PT
2401.78097,2012,F,BLU,113,116,54,90,21.4,2012-06-04,PT05J,5,1,4,5,PT
2401.78098,2012,F,BLU,112,116,55,90,20.29,2012-06-04,PT12I,7,1,5,6,PT
2401.78099,2012,F,BLU,116,120,58,92,22.53,2012-06-04,PT12H,6,1,6,6,PT
2401.781,2012,F,BLU,114,116,56,92,19.8,2012-06-04,PT15H,6,1,5,5,PT
2401.78143,2012,M,BLU,118,121,55,90,19.2,2012-06-12,PT16J,6,1,5,5,PT
2401.78144,2012,F,BRN,112,115,51,87,19.9,2012-06-10,PT07G,5,1,3,3,PT
2401.78145,2012,M,BLU,118,120,56,92,20.9,2012-06-07,PT11I,7,1,3,3,PT
2401.78329,2012,F,BLU,113,116,54,90,20.03,2012-06-04,PT15G,7,1,6,6,PT
2401.78331,2012,F,BLU,117,119,55,94,24.39,2012-06-04,PT09F,7,1,6,6,PT
2401.78333,2012,M,BLU,125,127,59,97,20.9,2012-06-07,PT14I,7,1,6,6,PT
2401.78334,2012,M,BLU,118,121,57,94,21.9,2012-06-07,PT15J,6,1,5,6,PT
2401.78335,2012,M,BLU,115,117,52,94,19.2,2012-06-08,PT16F,7,1,6,6,PT
2401.78336,2012,F,BLU,117,120,52,92,21.4,2012-06-08,PT19E,6,1,5,5,PT
2401.78337,2012,M,BLU,120,122,58,94,21,2012-06-08,PT19E,6,1,5,5,PT
2401.78338,2012,M,BLU,116,119,54,91,21.3,2012-06-08,PT18G,5,1,5,5,PT
2401.78339,2012,F,BLU,115,118,54,91,21.3,2012-06-08,PT18G,5,1,5,5,PT
2401.7834,2012,M,BLU,125,128,60,100,20.6,2012-06-09,PT07K,6,1,6,6,PT
2401.78341,2012,F,BLU,120,123,55,93,21.1,2012-06-09,PT06J,6,1,4,5,PT
2401.78343,2012,M,BLU,117,119,54,91,21.2,2012-06-09,PT14J,6,1,6,6,PT
2401.78578,2012,F,BLU,120,121,55,92,21.8,2012-06-14,PT12G,7,1,6,6,PT
2401.78578,2012,F,BRN,115,117,56,89,18.8,2012-06-15,PT12G,7,1,6,6,PT
2401.79845,2011,M,BLU,116,119,56,90,19.2,2011-06-17,PT14G,7,1,7,7,PT
2401.79845,2011,M,BLU,118,120,60,92,21.57,2011-06-14,PT14G,7,1,7,7,PT
2401.80038,2012,M,BLU,113,117,53,88,21.5,2012-06-03,SL30,7,1,6,6,SL
2401.801,2012,F,INT,114,115,53,91,20,2012-06-06,MC37,5,1,4,5,MC
2401.80114,2012,M,BLU,108,112,54,87,20.3,2012-06-09,SL43,5,1,1,1,SL
2401.80172,2012,F,BRN,108,109,52,84,19.3,2012-06-14,MC09,4,1,2,4,MC
2401.80301,2012,F,BLU,114,116,57,90,19.4,2012-06-14,MC03,6,1,4,4,MC
2401.80302,2012,F,BLU,113,116,56,91,19.3,2012-06-14,MC73,4,1,3,3,MC
2401.80303,2012,F,BLU,114,117,58,94,22.2,2012-06-14,MC30,6,1,4,5,MC
2401.80304,2012,M,BLU,115,118,55,89,20.7,2012-06-14,MC30,6,1,4,5,MC
2401.80305,2012,F,BLU,110,114,58,89,18.3,2012-06-21,MC35,5,1,2,4,MC
2401.80307,2012,F,BRN,112,115,53,91,18.9,2012-07-04,MC13,4,2,2,4,MC
2401.80308,2012,F,BRN,108,111,52,85,16.9,2012-07-04,MC01,5,1,0,2,MC
2401.88024,2012,F,INT,107,112,50,87,20.3,2012-06-03,SL64,4,1,3,4,SL
2410.78049,2011,F,INT,113,116,56,89,20.81,2011-06-12,PT12J,7,1,3,3,PT
2411.77211,2011,M,BLU,116,118,55,91,20.5,2011-06-15,SL53,6,1,4,4,SL
2411.77212,2011,M,BLU,110,115,55,94,18.5,2011-06-15,SL29,5,1,3,3,SL
2411.79113,2011,M,BLU,116,117,55,92,20.4,2011-06-10,MC04,5,1,4,5,MC
2511.65971,2012,M,BLU,120,122,53,92,19.9,2012-06-13,PT14F,5,1,4,4,PT
2511.6708,2012,M,BLU,119,121,55,91,21,2012-06-03,SL65,6,1,6,6,SL
2511.67204,2012,M,BLU,112,113,53,87,18.7,2012-06-07,SL55,7,1,6,6,SL
2511.67206,2012,F,BRN,107,109,56,85,20.4,2012-06-09,MC66,5,1,0,4,MC
2511.67209,2012,F,BRN,108,110,52,82,19.3,2012-06-15,SL31,6,1,5,5,SL
